node,activity_count,retweet_ratio,mention_ratio,reply_ratio,activity_span,is_active
1,0,0.0,0.0,0.0,0,0
2,1,1.0,0.0,0.0,0,1
3,1,1.0,0.0,0.0,0,1
4,15,0.4666666666666667,0.4666666666666667,0.06666666666666667,230389,1
5,0,0.0,0.0,0.0,0,0
6,1,0.0,1.0,0.0,0,1
7,1,0.0,1.0,0.0,0,1
8,0,0.0,0.0,0.0,0,0
10,1,1.0,0.0,0.0,0,1
15,0,0.0,0.0,0.0,0,0
17,0,0.0,0.0,0.0,0,0
19,1,0.0,1.0,0.0,0,1
24,0,0.0,0.0,0.0,0,0
26,0,0.0,0.0,0.0,0,0
27,0,0.0,0.0,0.0,0,0
31,4,0.5,0.5,0.0,7,1
32,3,0.0,0.6666666666666666,0.3333333333333333,0,1
33,2,0.0,0.5,0.5,0,1
34,2,1.0,0.0,0.0,3495,1
39,4,0.75,0.25,0.0,51729,1
42,0,0.0,0.0,0.0,0,0
43,0,0.0,0.0,0.0,0,0
44,0,0.0,0.0,0.0,0,0
45,1,0.0,1.0,0.0,0,1
46,1,1.0,0.0,0.0,0,1
47,2,0.5,0.5,0.0,34585,1
48,0,0.0,0.0,0.0,0,0
50,0,0.0,0.0,0.0,0,0
51,0,0.0,0.0,0.0,0,0
52,1,0.0,1.0,0.0,0,1
57,0,0.0,0.0,0.0,0,0
59,1,0.0,1.0,0.0,0,1
62,0,0.0,0.0,0.0,0,0
63,0,0.0,0.0,0.0,0,0
67,0,0.0,0.0,0.0,0,0
68,2,0.0,1.0,0.0,278482,1
69,1,0.0,1.0,0.0,0,1
71,6,0.5,0.5,0.0,386418,1
72,5,0.2,0.8,0.0,19188,1
74,1,1.0,0.0,0.0,0,1
77,0,0.0,0.0,0.0,0,0
78,0,0.0,0.0,0.0,0,0
80,0,0.0,0.0,0.0,0,0
81,2,0.5,0.5,0.0,0,1
83,1,1.0,0.0,0.0,0,1
85,0,0.0,0.0,0.0,0,0
86,0,0.0,0.0,0.0,0,0
88,21,0.14285714285714285,0.8571428571428571,0.0,348019,1
89,1,0.0,1.0,0.0,0,1
91,0,0.0,0.0,0.0,0,0
93,1,1.0,0.0,0.0,0,1
94,0,0.0,0.0,0.0,0,0
99,0,0.0,0.0,0.0,0,0
106,0,0.0,0.0,0.0,0,0
108,0,0.0,0.0,0.0,0,0
131,6,0.6666666666666666,0.16666666666666666,0.16666666666666666,148666,1
134,2,0.0,0.5,0.5,0,1
137,0,0.0,0.0,0.0,0,0
138,0,0.0,0.0,0.0,0,0
140,1,1.0,0.0,0.0,0,1
141,2,0.0,1.0,0.0,24404,1
143,0,0.0,0.0,0.0,0,0
145,1,0.0,1.0,0.0,0,1
146,1,0.0,1.0,0.0,0,1
147,1,1.0,0.0,0.0,0,1
148,3,1.0,0.0,0.0,85681,1
158,0,0.0,0.0,0.0,0,0
159,0,0.0,0.0,0.0,0,0
161,0,0.0,0.0,0.0,0,0
171,1,0.0,1.0,0.0,0,1
173,1,1.0,0.0,0.0,0,1
175,2,0.0,0.5,0.5,0,1
182,0,0.0,0.0,0.0,0,0
186,1,1.0,0.0,0.0,0,1
188,1,0.0,1.0,0.0,0,1
202,0,0.0,0.0,0.0,0,0
205,8,0.375,0.625,0.0,354812,1
206,0,0.0,0.0,0.0,0,0
209,0,0.0,0.0,0.0,0,0
211,0,0.0,0.0,0.0,0,0
213,3,0.0,1.0,0.0,39835,1
214,0,0.0,0.0,0.0,0,0
216,2,0.0,1.0,0.0,0,1
220,0,0.0,0.0,0.0,0,0
221,0,0.0,0.0,0.0,0,0
222,1,0.0,1.0,0.0,0,1
223,0,0.0,0.0,0.0,0,0
253,0,0.0,0.0,0.0,0,0
290,1,0.0,1.0,0.0,0,1
291,0,0.0,0.0,0.0,0,0
295,1,0.0,1.0,0.0,0,1
299,0,0.0,0.0,0.0,0,0
301,1,0.0,1.0,0.0,0,1
306,1,1.0,0.0,0.0,0,1
308,4,0.25,0.5,0.25,277810,1
317,1,0.0,1.0,0.0,0,1
318,0,0.0,0.0,0.0,0,0
320,0,0.0,0.0,0.0,0,0
322,1,0.0,1.0,0.0,0,1
323,0,0.0,0.0,0.0,0,0
326,3,0.3333333333333333,0.3333333333333333,0.3333333333333333,89638,1
327,0,0.0,0.0,0.0,0,0
330,1,1.0,0.0,0.0,0,1
331,1,1.0,0.0,0.0,0,1
333,0,0.0,0.0,0.0,0,0
334,0,0.0,0.0,0.0,0,0
335,0,0.0,0.0,0.0,0,0
339,3,0.6666666666666666,0.3333333333333333,0.0,52605,1
349,8,0.125,0.625,0.25,219364,1
350,0,0.0,0.0,0.0,0,0
352,0,0.0,0.0,0.0,0,0
353,0,0.0,0.0,0.0,0,0
354,1,1.0,0.0,0.0,0,1
355,1,1.0,0.0,0.0,0,1
356,0,0.0,0.0,0.0,0,0
357,0,0.0,0.0,0.0,0,0
358,0,0.0,0.0,0.0,0,0
360,10,0.8,0.2,0.0,201568,1
362,3,0.3333333333333333,0.3333333333333333,0.3333333333333333,6177,1
365,0,0.0,0.0,0.0,0,0
367,1,0.0,1.0,0.0,0,1
368,1,1.0,0.0,0.0,0,1
369,6,0.3333333333333333,0.6666666666666666,0.0,264825,1
370,1,1.0,0.0,0.0,0,1
371,2,0.5,0.5,0.0,0,1
372,0,0.0,0.0,0.0,0,0
373,3,0.0,1.0,0.0,0,1
374,0,0.0,0.0,0.0,0,0
375,0,0.0,0.0,0.0,0,0
376,5,0.6,0.4,0.0,267480,1
378,11,0.0,0.8181818181818182,0.18181818181818182,234234,1
379,1,1.0,0.0,0.0,0,1
381,0,0.0,0.0,0.0,0,0
383,2,0.5,0.5,0.0,0,1
385,1,1.0,0.0,0.0,0,1
386,0,0.0,0.0,0.0,0,0
387,1,0.0,1.0,0.0,0,1
389,36,0.3888888888888889,0.4444444444444444,0.16666666666666666,289875,1
393,1,1.0,0.0,0.0,0,1
394,1,1.0,0.0,0.0,0,1
396,0,0.0,0.0,0.0,0,0
398,3,0.0,1.0,0.0,43474,1
400,8,0.125,0.5,0.375,56023,1
402,3,0.3333333333333333,0.6666666666666666,0.0,156413,1
403,5,0.8,0.2,0.0,101940,1
404,3,0.0,0.6666666666666666,0.3333333333333333,0,1
407,1,0.0,1.0,0.0,0,1
408,2,0.5,0.5,0.0,0,1
409,2,1.0,0.0,0.0,37812,1
413,1,0.0,1.0,0.0,0,1
416,1,1.0,0.0,0.0,0,1
417,10,0.5,0.5,0.0,220361,1
418,2,0.0,1.0,0.0,0,1
419,2,0.0,1.0,0.0,56,1
421,6,0.3333333333333333,0.6666666666666666,0.0,20666,1
422,1,0.0,1.0,0.0,0,1
424,2,1.0,0.0,0.0,127810,1
428,4,0.25,0.5,0.25,137,1
429,3,0.0,0.6666666666666666,0.3333333333333333,0,1
431,1,0.0,1.0,0.0,0,1
432,2,0.5,0.5,0.0,0,1
434,1,0.0,1.0,0.0,0,1
439,30,0.3333333333333333,0.5,0.16666666666666666,388897,1
450,0,0.0,0.0,0.0,0,0
451,0,0.0,0.0,0.0,0,0
452,1,0.0,1.0,0.0,0,1
454,0,0.0,0.0,0.0,0,0
456,11,0.09090909090909091,0.9090909090909091,0.0,183164,1
459,0,0.0,0.0,0.0,0,0
461,5,0.2,0.8,0.0,133436,1
463,0,0.0,0.0,0.0,0,0
465,0,0.0,0.0,0.0,0,0
468,17,0.11764705882352941,0.7058823529411765,0.17647058823529413,262468,1
471,2,0.5,0.5,0.0,0,1
473,4,0.0,1.0,0.0,259421,1
474,0,0.0,0.0,0.0,0,0
476,0,0.0,0.0,0.0,0,0
480,0,0.0,0.0,0.0,0,0
484,1,0.0,1.0,0.0,0,1
485,2,0.0,1.0,0.0,0,1
489,2,0.5,0.5,0.0,0,1
490,0,0.0,0.0,0.0,0,0
491,0,0.0,0.0,0.0,0,0
492,106,0.42452830188679247,0.5188679245283019,0.05660377358490566,435446,1
498,1,0.0,1.0,0.0,0,1
500,0,0.0,0.0,0.0,0,0
501,2,0.0,1.0,0.0,38856,1
502,8,0.125,0.75,0.125,259713,1
503,3,0.3333333333333333,0.6666666666666666,0.0,455,1
504,0,0.0,0.0,0.0,0,0
508,0,0.0,0.0,0.0,0,0
509,3,0.0,1.0,0.0,194,1
511,59,0.22033898305084745,0.7457627118644068,0.03389830508474576,286423,1
515,3,1.0,0.0,0.0,132110,1
517,1,1.0,0.0,0.0,0,1
519,2,1.0,0.0,0.0,10,1
520,0,0.0,0.0,0.0,0,0
523,0,0.0,0.0,0.0,0,0
524,1,0.0,1.0,0.0,0,1
529,3,0.6666666666666666,0.3333333333333333,0.0,1686,1
531,12,0.8333333333333334,0.16666666666666666,0.0,475441,1
533,1,0.0,1.0,0.0,0,1
536,5,1.0,0.0,0.0,33090,1
537,2,0.0,1.0,0.0,0,1
541,7,0.7142857142857143,0.2857142857142857,0.0,314844,1
542,5,0.4,0.6,0.0,13917,1
543,2,0.5,0.5,0.0,0,1
547,3,0.0,0.6666666666666666,0.3333333333333333,10896,1
548,2,0.0,0.5,0.5,0,1
549,3,0.0,0.6666666666666666,0.3333333333333333,0,1
550,11,0.36363636363636365,0.6363636363636364,0.0,162901,1
554,0,0.0,0.0,0.0,0,0
555,3,0.6666666666666666,0.3333333333333333,0.0,31238,1
557,0,0.0,0.0,0.0,0,0
561,1,1.0,0.0,0.0,0,1
563,0,0.0,0.0,0.0,0,0
565,1,1.0,0.0,0.0,0,1
572,0,0.0,0.0,0.0,0,0
577,0,0.0,0.0,0.0,0,0
580,10,0.2,0.7,0.1,239169,1
581,0,0.0,0.0,0.0,0,0
582,0,0.0,0.0,0.0,0,0
600,1,1.0,0.0,0.0,0,1
602,0,0.0,0.0,0.0,0,0
604,0,0.0,0.0,0.0,0,0
606,0,0.0,0.0,0.0,0,0
608,4,0.0,0.75,0.25,174551,1
623,0,0.0,0.0,0.0,0,0
634,1,1.0,0.0,0.0,0,1
635,2,1.0,0.0,0.0,23248,1
639,3,1.0,0.0,0.0,41695,1
645,0,0.0,0.0,0.0,0,0
659,2,0.5,0.5,0.0,89692,1
670,7,0.42857142857142855,0.42857142857142855,0.14285714285714285,111422,1
673,5,0.0,0.8,0.2,444,1
674,0,0.0,0.0,0.0,0,0
676,0,0.0,0.0,0.0,0,0
677,33,0.3333333333333333,0.45454545454545453,0.21212121212121213,395321,1
679,0,0.0,0.0,0.0,0,0
689,2,1.0,0.0,0.0,120657,1
691,1,1.0,0.0,0.0,0,1
693,1,1.0,0.0,0.0,0,1
697,2,0.0,0.5,0.5,0,1
698,7,0.14285714285714285,0.5714285714285714,0.2857142857142857,133868,1
707,0,0.0,0.0,0.0,0,0
709,1,1.0,0.0,0.0,0,1
715,0,0.0,0.0,0.0,0,0
716,0,0.0,0.0,0.0,0,0
720,3,0.3333333333333333,0.3333333333333333,0.3333333333333333,27,1
721,0,0.0,0.0,0.0,0,0
732,1,1.0,0.0,0.0,0,1
735,4,0.0,0.75,0.25,49,1
738,5,0.8,0.2,0.0,18423,1
739,0,0.0,0.0,0.0,0,0
745,1,1.0,0.0,0.0,0,1
747,1,1.0,0.0,0.0,0,1
750,0,0.0,0.0,0.0,0,0
756,0,0.0,0.0,0.0,0,0
759,3,0.3333333333333333,0.6666666666666666,0.0,21444,1
761,1,1.0,0.0,0.0,0,1
762,4,0.25,0.75,0.0,257985,1
765,0,0.0,0.0,0.0,0,0
768,0,0.0,0.0,0.0,0,0
790,0,0.0,0.0,0.0,0,0
792,4,0.0,1.0,0.0,17731,1
798,2,0.5,0.5,0.0,0,1
799,5,0.2,0.6,0.2,8465,1
805,4,0.0,1.0,0.0,56824,1
806,2,0.5,0.5,0.0,91713,1
816,6,0.0,0.8333333333333334,0.16666666666666666,4352,1
817,0,0.0,0.0,0.0,0,0
818,1,1.0,0.0,0.0,0,1
821,6,0.3333333333333333,0.5,0.16666666666666666,268466,1
822,3,0.0,0.6666666666666666,0.3333333333333333,134702,1
824,0,0.0,0.0,0.0,0,0
828,0,0.0,0.0,0.0,0,0
830,0,0.0,0.0,0.0,0,0
832,8,0.75,0.25,0.0,407756,1
847,1,1.0,0.0,0.0,0,1
855,2,0.0,1.0,0.0,81668,1
857,0,0.0,0.0,0.0,0,0
863,0,0.0,0.0,0.0,0,0
867,0,0.0,0.0,0.0,0,0
868,0,0.0,0.0,0.0,0,0
870,2,0.0,0.5,0.5,0,1
871,0,0.0,0.0,0.0,0,0
875,1,0.0,1.0,0.0,0,1
879,0,0.0,0.0,0.0,0,0
885,5,0.4,0.6,0.0,457865,1
889,2,0.0,1.0,0.0,0,1
891,0,0.0,0.0,0.0,0,0
901,1,1.0,0.0,0.0,0,1
915,1,1.0,0.0,0.0,0,1
919,4,0.25,0.5,0.25,501,1
920,1,0.0,1.0,0.0,0,1
923,2,1.0,0.0,0.0,2093,1
932,1,1.0,0.0,0.0,0,1
943,0,0.0,0.0,0.0,0,0
946,0,0.0,0.0,0.0,0,0
951,0,0.0,0.0,0.0,0,0
956,1,1.0,0.0,0.0,0,1
957,1,0.0,1.0,0.0,0,1
960,0,0.0,0.0,0.0,0,0
965,0,0.0,0.0,0.0,0,0
970,2,0.0,0.5,0.5,0,1
972,1,1.0,0.0,0.0,0,1
976,1,0.0,1.0,0.0,0,1
979,0,0.0,0.0,0.0,0,0
980,0,0.0,0.0,0.0,0,0
981,0,0.0,0.0,0.0,0,0
983,1,1.0,0.0,0.0,0,1
984,1,0.0,1.0,0.0,0,1
985,0,0.0,0.0,0.0,0,0
987,0,0.0,0.0,0.0,0,0
989,2,0.0,1.0,0.0,0,1
990,0,0.0,0.0,0.0,0,0
992,0,0.0,0.0,0.0,0,0
994,7,0.5714285714285714,0.42857142857142855,0.0,245617,1
995,4,0.5,0.25,0.25,225677,1
996,4,0.75,0.25,0.0,2011,1
998,0,0.0,0.0,0.0,0,0
999,2,0.0,1.0,0.0,47866,1
1002,1,1.0,0.0,0.0,0,1
1009,1,1.0,0.0,0.0,0,1
1010,2,0.0,1.0,0.0,108600,1
1014,1,1.0,0.0,0.0,0,1
1016,6,0.8333333333333334,0.16666666666666666,0.0,287819,1
1024,0,0.0,0.0,0.0,0,0
1026,2,1.0,0.0,0.0,67903,1
1031,0,0.0,0.0,0.0,0,0
1035,2,0.0,1.0,0.0,30,1
1037,2,1.0,0.0,0.0,155718,1
1040,1,1.0,0.0,0.0,0,1
1042,1,0.0,1.0,0.0,0,1
1043,3,0.3333333333333333,0.3333333333333333,0.3333333333333333,177304,1
1053,0,0.0,0.0,0.0,0,0
1057,0,0.0,0.0,0.0,0,0
1059,0,0.0,0.0,0.0,0,0
1062,0,0.0,0.0,0.0,0,0
1069,1,1.0,0.0,0.0,0,1
1076,0,0.0,0.0,0.0,0,0
1084,1,0.0,1.0,0.0,0,1
1087,6,0.0,0.8333333333333334,0.16666666666666666,11119,1
1091,0,0.0,0.0,0.0,0,0
1093,0,0.0,0.0,0.0,0,0
1104,4,0.0,1.0,0.0,45128,1
1120,0,0.0,0.0,0.0,0,0
1122,1,1.0,0.0,0.0,0,1
1131,0,0.0,0.0,0.0,0,0
1135,1,1.0,0.0,0.0,0,1
1142,5,0.2,0.8,0.0,311641,1
1146,0,0.0,0.0,0.0,0,0
1154,0,0.0,0.0,0.0,0,0
1161,1,0.0,1.0,0.0,0,1
1163,0,0.0,0.0,0.0,0,0
1164,0,0.0,0.0,0.0,0,0
1168,0,0.0,0.0,0.0,0,0
1173,0,0.0,0.0,0.0,0,0
1206,0,0.0,0.0,0.0,0,0
1221,0,0.0,0.0,0.0,0,0
1225,1,1.0,0.0,0.0,0,1
1228,1,1.0,0.0,0.0,0,1
1229,2,0.0,1.0,0.0,139,1
1240,4,0.5,0.5,0.0,90603,1
1247,1,1.0,0.0,0.0,0,1
1252,0,0.0,0.0,0.0,0,0
1267,2,0.0,1.0,0.0,96235,1
1270,20,0.3,0.55,0.15,35406,1
1274,0,0.0,0.0,0.0,0,0
1276,145,0.22758620689655173,0.7586206896551724,0.013793103448275862,188238,1
1284,0,0.0,0.0,0.0,0,0
1286,1,1.0,0.0,0.0,0,1
1291,0,0.0,0.0,0.0,0,0
1292,0,0.0,0.0,0.0,0,0
1298,3,1.0,0.0,0.0,3581,1
1308,6,0.16666666666666666,0.5,0.3333333333333333,25886,1
1313,1,0.0,1.0,0.0,0,1
1315,2,0.5,0.5,0.0,0,1
1317,0,0.0,0.0,0.0,0,0
1319,1,1.0,0.0,0.0,0,1
1321,0,0.0,0.0,0.0,0,0
1332,0,0.0,0.0,0.0,0,0
1333,0,0.0,0.0,0.0,0,0
1335,0,0.0,0.0,0.0,0,0
1336,2,0.0,0.5,0.5,0,1
1337,1,0.0,1.0,0.0,0,1
1338,3,0.6666666666666666,0.3333333333333333,0.0,2578,1
1343,0,0.0,0.0,0.0,0,0
1344,2,0.5,0.5,0.0,0,1
1348,1,1.0,0.0,0.0,0,1
1350,3,1.0,0.0,0.0,34694,1
1355,1,1.0,0.0,0.0,0,1
1357,4,0.25,0.75,0.0,191036,1
1367,0,0.0,0.0,0.0,0,0
1375,1,1.0,0.0,0.0,0,1
1382,9,0.5555555555555556,0.4444444444444444,0.0,206940,1
1390,4,0.5,0.5,0.0,45228,1
1415,2,0.0,0.5,0.5,0,1
1416,0,0.0,0.0,0.0,0,0
1426,2,0.0,0.5,0.5,0,1
1431,1,0.0,1.0,0.0,0,1
1435,0,0.0,0.0,0.0,0,0
1443,1,1.0,0.0,0.0,0,1
1445,4,0.25,0.75,0.0,41545,1
1447,4,0.75,0.25,0.0,66796,1
1450,0,0.0,0.0,0.0,0,0
1453,9,0.2222222222222222,0.5555555555555556,0.2222222222222222,15761,1
1458,3,0.0,0.6666666666666666,0.3333333333333333,8989,1
1459,0,0.0,0.0,0.0,0,0
1468,2,0.5,0.5,0.0,27406,1
1469,1,0.0,1.0,0.0,0,1
1474,1,1.0,0.0,0.0,0,1
1478,2,0.0,0.5,0.5,0,1
1481,3,0.0,0.6666666666666666,0.3333333333333333,151,1
1483,4,0.5,0.5,0.0,41005,1
1486,1,0.0,1.0,0.0,0,1
1503,0,0.0,0.0,0.0,0,0
1520,1,1.0,0.0,0.0,0,1
1521,3,0.6666666666666666,0.3333333333333333,0.0,4499,1
1525,3,0.3333333333333333,0.6666666666666666,0.0,0,1
1526,1,1.0,0.0,0.0,0,1
1532,1,1.0,0.0,0.0,0,1
1534,0,0.0,0.0,0.0,0,0
1538,2,0.0,1.0,0.0,41,1
1543,1,1.0,0.0,0.0,0,1
1544,6,0.16666666666666666,0.5,0.3333333333333333,155122,1
1548,0,0.0,0.0,0.0,0,0
1553,0,0.0,0.0,0.0,0,0
1554,2,0.0,0.5,0.5,0,1
1564,1,0.0,1.0,0.0,0,1
1572,2,1.0,0.0,0.0,246500,1
1574,2,0.5,0.5,0.0,0,1
1577,0,0.0,0.0,0.0,0,0
1583,1,0.0,1.0,0.0,0,1
1599,1,0.0,1.0,0.0,0,1
1605,0,0.0,0.0,0.0,0,0
1612,2,0.5,0.5,0.0,0,1
1621,2,0.0,0.5,0.5,0,1
1641,1,0.0,1.0,0.0,0,1
1651,1,1.0,0.0,0.0,0,1
1672,3,0.6666666666666666,0.3333333333333333,0.0,12611,1
1683,0,0.0,0.0,0.0,0,0
1686,1,1.0,0.0,0.0,0,1
1703,4,0.75,0.25,0.0,127518,1
1711,4,1.0,0.0,0.0,225840,1
1720,3,1.0,0.0,0.0,2790,1
1759,1,0.0,1.0,0.0,0,1
1764,0,0.0,0.0,0.0,0,0
1765,0,0.0,0.0,0.0,0,0
1772,0,0.0,0.0,0.0,0,0
1774,2,1.0,0.0,0.0,132482,1
1785,0,0.0,0.0,0.0,0,0
1790,0,0.0,0.0,0.0,0,0
1793,1,1.0,0.0,0.0,0,1
1805,3,0.0,0.6666666666666666,0.3333333333333333,227077,1
1811,0,0.0,0.0,0.0,0,0
1814,0,0.0,0.0,0.0,0,0
1818,0,0.0,0.0,0.0,0,0
1834,0,0.0,0.0,0.0,0,0
1837,0,0.0,0.0,0.0,0,0
1842,1,1.0,0.0,0.0,0,1
1852,0,0.0,0.0,0.0,0,0
1854,0,0.0,0.0,0.0,0,0
1856,1,1.0,0.0,0.0,0,1
1858,0,0.0,0.0,0.0,0,0
1872,1,1.0,0.0,0.0,0,1
1875,1,1.0,0.0,0.0,0,1
1877,0,0.0,0.0,0.0,0,0
1880,7,0.0,1.0,0.0,19408,1
1881,0,0.0,0.0,0.0,0,0
1882,1,1.0,0.0,0.0,0,1
1884,0,0.0,0.0,0.0,0,0
1896,4,0.0,1.0,0.0,40363,1
1904,0,0.0,0.0,0.0,0,0
1918,0,0.0,0.0,0.0,0,0
1928,0,0.0,0.0,0.0,0,0
1941,0,0.0,0.0,0.0,0,0
1945,2,0.5,0.5,0.0,59258,1
1946,1,1.0,0.0,0.0,0,1
1952,0,0.0,0.0,0.0,0,0
1959,0,0.0,0.0,0.0,0,0
1960,1,1.0,0.0,0.0,0,1
1961,1,0.0,1.0,0.0,0,1
1966,1,1.0,0.0,0.0,0,1
1967,0,0.0,0.0,0.0,0,0
1969,0,0.0,0.0,0.0,0,0
1970,1,1.0,0.0,0.0,0,1
1971,0,0.0,0.0,0.0,0,0
1980,3,0.0,0.6666666666666666,0.3333333333333333,92962,1
1981,1,1.0,0.0,0.0,0,1
1982,2,1.0,0.0,0.0,215011,1
1984,7,0.2857142857142857,0.5714285714285714,0.14285714285714285,172768,1
1988,4,0.5,0.5,0.0,5247,1
1997,3,0.3333333333333333,0.6666666666666666,0.0,220881,1
1999,9,0.0,1.0,0.0,196960,1
2003,1,1.0,0.0,0.0,0,1
2010,0,0.0,0.0,0.0,0,0
2011,2,0.0,1.0,0.0,0,1
2018,1,1.0,0.0,0.0,0,1
2024,1,1.0,0.0,0.0,0,1
2029,1,0.0,1.0,0.0,0,1
2031,0,0.0,0.0,0.0,0,0
2033,1,0.0,1.0,0.0,0,1
2035,0,0.0,0.0,0.0,0,0
2036,3,0.6666666666666666,0.3333333333333333,0.0,83466,1
2037,5,0.0,1.0,0.0,202713,1
2040,0,0.0,0.0,0.0,0,0
2042,0,0.0,0.0,0.0,0,0
2045,2,0.0,1.0,0.0,101939,1
2048,0,0.0,0.0,0.0,0,0
2050,0,0.0,0.0,0.0,0,0
2052,0,0.0,0.0,0.0,0,0
2055,0,0.0,0.0,0.0,0,0
2058,0,0.0,0.0,0.0,0,0
2060,11,0.0,0.9090909090909091,0.09090909090909091,270164,1
2071,1,1.0,0.0,0.0,0,1
2077,0,0.0,0.0,0.0,0,0
2085,2,1.0,0.0,0.0,18,1
2127,0,0.0,0.0,0.0,0,0
2138,1,1.0,0.0,0.0,0,1
2139,1,1.0,0.0,0.0,0,1
2140,0,0.0,0.0,0.0,0,0
2144,2,0.0,0.5,0.5,0,1
2153,2,0.0,1.0,0.0,0,1
2156,0,0.0,0.0,0.0,0,0
2157,20,0.25,0.7,0.05,172904,1
2158,0,0.0,0.0,0.0,0,0
2160,1,0.0,1.0,0.0,0,1
2161,1,0.0,1.0,0.0,0,1
2164,1,0.0,1.0,0.0,0,1
2165,8,0.5,0.25,0.25,98639,1
2166,9,0.4444444444444444,0.5555555555555556,0.0,31320,1
2168,0,0.0,0.0,0.0,0,0
2172,2,0.0,1.0,0.0,0,1
2177,20,0.3,0.65,0.05,321025,1
2179,4,0.0,0.5,0.5,12589,1
2182,1,0.0,1.0,0.0,0,1
2185,0,0.0,0.0,0.0,0,0
2186,1,1.0,0.0,0.0,0,1
2187,7,0.7142857142857143,0.2857142857142857,0.0,200112,1
2193,3,0.3333333333333333,0.6666666666666666,0.0,1089,1
2194,0,0.0,0.0,0.0,0,0
2198,2,0.0,0.5,0.5,0,1
2199,1,1.0,0.0,0.0,0,1
2218,7,0.7142857142857143,0.14285714285714285,0.14285714285714285,5879,1
2228,1,1.0,0.0,0.0,0,1
2232,0,0.0,0.0,0.0,0,0
2233,0,0.0,0.0,0.0,0,0
2239,0,0.0,0.0,0.0,0,0
2241,0,0.0,0.0,0.0,0,0
2243,0,0.0,0.0,0.0,0,0
2244,0,0.0,0.0,0.0,0,0
2249,2,0.0,0.5,0.5,0,1
2255,3,0.3333333333333333,0.6666666666666666,0.0,154243,1
2256,1,1.0,0.0,0.0,0,1
2266,0,0.0,0.0,0.0,0,0
2271,0,0.0,0.0,0.0,0,0
2272,0,0.0,0.0,0.0,0,0
2274,0,0.0,0.0,0.0,0,0
2277,1,1.0,0.0,0.0,0,1
2278,1,1.0,0.0,0.0,0,1
2285,2,0.5,0.5,0.0,0,1
2286,0,0.0,0.0,0.0,0,0
2288,0,0.0,0.0,0.0,0,0
2290,1,0.0,1.0,0.0,0,1
2299,0,0.0,0.0,0.0,0,0
2306,2,0.5,0.5,0.0,0,1
2314,0,0.0,0.0,0.0,0,0
2316,2,0.0,0.5,0.5,0,1
2342,7,0.2857142857142857,0.7142857142857143,0.0,201835,1
2343,0,0.0,0.0,0.0,0,0
2347,0,0.0,0.0,0.0,0,0
2349,0,0.0,0.0,0.0,0,0
2350,2,0.0,0.5,0.5,0,1
2351,4,0.0,1.0,0.0,151851,1
2353,0,0.0,0.0,0.0,0,0
2357,0,0.0,0.0,0.0,0,0
2360,0,0.0,0.0,0.0,0,0
2361,1,1.0,0.0,0.0,0,1
2368,0,0.0,0.0,0.0,0,0
2370,1,1.0,0.0,0.0,0,1
2372,0,0.0,0.0,0.0,0,0
2373,26,0.46153846153846156,0.4230769230769231,0.11538461538461539,291398,1
2376,0,0.0,0.0,0.0,0,0
2383,0,0.0,0.0,0.0,0,0
2397,0,0.0,0.0,0.0,0,0
2399,2,0.0,0.5,0.5,0,1
2402,15,0.06666666666666667,0.4666666666666667,0.4666666666666667,112481,1
2404,0,0.0,0.0,0.0,0,0
2406,0,0.0,0.0,0.0,0,0
2416,0,0.0,0.0,0.0,0,0
2417,7,0.14285714285714285,0.8571428571428571,0.0,204291,1
2420,0,0.0,0.0,0.0,0,0
2426,2,1.0,0.0,0.0,267676,1
2427,1,0.0,1.0,0.0,0,1
2428,0,0.0,0.0,0.0,0,0
2450,1,1.0,0.0,0.0,0,1
2456,0,0.0,0.0,0.0,0,0
2462,0,0.0,0.0,0.0,0,0
2469,6,0.8333333333333334,0.16666666666666666,0.0,90276,1
2474,0,0.0,0.0,0.0,0,0
2487,0,0.0,0.0,0.0,0,0
2490,1,1.0,0.0,0.0,0,1
2515,0,0.0,0.0,0.0,0,0
2518,1,1.0,0.0,0.0,0,1
2538,0,0.0,0.0,0.0,0,0
2543,0,0.0,0.0,0.0,0,0
2553,5,0.4,0.6,0.0,84765,1
2556,6,0.5,0.3333333333333333,0.16666666666666666,62451,1
2567,4,0.5,0.25,0.25,292164,1
2568,0,0.0,0.0,0.0,0,0
2572,0,0.0,0.0,0.0,0,0
2629,0,0.0,0.0,0.0,0,0
2633,0,0.0,0.0,0.0,0,0
2634,2,0.5,0.5,0.0,772,1
2647,8,0.625,0.375,0.0,213463,1
2656,0,0.0,0.0,0.0,0,0
2662,9,0.4444444444444444,0.5555555555555556,0.0,113987,1
2665,2,0.5,0.5,0.0,0,1
2668,0,0.0,0.0,0.0,0,0
2669,0,0.0,0.0,0.0,0,0
2670,1,1.0,0.0,0.0,0,1
2679,0,0.0,0.0,0.0,0,0
2680,0,0.0,0.0,0.0,0,0
2687,0,0.0,0.0,0.0,0,0
2689,1,0.0,1.0,0.0,0,1
2690,1,0.0,1.0,0.0,0,1
2692,0,0.0,0.0,0.0,0,0
2694,0,0.0,0.0,0.0,0,0
2695,0,0.0,0.0,0.0,0,0
2697,0,0.0,0.0,0.0,0,0
2698,0,0.0,0.0,0.0,0,0
2700,0,0.0,0.0,0.0,0,0
2703,0,0.0,0.0,0.0,0,0
2739,5,0.0,0.6,0.4,2649,1
2753,2,0.0,0.5,0.5,0,1
2760,0,0.0,0.0,0.0,0,0
2765,2,0.5,0.5,0.0,39440,1
2780,1,0.0,1.0,0.0,0,1
2785,2,0.5,0.5,0.0,0,1
2786,0,0.0,0.0,0.0,0,0
2799,1,0.0,1.0,0.0,0,1
2939,1,1.0,0.0,0.0,0,1
2940,1,1.0,0.0,0.0,0,1
2941,17,0.0,0.8235294117647058,0.17647058823529413,221170,1
2971,0,0.0,0.0,0.0,0,0
2974,1,1.0,0.0,0.0,0,1
2989,0,0.0,0.0,0.0,0,0
2992,0,0.0,0.0,0.0,0,0
2994,0,0.0,0.0,0.0,0,0
3003,0,0.0,0.0,0.0,0,0
3011,0,0.0,0.0,0.0,0,0
3024,7,0.2857142857142857,0.42857142857142855,0.2857142857142857,32600,1
3027,48,0.6666666666666666,0.2708333333333333,0.0625,152499,1
3040,0,0.0,0.0,0.0,0,0
3043,1,0.0,1.0,0.0,0,1
3047,1,1.0,0.0,0.0,0,1
3057,1,1.0,0.0,0.0,0,1
3065,2,0.0,0.5,0.5,0,1
3069,1,1.0,0.0,0.0,0,1
3094,5,0.6,0.2,0.2,91603,1
3119,0,0.0,0.0,0.0,0,0
3139,1,1.0,0.0,0.0,0,1
3140,0,0.0,0.0,0.0,0,0
3158,1,1.0,0.0,0.0,0,1
3176,1,1.0,0.0,0.0,0,1
3185,2,0.5,0.5,0.0,0,1
3188,4,0.75,0.25,0.0,7715,1
3190,1,0.0,1.0,0.0,0,1
3192,1,1.0,0.0,0.0,0,1
3193,0,0.0,0.0,0.0,0,0
3197,0,0.0,0.0,0.0,0,0
3199,0,0.0,0.0,0.0,0,0
3200,0,0.0,0.0,0.0,0,0
3202,1,1.0,0.0,0.0,0,1
3205,0,0.0,0.0,0.0,0,0
3208,0,0.0,0.0,0.0,0,0
3211,0,0.0,0.0,0.0,0,0
3215,4,0.5,0.5,0.0,1177,1
3216,0,0.0,0.0,0.0,0,0
3226,3,0.6666666666666666,0.3333333333333333,0.0,4212,1
3228,21,0.0,0.9523809523809523,0.047619047619047616,168698,1
3235,0,0.0,0.0,0.0,0,0
3264,6,0.6666666666666666,0.3333333333333333,0.0,39883,1
3268,2,0.5,0.5,0.0,171289,1
3273,8,0.125,0.75,0.125,112615,1
3279,1,0.0,1.0,0.0,0,1
3280,5,0.4,0.6,0.0,30,1
3281,0,0.0,0.0,0.0,0,0
3282,2,0.5,0.5,0.0,0,1
3284,1,0.0,1.0,0.0,0,1
3298,0,0.0,0.0,0.0,0,0
3300,10,0.9,0.1,0.0,87032,1
3311,2,0.5,0.5,0.0,0,1
3322,2,0.5,0.5,0.0,0,1
3324,1,0.0,1.0,0.0,0,1
3331,5,0.2,0.6,0.2,790,1
3334,0,0.0,0.0,0.0,0,0
3336,0,0.0,0.0,0.0,0,0
3337,0,0.0,0.0,0.0,0,0
3340,0,0.0,0.0,0.0,0,0
3348,0,0.0,0.0,0.0,0,0
3350,0,0.0,0.0,0.0,0,0
3353,3,0.6666666666666666,0.3333333333333333,0.0,338421,1
3356,1,0.0,1.0,0.0,0,1
3360,12,0.0,1.0,0.0,347682,1
3368,1,1.0,0.0,0.0,0,1
3369,2,0.5,0.5,0.0,0,1
3372,1,0.0,1.0,0.0,0,1
3374,0,0.0,0.0,0.0,0,0
3375,1,1.0,0.0,0.0,0,1
3378,1,1.0,0.0,0.0,0,1
3379,0,0.0,0.0,0.0,0,0
3380,2,0.0,0.5,0.5,0,1
3393,0,0.0,0.0,0.0,0,0
3394,2,0.5,0.5,0.0,0,1
3397,0,0.0,0.0,0.0,0,0
3398,1,0.0,1.0,0.0,0,1
3410,0,0.0,0.0,0.0,0,0
3413,0,0.0,0.0,0.0,0,0
3419,4,0.0,0.5,0.5,86763,1
3422,3,0.6666666666666666,0.3333333333333333,0.0,47815,1
3440,1,0.0,1.0,0.0,0,1
3457,1,0.0,1.0,0.0,0,1
3459,2,0.0,1.0,0.0,165061,1
3469,0,0.0,0.0,0.0,0,0
3471,0,0.0,0.0,0.0,0,0
3472,3,0.6666666666666666,0.3333333333333333,0.0,74478,1
3477,0,0.0,0.0,0.0,0,0
3484,1,1.0,0.0,0.0,0,1
3492,2,0.5,0.5,0.0,0,1
3497,0,0.0,0.0,0.0,0,0
3506,5,0.4,0.4,0.2,302609,1
3510,1,1.0,0.0,0.0,0,1
3536,1,0.0,1.0,0.0,0,1
3541,0,0.0,0.0,0.0,0,0
3549,5,0.0,0.6,0.4,1148,1
3556,0,0.0,0.0,0.0,0,0
3583,4,0.75,0.25,0.0,200,1
3586,0,0.0,0.0,0.0,0,0
3595,2,0.0,1.0,0.0,0,1
3603,27,0.37037037037037035,0.5925925925925926,0.037037037037037035,235261,1
3604,28,0.10714285714285714,0.5714285714285714,0.32142857142857145,525482,1
3606,4,0.75,0.25,0.0,196238,1
3609,0,0.0,0.0,0.0,0,0
3619,1,1.0,0.0,0.0,0,1
3626,1,0.0,1.0,0.0,0,1
3641,7,0.0,1.0,0.0,172315,1
3647,1,1.0,0.0,0.0,0,1
3714,2,0.0,0.5,0.5,0,1
3719,2,1.0,0.0,0.0,23529,1
3726,4,0.0,0.5,0.5,92515,1
3738,2,0.5,0.5,0.0,0,1
3740,7,0.0,0.5714285714285714,0.42857142857142855,41008,1
3742,5,0.8,0.2,0.0,184550,1
3746,0,0.0,0.0,0.0,0,0
3755,2,0.5,0.5,0.0,73159,1
3771,3,0.6666666666666666,0.3333333333333333,0.0,46916,1
3783,2,0.5,0.5,0.0,384674,1
3784,9,0.3333333333333333,0.3333333333333333,0.3333333333333333,221972,1
3799,2,0.0,0.5,0.5,0,1
3802,1,1.0,0.0,0.0,0,1
3804,3,0.6666666666666666,0.3333333333333333,0.0,88855,1
3808,19,0.5789473684210527,0.42105263157894735,0.0,88721,1
3809,0,0.0,0.0,0.0,0,0
3810,0,0.0,0.0,0.0,0,0
3847,5,0.2,0.4,0.4,174302,1
3870,0,0.0,0.0,0.0,0,0
3879,1,1.0,0.0,0.0,0,1
3886,2,0.0,1.0,0.0,84,1
3929,5,0.4,0.6,0.0,2835,1
3950,2,1.0,0.0,0.0,103205,1
3954,1,0.0,1.0,0.0,0,1
3962,1,1.0,0.0,0.0,0,1
3963,0,0.0,0.0,0.0,0,0
3968,2,1.0,0.0,0.0,26857,1
3983,2,0.5,0.5,0.0,0,1
3990,1,0.0,1.0,0.0,0,1
3998,141,0.05673758865248227,0.9148936170212766,0.028368794326241134,381767,1
3999,0,0.0,0.0,0.0,0,0
4014,2,0.5,0.5,0.0,12737,1
4036,2,1.0,0.0,0.0,132,1
4052,0,0.0,0.0,0.0,0,0
4061,1,1.0,0.0,0.0,0,1
4076,0,0.0,0.0,0.0,0,0
4118,0,0.0,0.0,0.0,0,0
4120,0,0.0,0.0,0.0,0,0
4122,2,0.0,1.0,0.0,0,1
4123,0,0.0,0.0,0.0,0,0
4134,0,0.0,0.0,0.0,0,0
4138,2,1.0,0.0,0.0,236349,1
4143,2,1.0,0.0,0.0,57928,1
4161,2,1.0,0.0,0.0,4659,1
4166,0,0.0,0.0,0.0,0,0
4168,0,0.0,0.0,0.0,0,0
4176,2,0.5,0.5,0.0,18614,1
4179,1,1.0,0.0,0.0,0,1
4181,1,1.0,0.0,0.0,0,1
4182,28,0.32142857142857145,0.6071428571428571,0.07142857142857142,193166,1
4197,1,1.0,0.0,0.0,0,1
4200,0,0.0,0.0,0.0,0,0
4201,0,0.0,0.0,0.0,0,0
4207,0,0.0,0.0,0.0,0,0
4214,0,0.0,0.0,0.0,0,0
4219,1,0.0,1.0,0.0,0,1
4233,0,0.0,0.0,0.0,0,0
4252,3,0.6666666666666666,0.3333333333333333,0.0,27,1
4256,1,1.0,0.0,0.0,0,1
4257,3,0.3333333333333333,0.6666666666666666,0.0,0,1
4259,0,0.0,0.0,0.0,0,0
4269,8,0.625,0.25,0.125,80126,1
4272,3,0.3333333333333333,0.3333333333333333,0.3333333333333333,173977,1
4289,1,1.0,0.0,0.0,0,1
4290,1,1.0,0.0,0.0,0,1
4299,9,0.4444444444444444,0.4444444444444444,0.1111111111111111,127063,1
4302,0,0.0,0.0,0.0,0,0
4304,11,0.2727272727272727,0.5454545454545454,0.18181818181818182,5487,1
4305,3,0.3333333333333333,0.6666666666666666,0.0,0,1
4308,1,0.0,1.0,0.0,0,1
4315,0,0.0,0.0,0.0,0,0
4316,3,0.0,1.0,0.0,159489,1
4318,3,0.3333333333333333,0.6666666666666666,0.0,224102,1
4322,41,0.12195121951219512,0.6829268292682927,0.1951219512195122,88690,1
4336,34,0.2647058823529412,0.7352941176470589,0.0,306950,1
4342,1,1.0,0.0,0.0,0,1
4344,0,0.0,0.0,0.0,0,0
4345,11,0.2727272727272727,0.6363636363636364,0.09090909090909091,258096,1
4346,2,0.0,0.5,0.5,0,1
4351,2,1.0,0.0,0.0,46878,1
4356,1,1.0,0.0,0.0,0,1
4360,6,0.5,0.5,0.0,10693,1
4361,5,0.4,0.6,0.0,6986,1
4362,2,0.5,0.5,0.0,0,1
4364,1,1.0,0.0,0.0,0,1
4365,4,0.25,0.5,0.25,288905,1
4368,8,0.375,0.5,0.125,299819,1
4369,0,0.0,0.0,0.0,0,0
4375,0,0.0,0.0,0.0,0,0
4378,2,0.5,0.5,0.0,165469,1
4384,0,0.0,0.0,0.0,0,0
4408,0,0.0,0.0,0.0,0,0
4420,0,0.0,0.0,0.0,0,0
4426,0,0.0,0.0,0.0,0,0
4427,1,1.0,0.0,0.0,0,1
4429,0,0.0,0.0,0.0,0,0
4431,0,0.0,0.0,0.0,0,0
4433,0,0.0,0.0,0.0,0,0
4434,0,0.0,0.0,0.0,0,0
4439,1,1.0,0.0,0.0,0,1
4440,2,0.0,0.5,0.5,0,1
4444,0,0.0,0.0,0.0,0,0
4492,5,0.2,0.4,0.4,63122,1
4493,8,0.5,0.25,0.25,285521,1
4507,6,0.8333333333333334,0.16666666666666666,0.0,239000,1
4512,1,0.0,1.0,0.0,0,1
4516,0,0.0,0.0,0.0,0,0
4526,0,0.0,0.0,0.0,0,0
4541,0,0.0,0.0,0.0,0,0
4542,2,0.5,0.5,0.0,0,1
4554,4,0.0,0.5,0.5,118815,1
4580,2,0.0,0.5,0.5,0,1
4582,1,1.0,0.0,0.0,0,1
4585,0,0.0,0.0,0.0,0,0
4604,2,0.5,0.5,0.0,0,1
4628,0,0.0,0.0,0.0,0,0
4642,0,0.0,0.0,0.0,0,0
4646,0,0.0,0.0,0.0,0,0
4664,1,0.0,1.0,0.0,0,1
4666,1,1.0,0.0,0.0,0,1
4668,0,0.0,0.0,0.0,0,0
4678,1,1.0,0.0,0.0,0,1
4683,0,0.0,0.0,0.0,0,0
4685,0,0.0,0.0,0.0,0,0
4696,1,1.0,0.0,0.0,0,1
4701,0,0.0,0.0,0.0,0,0
4705,2,0.0,0.5,0.5,0,1
4710,0,0.0,0.0,0.0,0,0
4712,0,0.0,0.0,0.0,0,0
4713,6,0.5,0.5,0.0,28949,1
4718,4,0.75,0.25,0.0,235473,1
4733,2,1.0,0.0,0.0,11183,1
4740,0,0.0,0.0,0.0,0,0
4741,2,0.5,0.5,0.0,0,1
4760,0,0.0,0.0,0.0,0,0
4761,0,0.0,0.0,0.0,0,0
4762,0,0.0,0.0,0.0,0,0
4764,1,1.0,0.0,0.0,0,1
4767,2,1.0,0.0,0.0,49,1
4776,2,0.5,0.5,0.0,0,1
4800,2,0.0,1.0,0.0,0,1
4820,0,0.0,0.0,0.0,0,0
4822,3,1.0,0.0,0.0,75523,1
4826,0,0.0,0.0,0.0,0,0
4828,1,1.0,0.0,0.0,0,1
4830,28,0.25,0.6785714285714286,0.07142857142857142,245208,1
4831,0,0.0,0.0,0.0,0,0
4844,0,0.0,0.0,0.0,0,0
4848,0,0.0,0.0,0.0,0,0
4851,2,0.5,0.5,0.0,0,1
4856,1,1.0,0.0,0.0,0,1
4870,2,0.5,0.5,0.0,0,1
4875,0,0.0,0.0,0.0,0,0
4877,0,0.0,0.0,0.0,0,0
4881,1,0.0,1.0,0.0,0,1
4883,1,1.0,0.0,0.0,0,1
4904,3,0.3333333333333333,0.6666666666666666,0.0,1193,1
4908,0,0.0,0.0,0.0,0,0
4910,0,0.0,0.0,0.0,0,0
4911,1,1.0,0.0,0.0,0,1
4915,0,0.0,0.0,0.0,0,0
4924,1,1.0,0.0,0.0,0,1
4929,0,0.0,0.0,0.0,0,0
4930,0,0.0,0.0,0.0,0,0
4931,2,0.5,0.5,0.0,131,1
4934,0,0.0,0.0,0.0,0,0
4973,0,0.0,0.0,0.0,0,0
4991,0,0.0,0.0,0.0,0,0
4994,9,0.1111111111111111,0.8888888888888888,0.0,97630,1
4995,2,0.0,0.5,0.5,0,1
5005,2,0.5,0.5,0.0,75870,1
5006,0,0.0,0.0,0.0,0,0
5011,1,1.0,0.0,0.0,0,1
5013,0,0.0,0.0,0.0,0,0
5014,1,0.0,1.0,0.0,0,1
5016,1,1.0,0.0,0.0,0,1
5022,0,0.0,0.0,0.0,0,0
5029,0,0.0,0.0,0.0,0,0
5032,0,0.0,0.0,0.0,0,0
5039,1,1.0,0.0,0.0,0,1
5061,2,0.5,0.5,0.0,0,1
5062,1,1.0,0.0,0.0,0,1
5064,3,0.3333333333333333,0.3333333333333333,0.3333333333333333,4112,1
5066,4,0.5,0.5,0.0,114127,1
5070,0,0.0,0.0,0.0,0,0
5072,0,0.0,0.0,0.0,0,0
5078,2,0.0,0.5,0.5,0,1
5079,1,0.0,1.0,0.0,0,1
5080,2,0.5,0.5,0.0,3046,1
5082,10,0.4,0.4,0.2,10036,1
5092,2,0.5,0.5,0.0,917,1
5095,2,0.5,0.5,0.0,0,1
5103,0,0.0,0.0,0.0,0,0
5115,1,0.0,1.0,0.0,0,1
5116,10,0.9,0.1,0.0,169831,1
5125,1,1.0,0.0,0.0,0,1
5137,58,0.39655172413793105,0.41379310344827586,0.1896551724137931,252091,1
5161,0,0.0,0.0,0.0,0,0
5163,5,0.8,0.2,0.0,240701,1
5169,6,0.5,0.5,0.0,168810,1
5175,8,0.375,0.5,0.125,1408,1
5183,1,0.0,1.0,0.0,0,1
5186,4,0.75,0.25,0.0,339243,1
5188,0,0.0,0.0,0.0,0,0
5191,2,1.0,0.0,0.0,276449,1
5193,9,0.0,1.0,0.0,65873,1
5194,1,1.0,0.0,0.0,0,1
5195,2,0.5,0.5,0.0,0,1
5197,0,0.0,0.0,0.0,0,0
5198,0,0.0,0.0,0.0,0,0
5199,0,0.0,0.0,0.0,0,0
5200,1,0.0,1.0,0.0,0,1
5202,2,0.0,1.0,0.0,273313,1
5205,0,0.0,0.0,0.0,0,0
5206,3,0.3333333333333333,0.6666666666666666,0.0,1452,1
5207,0,0.0,0.0,0.0,0,0
5208,7,0.14285714285714285,0.7142857142857143,0.14285714285714285,47427,1
5219,0,0.0,0.0,0.0,0,0
5226,25,0.24,0.68,0.08,271948,1
5229,0,0.0,0.0,0.0,0,0
5245,0,0.0,0.0,0.0,0,0
5246,3,0.6666666666666666,0.3333333333333333,0.0,12,1
5247,2,0.0,1.0,0.0,85691,1
5252,0,0.0,0.0,0.0,0,0
5253,0,0.0,0.0,0.0,0,0
5268,0,0.0,0.0,0.0,0,0
5281,40,0.175,0.675,0.15,360527,1
5282,7,0.0,0.5714285714285714,0.42857142857142855,259350,1
5289,1,0.0,1.0,0.0,0,1
5294,3,0.3333333333333333,0.6666666666666666,0.0,0,1
5304,2,0.5,0.5,0.0,0,1
5306,2,0.0,1.0,0.0,0,1
5310,3,1.0,0.0,0.0,208813,1
5313,7,0.14285714285714285,0.8571428571428571,0.0,157082,1
5325,2,1.0,0.0,0.0,59578,1
5331,1,0.0,1.0,0.0,0,1
5333,0,0.0,0.0,0.0,0,0
5366,0,0.0,0.0,0.0,0,0
5375,0,0.0,0.0,0.0,0,0
5380,10,0.5,0.4,0.1,36380,1
5388,3,0.3333333333333333,0.6666666666666666,0.0,3255,1
5406,22,0.36363636363636365,0.5454545454545454,0.09090909090909091,279109,1
5411,0,0.0,0.0,0.0,0,0
5414,5,0.8,0.2,0.0,54925,1
5427,4,0.5,0.5,0.0,15910,1
5429,3,0.3333333333333333,0.6666666666666666,0.0,0,1
5430,0,0.0,0.0,0.0,0,0
5433,0,0.0,0.0,0.0,0,0
5439,0,0.0,0.0,0.0,0,0
5449,3,0.3333333333333333,0.6666666666666666,0.0,228515,1
5458,0,0.0,0.0,0.0,0,0
5464,0,0.0,0.0,0.0,0,0
5478,0,0.0,0.0,0.0,0,0
5500,12,0.75,0.25,0.0,443998,1
5508,0,0.0,0.0,0.0,0,0
5514,0,0.0,0.0,0.0,0,0
5515,0,0.0,0.0,0.0,0,0
5516,2,0.5,0.5,0.0,8378,1
5521,0,0.0,0.0,0.0,0,0
5529,1,1.0,0.0,0.0,0,1
5533,2,1.0,0.0,0.0,295076,1
5551,1,1.0,0.0,0.0,0,1
5555,1,1.0,0.0,0.0,0,1
5584,1,0.0,1.0,0.0,0,1
5586,1,1.0,0.0,0.0,0,1
5587,1,0.0,1.0,0.0,0,1
5604,8,1.0,0.0,0.0,22525,1
5618,1,1.0,0.0,0.0,0,1
5638,2,0.5,0.5,0.0,0,1
5643,0,0.0,0.0,0.0,0,0
5650,3,0.6666666666666666,0.3333333333333333,0.0,29502,1
5676,1,1.0,0.0,0.0,0,1
5677,0,0.0,0.0,0.0,0,0
5686,1,1.0,0.0,0.0,0,1
5704,7,0.5714285714285714,0.2857142857142857,0.14285714285714285,273720,1
5716,7,0.5714285714285714,0.42857142857142855,0.0,98011,1
5721,3,0.6666666666666666,0.3333333333333333,0.0,65,1
5730,2,0.5,0.5,0.0,0,1
5741,0,0.0,0.0,0.0,0,0
5744,2,0.5,0.5,0.0,87822,1
5752,1,1.0,0.0,0.0,0,1
5757,0,0.0,0.0,0.0,0,0
5762,1,1.0,0.0,0.0,0,1
5788,0,0.0,0.0,0.0,0,0
5802,0,0.0,0.0,0.0,0,0
5803,0,0.0,0.0,0.0,0,0
5813,0,0.0,0.0,0.0,0,0
5816,8,0.375,0.625,0.0,137763,1
5819,1,1.0,0.0,0.0,0,1
5824,2,0.5,0.5,0.0,0,1
5833,0,0.0,0.0,0.0,0,0
5877,2,0.5,0.5,0.0,0,1
5904,4,0.25,0.75,0.0,66850,1
5907,2,0.5,0.5,0.0,0,1
5915,2,1.0,0.0,0.0,31256,1
5921,2,0.0,0.5,0.5,0,1
5923,6,0.16666666666666666,0.8333333333333334,0.0,170090,1
5930,0,0.0,0.0,0.0,0,0
5934,0,0.0,0.0,0.0,0,0
5949,0,0.0,0.0,0.0,0,0
5963,1,1.0,0.0,0.0,0,1
5970,0,0.0,0.0,0.0,0,0
5979,0,0.0,0.0,0.0,0,0
5980,1,0.0,1.0,0.0,0,1
6019,4,0.75,0.25,0.0,117517,1
6039,7,0.8571428571428571,0.14285714285714285,0.0,233475,1
6069,0,0.0,0.0,0.0,0,0
6071,1,1.0,0.0,0.0,0,1
6078,1,1.0,0.0,0.0,0,1
6080,12,0.0,0.5833333333333334,0.4166666666666667,146811,1
6081,3,0.0,0.6666666666666666,0.3333333333333333,0,1
6095,0,0.0,0.0,0.0,0,0
6103,0,0.0,0.0,0.0,0,0
6104,2,0.5,0.5,0.0,0,1
6105,0,0.0,0.0,0.0,0,0
6113,2,1.0,0.0,0.0,139375,1
6114,3,0.0,0.6666666666666666,0.3333333333333333,0,1
6139,0,0.0,0.0,0.0,0,0
6148,0,0.0,0.0,0.0,0,0
6150,38,0.5,0.34210526315789475,0.15789473684210525,255887,1
6166,12,0.3333333333333333,0.5833333333333334,0.08333333333333333,1224,1
6168,0,0.0,0.0,0.0,0,0
6175,9,0.1111111111111111,0.7777777777777778,0.1111111111111111,84897,1
6189,1,1.0,0.0,0.0,0,1
6202,0,0.0,0.0,0.0,0,0
6212,0,0.0,0.0,0.0,0,0
6218,4,0.25,0.75,0.0,91303,1
6224,1,1.0,0.0,0.0,0,1
6232,1,0.0,1.0,0.0,0,1
6236,2,0.0,1.0,0.0,7696,1
6239,3,0.6666666666666666,0.3333333333333333,0.0,67083,1
6240,1,1.0,0.0,0.0,0,1
6241,115,0.09565217391304348,0.6173913043478261,0.28695652173913044,282171,1
6257,0,0.0,0.0,0.0,0,0
6260,0,0.0,0.0,0.0,0,0
6267,1,0.0,1.0,0.0,0,1
6308,0,0.0,0.0,0.0,0,0
6317,1,1.0,0.0,0.0,0,1
6321,1,1.0,0.0,0.0,0,1
6335,1,0.0,1.0,0.0,0,1
6339,4,1.0,0.0,0.0,253774,1
6341,3,0.0,0.6666666666666666,0.3333333333333333,0,1
6358,0,0.0,0.0,0.0,0,0
6364,1,1.0,0.0,0.0,0,1
6369,2,0.0,1.0,0.0,18849,1
6370,1,1.0,0.0,0.0,0,1
6381,1,1.0,0.0,0.0,0,1
6409,2,0.5,0.5,0.0,0,1
6414,2,0.0,1.0,0.0,48884,1
6418,18,0.8888888888888888,0.1111111111111111,0.0,127796,1
6560,0,0.0,0.0,0.0,0,0
6584,1,0.0,1.0,0.0,0,1
6586,0,0.0,0.0,0.0,0,0
6598,3,0.3333333333333333,0.3333333333333333,0.3333333333333333,170327,1
6613,0,0.0,0.0,0.0,0,0
6618,0,0.0,0.0,0.0,0,0
6643,5,0.2,0.8,0.0,249472,1
6644,4,0.5,0.5,0.0,149448,1
6645,9,0.5555555555555556,0.4444444444444444,0.0,570120,1
6647,3,1.0,0.0,0.0,316486,1
6648,0,0.0,0.0,0.0,0,0
6650,0,0.0,0.0,0.0,0,0
6652,1,1.0,0.0,0.0,0,1
6653,2,0.0,1.0,0.0,0,1
6656,0,0.0,0.0,0.0,0,0
6657,0,0.0,0.0,0.0,0,0
6658,14,0.5,0.42857142857142855,0.07142857142857142,536287,1
6659,0,0.0,0.0,0.0,0,0
6661,0,0.0,0.0,0.0,0,0
6663,0,0.0,0.0,0.0,0,0
6665,3,0.3333333333333333,0.6666666666666666,0.0,2384,1
6666,2,0.5,0.5,0.0,0,1
6673,0,0.0,0.0,0.0,0,0
6676,0,0.0,0.0,0.0,0,0
6680,12,0.4166666666666667,0.4166666666666667,0.16666666666666666,160776,1
6682,2,1.0,0.0,0.0,116181,1
6686,6,0.3333333333333333,0.5,0.16666666666666666,6757,1
6697,1,1.0,0.0,0.0,0,1
6703,6,0.6666666666666666,0.3333333333333333,0.0,95556,1
6707,15,0.06666666666666667,0.7333333333333333,0.2,449744,1
6719,0,0.0,0.0,0.0,0,0
6720,4,0.25,0.5,0.25,158759,1
6724,1,1.0,0.0,0.0,0,1
6749,0,0.0,0.0,0.0,0,0
6757,7,0.0,0.5714285714285714,0.42857142857142855,26283,1
6766,0,0.0,0.0,0.0,0,0
6793,13,0.0,0.7692307692307693,0.23076923076923078,7384,1
6820,1,0.0,1.0,0.0,0,1
6840,0,0.0,0.0,0.0,0,0
6851,0,0.0,0.0,0.0,0,0
6855,0,0.0,0.0,0.0,0,0
6873,0,0.0,0.0,0.0,0,0
6886,2,0.5,0.5,0.0,198121,1
6912,1,0.0,1.0,0.0,0,1
6919,0,0.0,0.0,0.0,0,0
6930,0,0.0,0.0,0.0,0,0
6942,1,0.0,1.0,0.0,0,1
6948,1,0.0,1.0,0.0,0,1
6971,0,0.0,0.0,0.0,0,0
7001,0,0.0,0.0,0.0,0,0
7006,0,0.0,0.0,0.0,0,0
7014,0,0.0,0.0,0.0,0,0
7017,0,0.0,0.0,0.0,0,0
7033,3,0.6666666666666666,0.3333333333333333,0.0,2398,1
7053,1,1.0,0.0,0.0,0,1
7057,6,0.16666666666666666,0.8333333333333334,0.0,95481,1
7060,4,0.0,0.5,0.5,604,1
7117,5,0.6,0.4,0.0,15480,1
7183,9,0.3333333333333333,0.5555555555555556,0.1111111111111111,105767,1
7196,0,0.0,0.0,0.0,0,0
7212,3,0.3333333333333333,0.3333333333333333,0.3333333333333333,78677,1
7214,0,0.0,0.0,0.0,0,0
7223,0,0.0,0.0,0.0,0,0
7254,10,0.5,0.5,0.0,57463,1
7269,2,0.5,0.5,0.0,209906,1
7274,2,0.0,1.0,0.0,10127,1
7277,0,0.0,0.0,0.0,0,0
7279,0,0.0,0.0,0.0,0,0
7280,1,1.0,0.0,0.0,0,1
7283,1,1.0,0.0,0.0,0,1
7289,2,0.5,0.5,0.0,0,1
7292,2,1.0,0.0,0.0,24,1
7295,0,0.0,0.0,0.0,0,0
7296,4,0.25,0.75,0.0,39736,1
7315,1,0.0,1.0,0.0,0,1
7319,3,0.6666666666666666,0.3333333333333333,0.0,190041,1
7334,0,0.0,0.0,0.0,0,0
7353,0,0.0,0.0,0.0,0,0
7369,1,1.0,0.0,0.0,0,1
7370,0,0.0,0.0,0.0,0,0
7371,0,0.0,0.0,0.0,0,0
7377,1,0.0,1.0,0.0,0,1
7393,2,1.0,0.0,0.0,117284,1
7399,0,0.0,0.0,0.0,0,0
7402,0,0.0,0.0,0.0,0,0
7403,1,1.0,0.0,0.0,0,1
7404,6,0.16666666666666666,0.8333333333333334,0.0,253640,1
7406,4,0.75,0.25,0.0,420070,1
7411,1,1.0,0.0,0.0,0,1
7416,1,0.0,1.0,0.0,0,1
7419,0,0.0,0.0,0.0,0,0
7420,4,0.5,0.5,0.0,76017,1
7423,1,0.0,1.0,0.0,0,1
7436,4,1.0,0.0,0.0,57905,1
7437,0,0.0,0.0,0.0,0,0
7445,1,1.0,0.0,0.0,0,1
7446,3,1.0,0.0,0.0,3283,1
7452,0,0.0,0.0,0.0,0,0
7457,3,1.0,0.0,0.0,242275,1
7468,3,0.0,1.0,0.0,174187,1
7477,6,0.0,0.6666666666666666,0.3333333333333333,55419,1
7481,0,0.0,0.0,0.0,0,0
7483,1,1.0,0.0,0.0,0,1
7492,0,0.0,0.0,0.0,0,0
7501,62,0.45161290322580644,0.5161290322580645,0.03225806451612903,293792,1
7533,7,0.0,1.0,0.0,171776,1
7551,4,0.75,0.25,0.0,218637,1
7560,4,0.25,0.5,0.25,54876,1
7578,3,0.0,0.6666666666666666,0.3333333333333333,183536,1
7637,0,0.0,0.0,0.0,0,0
7639,1,0.0,1.0,0.0,0,1
7644,0,0.0,0.0,0.0,0,0
7654,2,0.5,0.5,0.0,192437,1
7672,1,1.0,0.0,0.0,0,1
7682,0,0.0,0.0,0.0,0,0
7687,1,1.0,0.0,0.0,0,1
7691,0,0.0,0.0,0.0,0,0
7694,0,0.0,0.0,0.0,0,0
7698,0,0.0,0.0,0.0,0,0
7707,2,1.0,0.0,0.0,49398,1
7713,0,0.0,0.0,0.0,0,0
7717,0,0.0,0.0,0.0,0,0
7719,3,0.3333333333333333,0.3333333333333333,0.3333333333333333,221,1
7727,1,1.0,0.0,0.0,0,1
7730,1,1.0,0.0,0.0,0,1
7734,1,1.0,0.0,0.0,0,1
7743,2,0.5,0.5,0.0,0,1
7744,1,1.0,0.0,0.0,0,1
7756,1,0.0,1.0,0.0,0,1
7774,1,0.0,1.0,0.0,0,1
7782,0,0.0,0.0,0.0,0,0
7783,0,0.0,0.0,0.0,0,0
7785,2,0.0,0.5,0.5,0,1
7789,5,0.4,0.4,0.2,100469,1
7821,0,0.0,0.0,0.0,0,0
7825,0,0.0,0.0,0.0,0,0
7830,0,0.0,0.0,0.0,0,0
7861,0,0.0,0.0,0.0,0,0
7863,0,0.0,0.0,0.0,0,0
7898,0,0.0,0.0,0.0,0,0
7901,0,0.0,0.0,0.0,0,0
7905,1,1.0,0.0,0.0,0,1
7911,0,0.0,0.0,0.0,0,0
7921,1,1.0,0.0,0.0,0,1
7926,4,0.0,0.75,0.25,283421,1
7927,4,0.0,1.0,0.0,168156,1
7932,2,0.5,0.5,0.0,0,1
7937,0,0.0,0.0,0.0,0,0
7942,3,0.0,0.6666666666666666,0.3333333333333333,0,1
7949,1,0.0,1.0,0.0,0,1
7951,0,0.0,0.0,0.0,0,0
7959,1,1.0,0.0,0.0,0,1
7960,1,0.0,1.0,0.0,0,1
7961,1,1.0,0.0,0.0,0,1
7962,4,0.5,0.5,0.0,25611,1
7968,1,1.0,0.0,0.0,0,1
7976,1,1.0,0.0,0.0,0,1
8005,2,0.0,1.0,0.0,81402,1
8006,2,0.0,0.5,0.5,0,1
8007,0,0.0,0.0,0.0,0,0
8021,0,0.0,0.0,0.0,0,0
8054,0,0.0,0.0,0.0,0,0
8122,2,0.0,0.5,0.5,0,1
8123,11,0.36363636363636365,0.36363636363636365,0.2727272727272727,27328,1
8126,10,0.2,0.6,0.2,160556,1
8131,0,0.0,0.0,0.0,0,0
8134,0,0.0,0.0,0.0,0,0
8136,21,0.14285714285714285,0.47619047619047616,0.38095238095238093,310536,1
8144,0,0.0,0.0,0.0,0,0
8152,0,0.0,0.0,0.0,0,0
8154,2,0.0,0.5,0.5,0,1
8157,0,0.0,0.0,0.0,0,0
8163,0,0.0,0.0,0.0,0,0
8170,2,0.0,1.0,0.0,0,1
8178,0,0.0,0.0,0.0,0,0
8182,1,0.0,1.0,0.0,0,1
8189,1,1.0,0.0,0.0,0,1
8197,0,0.0,0.0,0.0,0,0
8208,1,1.0,0.0,0.0,0,1
8209,13,0.3076923076923077,0.6153846153846154,0.07692307692307693,94042,1
8212,0,0.0,0.0,0.0,0,0
8218,0,0.0,0.0,0.0,0,0
8220,1,1.0,0.0,0.0,0,1
8223,0,0.0,0.0,0.0,0,0
8254,1,1.0,0.0,0.0,0,1
8266,2,0.0,1.0,0.0,0,1
8268,6,0.0,0.8333333333333334,0.16666666666666666,260971,1
8293,0,0.0,0.0,0.0,0,0
8294,0,0.0,0.0,0.0,0,0
8296,2,0.5,0.5,0.0,0,1
8303,0,0.0,0.0,0.0,0,0
8306,1,1.0,0.0,0.0,0,1
8308,1,1.0,0.0,0.0,0,1
8315,0,0.0,0.0,0.0,0,0
8329,3,0.6666666666666666,0.3333333333333333,0.0,39797,1
8334,0,0.0,0.0,0.0,0,0
8338,0,0.0,0.0,0.0,0,0
8343,3,0.0,0.6666666666666666,0.3333333333333333,9933,1
8353,0,0.0,0.0,0.0,0,0
8355,1,0.0,1.0,0.0,0,1
8359,0,0.0,0.0,0.0,0,0
8379,1,0.0,1.0,0.0,0,1
8381,4,0.0,0.75,0.25,4217,1
8383,0,0.0,0.0,0.0,0,0
8384,3,0.6666666666666666,0.3333333333333333,0.0,73319,1
8385,2,1.0,0.0,0.0,2757,1
8386,2,0.0,1.0,0.0,0,1
8394,1,1.0,0.0,0.0,0,1
8398,7,0.0,1.0,0.0,5828,1
8399,9,0.4444444444444444,0.5555555555555556,0.0,5425,1
8400,0,0.0,0.0,0.0,0,0
8404,4,0.5,0.5,0.0,219410,1
8406,0,0.0,0.0,0.0,0,0
8412,2,0.5,0.5,0.0,0,1
8413,2,0.5,0.5,0.0,0,1
8417,1,1.0,0.0,0.0,0,1
8421,1,0.0,1.0,0.0,0,1
8428,0,0.0,0.0,0.0,0,0
8439,1,1.0,0.0,0.0,0,1
8446,0,0.0,0.0,0.0,0,0
8459,0,0.0,0.0,0.0,0,0
8467,0,0.0,0.0,0.0,0,0
8490,2,1.0,0.0,0.0,114,1
8498,0,0.0,0.0,0.0,0,0
8499,5,0.2,0.4,0.4,1739,1
8512,0,0.0,0.0,0.0,0,0
8518,1,0.0,1.0,0.0,0,1
8542,0,0.0,0.0,0.0,0,0
8556,0,0.0,0.0,0.0,0,0
8557,0,0.0,0.0,0.0,0,0
8558,3,0.3333333333333333,0.6666666666666666,0.0,101924,1
8570,0,0.0,0.0,0.0,0,0
8575,0,0.0,0.0,0.0,0,0
8581,0,0.0,0.0,0.0,0,0
8582,0,0.0,0.0,0.0,0,0
8588,0,0.0,0.0,0.0,0,0
8600,0,0.0,0.0,0.0,0,0
8612,1,0.0,1.0,0.0,0,1
8618,3,0.3333333333333333,0.6666666666666666,0.0,5558,1
8619,0,0.0,0.0,0.0,0,0
8629,1,1.0,0.0,0.0,0,1
8682,2,0.5,0.5,0.0,54123,1
8691,2,0.0,1.0,0.0,0,1
8732,0,0.0,0.0,0.0,0,0
8742,30,0.5333333333333333,0.36666666666666664,0.1,122959,1
8755,4,1.0,0.0,0.0,484604,1
8938,0,0.0,0.0,0.0,0,0
8942,0,0.0,0.0,0.0,0,0
8956,0,0.0,0.0,0.0,0,0
9065,1,1.0,0.0,0.0,0,1
9096,2,0.5,0.5,0.0,194473,1
9097,5,0.6,0.4,0.0,143720,1
9101,0,0.0,0.0,0.0,0,0
9102,1,0.0,1.0,0.0,0,1
9104,1,0.0,1.0,0.0,0,1
9106,20,0.4,0.55,0.05,23213,1
9107,17,0.8235294117647058,0.17647058823529413,0.0,393729,1
9110,1,1.0,0.0,0.0,0,1
9128,0,0.0,0.0,0.0,0,0
9134,2,1.0,0.0,0.0,480,1
9143,0,0.0,0.0,0.0,0,0
9148,1,0.0,1.0,0.0,0,1
9149,3,0.3333333333333333,0.6666666666666666,0.0,34616,1
9151,3,0.3333333333333333,0.6666666666666666,0.0,34550,1
9152,0,0.0,0.0,0.0,0,0
9154,3,0.3333333333333333,0.6666666666666666,0.0,61214,1
9157,1,0.0,1.0,0.0,0,1
9160,2,0.0,1.0,0.0,79739,1
9161,2,0.0,1.0,0.0,81481,1
9163,1,1.0,0.0,0.0,0,1
9167,0,0.0,0.0,0.0,0,0
9168,5,0.0,0.8,0.2,163102,1
9171,2,0.0,0.5,0.5,0,1
9175,0,0.0,0.0,0.0,0,0
9176,3,0.3333333333333333,0.6666666666666666,0.0,104632,1
9182,1,1.0,0.0,0.0,0,1
9184,3,0.6666666666666666,0.3333333333333333,0.0,1102,1
9188,1,0.0,1.0,0.0,0,1
9191,3,0.0,0.6666666666666666,0.3333333333333333,75411,1
9192,1,0.0,1.0,0.0,0,1
9205,5,0.0,0.6,0.4,1214,1
9207,2,0.0,0.5,0.5,0,1
9209,1,1.0,0.0,0.0,0,1
9212,2,0.0,0.5,0.5,0,1
9219,2,0.0,0.5,0.5,0,1
9220,3,0.0,0.6666666666666666,0.3333333333333333,27826,1
9221,0,0.0,0.0,0.0,0,0
9222,1,0.0,1.0,0.0,0,1
9226,6,0.0,0.6666666666666666,0.3333333333333333,170604,1
9227,0,0.0,0.0,0.0,0,0
9229,3,0.3333333333333333,0.3333333333333333,0.3333333333333333,272943,1
9236,1,1.0,0.0,0.0,0,1
9237,1,0.0,1.0,0.0,0,1
9249,3,0.6666666666666666,0.3333333333333333,0.0,101,1
9251,0,0.0,0.0,0.0,0,0
9254,14,0.6428571428571429,0.2857142857142857,0.07142857142857142,415572,1
9282,2,1.0,0.0,0.0,343,1
9299,1,0.0,1.0,0.0,0,1
9345,2,1.0,0.0,0.0,21147,1
9356,0,0.0,0.0,0.0,0,0
9358,0,0.0,0.0,0.0,0,0
9365,0,0.0,0.0,0.0,0,0
9399,2,0.0,0.5,0.5,0,1
9438,0,0.0,0.0,0.0,0,0
9442,0,0.0,0.0,0.0,0,0
9447,2,0.0,1.0,0.0,48709,1
9451,4,1.0,0.0,0.0,84175,1
9466,2,0.0,1.0,0.0,17335,1
9480,2,0.5,0.5,0.0,3192,1
9481,0,0.0,0.0,0.0,0,0
9483,1,0.0,1.0,0.0,0,1
9490,1,0.0,1.0,0.0,0,1
9506,0,0.0,0.0,0.0,0,0
9508,1,1.0,0.0,0.0,0,1
9520,1,1.0,0.0,0.0,0,1
9531,0,0.0,0.0,0.0,0,0
9532,0,0.0,0.0,0.0,0,0
9563,2,0.5,0.5,0.0,0,1
9570,2,0.5,0.5,0.0,179346,1
9574,2,0.0,1.0,0.0,2,1
9600,3,0.3333333333333333,0.6666666666666666,0.0,11071,1
9626,1,0.0,1.0,0.0,0,1
9634,2,0.5,0.5,0.0,1802,1
9648,0,0.0,0.0,0.0,0,0
9649,0,0.0,0.0,0.0,0,0
9656,2,1.0,0.0,0.0,102611,1
9672,5,0.6,0.4,0.0,240458,1
9673,5,1.0,0.0,0.0,33355,1
9682,0,0.0,0.0,0.0,0,0
9691,0,0.0,0.0,0.0,0,0
9702,1,0.0,1.0,0.0,0,1
9707,0,0.0,0.0,0.0,0,0
9708,6,0.3333333333333333,0.6666666666666666,0.0,45338,1
9722,1,1.0,0.0,0.0,0,1
9731,1,0.0,1.0,0.0,0,1
9736,1,1.0,0.0,0.0,0,1
9745,0,0.0,0.0,0.0,0,0
9746,0,0.0,0.0,0.0,0,0
9763,2,0.0,0.5,0.5,0,1
9774,0,0.0,0.0,0.0,0,0
9784,9,0.7777777777777778,0.1111111111111111,0.1111111111111111,18489,1
9789,0,0.0,0.0,0.0,0,0
9791,0,0.0,0.0,0.0,0,0
9796,2,1.0,0.0,0.0,15878,1
9797,0,0.0,0.0,0.0,0,0
9798,1,0.0,1.0,0.0,0,1
9816,3,0.6666666666666666,0.3333333333333333,0.0,306421,1
9828,0,0.0,0.0,0.0,0,0
9851,4,0.5,0.5,0.0,24379,1
9857,1,1.0,0.0,0.0,0,1
9863,40,0.675,0.275,0.05,261847,1
9871,10,0.5,0.4,0.1,248468,1
9879,0,0.0,0.0,0.0,0,0
9881,0,0.0,0.0,0.0,0,0
9882,0,0.0,0.0,0.0,0,0
9893,0,0.0,0.0,0.0,0,0
9895,2,1.0,0.0,0.0,1319,1
9903,29,0.5862068965517241,0.41379310344827586,0.0,243654,1
9906,2,1.0,0.0,0.0,45084,1
9910,0,0.0,0.0,0.0,0,0
9914,0,0.0,0.0,0.0,0,0
9921,1,0.0,1.0,0.0,0,1
9928,0,0.0,0.0,0.0,0,0
9937,1,0.0,1.0,0.0,0,1
9957,1,1.0,0.0,0.0,0,1
9960,11,0.45454545454545453,0.5454545454545454,0.0,437395,1
9972,3,0.6666666666666666,0.3333333333333333,0.0,141709,1
9987,0,0.0,0.0,0.0,0,0
9997,5,0.0,0.6,0.4,9828,1
10001,1,1.0,0.0,0.0,0,1
10005,0,0.0,0.0,0.0,0,0
10008,0,0.0,0.0,0.0,0,0
10012,2,0.5,0.5,0.0,0,1
10025,2,0.5,0.5,0.0,0,1
10033,2,0.5,0.5,0.0,0,1
10035,5,1.0,0.0,0.0,10278,1
10044,7,0.7142857142857143,0.2857142857142857,0.0,143196,1
10053,5,0.8,0.2,0.0,287998,1
10061,1,1.0,0.0,0.0,0,1
10064,3,0.6666666666666666,0.3333333333333333,0.0,26,1
10065,4,0.5,0.25,0.25,144738,1
10110,3,0.0,0.6666666666666666,0.3333333333333333,0,1
10128,0,0.0,0.0,0.0,0,0
10133,0,0.0,0.0,0.0,0,0
10152,1,1.0,0.0,0.0,0,1
10159,2,0.5,0.5,0.0,0,1
10231,2,1.0,0.0,0.0,100814,1
10239,0,0.0,0.0,0.0,0,0
10260,0,0.0,0.0,0.0,0,0
10298,0,0.0,0.0,0.0,0,0
10329,2,0.0,0.5,0.5,0,1
10403,4,0.25,0.5,0.25,255970,1
10412,2,0.5,0.5,0.0,0,1
10427,1,0.0,1.0,0.0,0,1
10444,2,0.0,0.5,0.5,0,1
10445,0,0.0,0.0,0.0,0,0
10446,4,0.0,0.75,0.25,13098,1
10459,0,0.0,0.0,0.0,0,0
10468,0,0.0,0.0,0.0,0,0
10469,5,0.8,0.2,0.0,119949,1
10471,0,0.0,0.0,0.0,0,0
10508,0,0.0,0.0,0.0,0,0
10537,1,0.0,1.0,0.0,0,1
10538,0,0.0,0.0,0.0,0,0
10552,2,1.0,0.0,0.0,110482,1
10593,0,0.0,0.0,0.0,0,0
10602,1,0.0,1.0,0.0,0,1
10605,1,1.0,0.0,0.0,0,1
10606,0,0.0,0.0,0.0,0,0
10632,3,0.3333333333333333,0.3333333333333333,0.3333333333333333,13035,1
10635,0,0.0,0.0,0.0,0,0
10640,1,1.0,0.0,0.0,0,1
10647,0,0.0,0.0,0.0,0,0
10685,6,0.3333333333333333,0.3333333333333333,0.3333333333333333,191647,1
10686,5,1.0,0.0,0.0,18874,1
10695,0,0.0,0.0,0.0,0,0
10700,1,0.0,1.0,0.0,0,1
10701,4,0.0,0.5,0.5,3544,1
10707,3,0.3333333333333333,0.6666666666666666,0.0,4877,1
10709,3,1.0,0.0,0.0,15084,1
10711,1,0.0,1.0,0.0,0,1
10714,0,0.0,0.0,0.0,0,0
10715,0,0.0,0.0,0.0,0,0
10726,2,0.0,0.5,0.5,0,1
10729,0,0.0,0.0,0.0,0,0
10737,6,0.16666666666666666,0.5,0.3333333333333333,183929,1
10741,15,0.2,0.5333333333333333,0.26666666666666666,15416,1
10750,3,0.3333333333333333,0.3333333333333333,0.3333333333333333,3435,1
10783,0,0.0,0.0,0.0,0,0
10848,5,0.2,0.8,0.0,185458,1
10849,0,0.0,0.0,0.0,0,0
10862,1,1.0,0.0,0.0,0,1
10892,0,0.0,0.0,0.0,0,0
10895,1,1.0,0.0,0.0,0,1
10898,1,1.0,0.0,0.0,0,1
10902,0,0.0,0.0,0.0,0,0
10907,0,0.0,0.0,0.0,0,0
10911,0,0.0,0.0,0.0,0,0
10913,1,1.0,0.0,0.0,0,1
10923,3,0.3333333333333333,0.6666666666666666,0.0,126,1
10927,1,1.0,0.0,0.0,0,1
10928,1,1.0,0.0,0.0,0,1
10939,3,0.3333333333333333,0.6666666666666666,0.0,0,1
10940,0,0.0,0.0,0.0,0,0
10942,0,0.0,0.0,0.0,0,0
10964,0,0.0,0.0,0.0,0,0
10988,1,1.0,0.0,0.0,0,1
11020,1,1.0,0.0,0.0,0,1
11036,10,0.2,0.7,0.1,392083,1
11044,1,1.0,0.0,0.0,0,1
11057,3,0.3333333333333333,0.3333333333333333,0.3333333333333333,700,1
11108,1,0.0,1.0,0.0,0,1
11111,0,0.0,0.0,0.0,0,0
11112,2,0.5,0.5,0.0,230590,1
11125,1,0.0,1.0,0.0,0,1
11135,15,0.3333333333333333,0.6666666666666666,0.0,350739,1
11146,1,0.0,1.0,0.0,0,1
11147,1,1.0,0.0,0.0,0,1
11170,0,0.0,0.0,0.0,0,0
11176,5,0.2,0.8,0.0,224013,1
11178,0,0.0,0.0,0.0,0,0
11180,1,1.0,0.0,0.0,0,1
11185,2,0.0,0.5,0.5,0,1
11197,3,0.6666666666666666,0.3333333333333333,0.0,135492,1
11199,0,0.0,0.0,0.0,0,0
11213,6,0.5,0.3333333333333333,0.16666666666666666,100135,1
11221,1,1.0,0.0,0.0,0,1
11227,1,0.0,1.0,0.0,0,1
11234,1,1.0,0.0,0.0,0,1
11239,1,0.0,1.0,0.0,0,1
11249,1,1.0,0.0,0.0,0,1
11265,1,1.0,0.0,0.0,0,1
11267,12,0.4166666666666667,0.5,0.08333333333333333,173216,1
11276,0,0.0,0.0,0.0,0,0
11285,1,1.0,0.0,0.0,0,1
11286,6,0.16666666666666666,0.8333333333333334,0.0,0,1
11310,4,0.75,0.25,0.0,8423,1
11321,0,0.0,0.0,0.0,0,0
11326,9,0.2222222222222222,0.6666666666666666,0.1111111111111111,74672,1
11329,9,0.2222222222222222,0.7777777777777778,0.0,106982,1
11332,2,1.0,0.0,0.0,2144,1
11334,7,0.0,0.8571428571428571,0.14285714285714285,1671,1
11338,1,1.0,0.0,0.0,0,1
11339,3,0.6666666666666666,0.3333333333333333,0.0,23706,1
11344,1,1.0,0.0,0.0,0,1
11363,2,0.5,0.5,0.0,0,1
11364,0,0.0,0.0,0.0,0,0
11369,2,0.5,0.5,0.0,0,1
11376,3,0.0,0.6666666666666666,0.3333333333333333,0,1
11382,0,0.0,0.0,0.0,0,0
11397,9,0.5555555555555556,0.3333333333333333,0.1111111111111111,19353,1
11407,2,0.5,0.5,0.0,0,1
11408,0,0.0,0.0,0.0,0,0
11421,0,0.0,0.0,0.0,0,0
11429,1,0.0,1.0,0.0,0,1
11430,0,0.0,0.0,0.0,0,0
11432,0,0.0,0.0,0.0,0,0
11443,0,0.0,0.0,0.0,0,0
11444,1,0.0,1.0,0.0,0,1
11460,0,0.0,0.0,0.0,0,0
11463,2,0.5,0.5,0.0,47,1
11464,1,1.0,0.0,0.0,0,1
11469,1,1.0,0.0,0.0,0,1
11472,0,0.0,0.0,0.0,0,0
11482,2,1.0,0.0,0.0,83966,1
11501,1,1.0,0.0,0.0,0,1
11508,0,0.0,0.0,0.0,0,0
11529,3,1.0,0.0,0.0,39280,1
11542,32,0.5625,0.375,0.0625,348277,1
11544,1,1.0,0.0,0.0,0,1
11550,0,0.0,0.0,0.0,0,0
11556,1,0.0,1.0,0.0,0,1
11559,0,0.0,0.0,0.0,0,0
11562,0,0.0,0.0,0.0,0,0
11571,10,0.0,0.5,0.5,72210,1
11576,0,0.0,0.0,0.0,0,0
11580,1,1.0,0.0,0.0,0,1
11596,7,0.14285714285714285,0.42857142857142855,0.42857142857142855,13117,1
11621,0,0.0,0.0,0.0,0,0
11623,2,0.5,0.5,0.0,0,1
11632,1,1.0,0.0,0.0,0,1
11657,1,1.0,0.0,0.0,0,1
11666,5,0.0,0.6,0.4,76436,1
11668,3,0.6666666666666666,0.3333333333333333,0.0,72877,1
11670,0,0.0,0.0,0.0,0,0
11671,10,0.4,0.5,0.1,69618,1
11677,20,0.0,0.8,0.2,249676,1
11683,1,1.0,0.0,0.0,0,1
11688,2,0.0,0.5,0.5,0,1
11691,1,0.0,1.0,0.0,0,1
11692,53,0.1509433962264151,0.7169811320754716,0.1320754716981132,466550,1
11697,1,1.0,0.0,0.0,0,1
11699,0,0.0,0.0,0.0,0,0
11700,8,0.125,0.625,0.25,299899,1
11711,0,0.0,0.0,0.0,0,0
11714,3,0.3333333333333333,0.3333333333333333,0.3333333333333333,122195,1
11744,2,0.0,1.0,0.0,417852,1
11752,3,0.3333333333333333,0.6666666666666666,0.0,3965,1
11762,0,0.0,0.0,0.0,0,0
11789,0,0.0,0.0,0.0,0,0
11792,0,0.0,0.0,0.0,0,0
11804,0,0.0,0.0,0.0,0,0
11830,10,0.2,0.8,0.0,38531,1
11850,1,1.0,0.0,0.0,0,1
11854,1,0.0,1.0,0.0,0,1
11871,2,1.0,0.0,0.0,49761,1
11872,0,0.0,0.0,0.0,0,0
11876,17,0.23529411764705882,0.7647058823529411,0.0,524651,1
11880,0,0.0,0.0,0.0,0,0
11881,0,0.0,0.0,0.0,0,0
11882,4,0.25,0.5,0.25,1043,1
11907,0,0.0,0.0,0.0,0,0
11921,16,0.4375,0.5625,0.0,268671,1
11929,0,0.0,0.0,0.0,0,0
11931,0,0.0,0.0,0.0,0,0
11939,1,0.0,1.0,0.0,0,1
11945,1,0.0,1.0,0.0,0,1
11954,2,0.5,0.5,0.0,11517,1
11955,5,0.6,0.4,0.0,172730,1
11961,0,0.0,0.0,0.0,0,0
11979,2,1.0,0.0,0.0,332765,1
11990,2,0.0,0.5,0.5,0,1
12003,3,0.0,0.6666666666666666,0.3333333333333333,0,1
12005,2,0.0,1.0,0.0,93733,1
12022,5,0.4,0.6,0.0,156453,1
12059,2,0.5,0.5,0.0,0,1
12101,1,0.0,1.0,0.0,0,1
12126,3,0.3333333333333333,0.6666666666666666,0.0,59900,1
12130,2,1.0,0.0,0.0,74913,1
12158,2,0.0,0.5,0.5,0,1
12175,1,1.0,0.0,0.0,0,1
12187,1,0.0,1.0,0.0,0,1
12236,0,0.0,0.0,0.0,0,0
12266,0,0.0,0.0,0.0,0,0
12272,0,0.0,0.0,0.0,0,0
12286,0,0.0,0.0,0.0,0,0
12315,4,1.0,0.0,0.0,185265,1
12389,1,0.0,1.0,0.0,0,1
12390,0,0.0,0.0,0.0,0,0
12416,0,0.0,0.0,0.0,0,0
12465,0,0.0,0.0,0.0,0,0
12497,1,0.0,1.0,0.0,0,1
12532,0,0.0,0.0,0.0,0,0
12553,0,0.0,0.0,0.0,0,0
12557,4,0.5,0.25,0.25,107892,1
12569,1,1.0,0.0,0.0,0,1
12571,0,0.0,0.0,0.0,0,0
12573,0,0.0,0.0,0.0,0,0
12625,1,1.0,0.0,0.0,0,1
12637,4,0.5,0.5,0.0,21078,1
12644,1,1.0,0.0,0.0,0,1
12648,1,0.0,1.0,0.0,0,1
12657,0,0.0,0.0,0.0,0,0
12662,6,0.5,0.5,0.0,89644,1
12665,2,0.5,0.5,0.0,0,1
12669,1,1.0,0.0,0.0,0,1
12684,0,0.0,0.0,0.0,0,0
12687,0,0.0,0.0,0.0,0,0
12706,0,0.0,0.0,0.0,0,0
12716,0,0.0,0.0,0.0,0,0
12734,1,1.0,0.0,0.0,0,1
12735,5,0.8,0.2,0.0,2464,1
12736,6,0.6666666666666666,0.16666666666666666,0.16666666666666666,118937,1
12746,0,0.0,0.0,0.0,0,0
12748,0,0.0,0.0,0.0,0,0
12751,88,0.25,0.6477272727272727,0.10227272727272728,397114,1
12755,1,1.0,0.0,0.0,0,1
12767,0,0.0,0.0,0.0,0,0
12780,0,0.0,0.0,0.0,0,0
12793,1,1.0,0.0,0.0,0,1
12801,0,0.0,0.0,0.0,0,0
12814,0,0.0,0.0,0.0,0,0
12818,15,0.26666666666666666,0.5333333333333333,0.2,16270,1
12827,0,0.0,0.0,0.0,0,0
12830,0,0.0,0.0,0.0,0,0
12832,1,1.0,0.0,0.0,0,1
12844,1,0.0,1.0,0.0,0,1
12856,1,1.0,0.0,0.0,0,1
12857,4,0.0,0.75,0.25,68110,1
12860,6,0.3333333333333333,0.5,0.16666666666666666,16333,1
12875,2,0.0,0.5,0.5,0,1
12882,0,0.0,0.0,0.0,0,0
12894,7,0.7142857142857143,0.2857142857142857,0.0,93720,1
12909,5,0.2,0.6,0.2,104250,1
12915,2,0.5,0.5,0.0,0,1
12920,2,0.5,0.5,0.0,0,1
12922,1,1.0,0.0,0.0,0,1
12928,44,0.45454545454545453,0.4318181818181818,0.11363636363636363,187310,1
12929,1,1.0,0.0,0.0,0,1
12937,12,0.3333333333333333,0.6666666666666666,0.0,169686,1
12938,6,0.5,0.5,0.0,138196,1
12954,1,1.0,0.0,0.0,0,1
12955,0,0.0,0.0,0.0,0,0
12961,6,1.0,0.0,0.0,15937,1
12965,12,0.0,0.8333333333333334,0.16666666666666666,111826,1
12970,2,0.0,0.5,0.5,0,1
13004,3,0.6666666666666666,0.3333333333333333,0.0,95051,1
13006,0,0.0,0.0,0.0,0,0
13051,2,1.0,0.0,0.0,68,1
13061,1,1.0,0.0,0.0,0,1
13062,1,0.0,1.0,0.0,0,1
13074,20,0.65,0.3,0.05,210747,1
13082,0,0.0,0.0,0.0,0,0
13091,2,0.5,0.5,0.0,0,1
13102,3,0.6666666666666666,0.3333333333333333,0.0,46582,1
13118,0,0.0,0.0,0.0,0,0
13128,0,0.0,0.0,0.0,0,0
13134,6,0.0,0.6666666666666666,0.3333333333333333,456,1
13151,5,1.0,0.0,0.0,215267,1
13154,0,0.0,0.0,0.0,0,0
13164,2,1.0,0.0,0.0,78076,1
13186,2,1.0,0.0,0.0,47811,1
13205,0,0.0,0.0,0.0,0,0
13211,0,0.0,0.0,0.0,0,0
13223,4,0.5,0.25,0.25,7357,1
13224,1,1.0,0.0,0.0,0,1
13229,2,0.0,1.0,0.0,0,1
13234,1,0.0,1.0,0.0,0,1
13240,0,0.0,0.0,0.0,0,0
13244,4,1.0,0.0,0.0,427262,1
13248,3,0.3333333333333333,0.6666666666666666,0.0,0,1
13256,0,0.0,0.0,0.0,0,0
13272,1,1.0,0.0,0.0,0,1
13301,0,0.0,0.0,0.0,0,0
13311,4,0.5,0.5,0.0,40104,1
13320,8,0.5,0.5,0.0,129044,1
13352,2,1.0,0.0,0.0,230210,1
13367,4,0.25,0.75,0.0,0,1
13377,0,0.0,0.0,0.0,0,0
13383,19,0.5789473684210527,0.2631578947368421,0.15789473684210525,196986,1
13384,3,0.3333333333333333,0.6666666666666666,0.0,358500,1
13385,1,1.0,0.0,0.0,0,1
13390,1,1.0,0.0,0.0,0,1
13394,3,1.0,0.0,0.0,282818,1
13396,2,0.5,0.5,0.0,25483,1
13403,0,0.0,0.0,0.0,0,0
13425,0,0.0,0.0,0.0,0,0
13441,0,0.0,0.0,0.0,0,0
13446,1,0.0,1.0,0.0,0,1
13461,2,0.0,0.5,0.5,0,1
13486,0,0.0,0.0,0.0,0,0
13494,1,1.0,0.0,0.0,0,1
13498,0,0.0,0.0,0.0,0,0
13523,0,0.0,0.0,0.0,0,0
13530,1,1.0,0.0,0.0,0,1
13543,0,0.0,0.0,0.0,0,0
13551,1,0.0,1.0,0.0,0,1
13553,2,0.0,1.0,0.0,0,1
13556,4,0.5,0.5,0.0,86262,1
13560,1,1.0,0.0,0.0,0,1
13562,1,1.0,0.0,0.0,0,1
13570,0,0.0,0.0,0.0,0,0
13572,0,0.0,0.0,0.0,0,0
13586,0,0.0,0.0,0.0,0,0
13603,18,0.1111111111111111,0.7777777777777778,0.1111111111111111,119257,1
13609,11,0.45454545454545453,0.36363636363636365,0.18181818181818182,269147,1
13611,4,0.25,0.75,0.0,178779,1
13614,2,1.0,0.0,0.0,57365,1
13618,0,0.0,0.0,0.0,0,0
13620,3,0.0,0.6666666666666666,0.3333333333333333,78282,1
13627,6,0.5,0.5,0.0,435168,1
13633,13,0.0,0.8461538461538461,0.15384615384615385,171825,1
13638,0,0.0,0.0,0.0,0,0
13640,0,0.0,0.0,0.0,0,0
13641,3,0.3333333333333333,0.6666666666666666,0.0,0,1
13644,0,0.0,0.0,0.0,0,0
13659,1,1.0,0.0,0.0,0,1
13662,2,0.5,0.5,0.0,0,1
13668,4,0.25,0.5,0.25,29,1
13670,0,0.0,0.0,0.0,0,0
13699,0,0.0,0.0,0.0,0,0
13706,0,0.0,0.0,0.0,0,0
13707,0,0.0,0.0,0.0,0,0
13763,2,0.0,1.0,0.0,0,1
13777,2,1.0,0.0,0.0,186466,1
13781,0,0.0,0.0,0.0,0,0
13786,1,1.0,0.0,0.0,0,1
13809,14,0.21428571428571427,0.7857142857142857,0.0,215204,1
13811,4,1.0,0.0,0.0,266744,1
13812,0,0.0,0.0,0.0,0,0
13813,20,0.95,0.05,0.0,11302,1
13820,51,0.47058823529411764,0.49019607843137253,0.0392156862745098,363175,1
13821,0,0.0,0.0,0.0,0,0
13842,4,0.25,0.75,0.0,257653,1
13879,14,0.07142857142857142,0.6428571428571429,0.2857142857142857,367047,1
13894,1,0.0,1.0,0.0,0,1
13895,0,0.0,0.0,0.0,0,0
13900,5,0.0,0.8,0.2,114320,1
13903,0,0.0,0.0,0.0,0,0
13920,0,0.0,0.0,0.0,0,0
14006,1,1.0,0.0,0.0,0,1
14007,1,1.0,0.0,0.0,0,1
14049,0,0.0,0.0,0.0,0,0
14066,2,0.0,0.5,0.5,0,1
14075,6,0.5,0.5,0.0,36368,1
14124,0,0.0,0.0,0.0,0,0
14164,9,0.4444444444444444,0.5555555555555556,0.0,360068,1
14165,1,1.0,0.0,0.0,0,1
14166,19,0.05263157894736842,0.8947368421052632,0.05263157894736842,243750,1
14178,1,1.0,0.0,0.0,0,1
14201,1,0.0,1.0,0.0,0,1
14213,2,1.0,0.0,0.0,22,1
14368,2,1.0,0.0,0.0,228290,1
14370,0,0.0,0.0,0.0,0,0
14474,2,1.0,0.0,0.0,1638,1
14475,1,1.0,0.0,0.0,0,1
14486,2,1.0,0.0,0.0,172355,1
14543,2,1.0,0.0,0.0,141100,1
14553,1,1.0,0.0,0.0,0,1
14577,4,0.25,0.75,0.0,75377,1
14583,0,0.0,0.0,0.0,0,0
14584,0,0.0,0.0,0.0,0,0
14590,1,1.0,0.0,0.0,0,1
14600,0,0.0,0.0,0.0,0,0
14604,4,0.75,0.25,0.0,380032,1
14649,1,0.0,1.0,0.0,0,1
14668,0,0.0,0.0,0.0,0,0
14723,4,0.5,0.25,0.25,208881,1
14729,1,0.0,1.0,0.0,0,1
14731,0,0.0,0.0,0.0,0,0
14733,0,0.0,0.0,0.0,0,0
14734,0,0.0,0.0,0.0,0,0
14739,1,1.0,0.0,0.0,0,1
14787,0,0.0,0.0,0.0,0,0
14790,3,1.0,0.0,0.0,244,1
14805,0,0.0,0.0,0.0,0,0
14825,18,0.4444444444444444,0.4444444444444444,0.1111111111111111,571102,1
14837,2,0.0,0.5,0.5,0,1
14859,2,0.0,0.5,0.5,0,1
14887,0,0.0,0.0,0.0,0,0
14946,0,0.0,0.0,0.0,0,0
14957,67,0.34328358208955223,0.5373134328358209,0.11940298507462686,422687,1
14975,2,0.0,0.5,0.5,0,1
14980,0,0.0,0.0,0.0,0,0
14992,2,0.0,0.5,0.5,0,1
15028,1,1.0,0.0,0.0,0,1
15030,0,0.0,0.0,0.0,0,0
15036,0,0.0,0.0,0.0,0,0
15067,1,1.0,0.0,0.0,0,1
15071,0,0.0,0.0,0.0,0,0
15113,2,0.0,0.5,0.5,0,1
15119,1,1.0,0.0,0.0,0,1
15120,3,0.6666666666666666,0.3333333333333333,0.0,83070,1
15131,1,1.0,0.0,0.0,0,1
15158,1,0.0,1.0,0.0,0,1
15171,2,1.0,0.0,0.0,109356,1
15177,4,0.25,0.5,0.25,2574,1
15182,1,0.0,1.0,0.0,0,1
15194,0,0.0,0.0,0.0,0,0
15196,5,0.8,0.2,0.0,227106,1
15203,1,1.0,0.0,0.0,0,1
15210,50,0.4,0.5,0.1,357885,1
15217,4,0.0,0.5,0.5,6200,1
15240,2,1.0,0.0,0.0,93199,1
15247,2,0.0,0.5,0.5,0,1
15260,0,0.0,0.0,0.0,0,0
15261,1,1.0,0.0,0.0,0,1
15291,2,0.0,1.0,0.0,4269,1
15310,5,0.2,0.4,0.4,35352,1
15313,0,0.0,0.0,0.0,0,0
15342,0,0.0,0.0,0.0,0,0
15349,3,0.6666666666666666,0.3333333333333333,0.0,667,1
15354,0,0.0,0.0,0.0,0,0
15359,4,0.75,0.25,0.0,145862,1
15401,2,0.5,0.5,0.0,40502,1
15404,6,0.16666666666666666,0.5,0.3333333333333333,139673,1
15462,1,1.0,0.0,0.0,0,1
15498,2,0.5,0.5,0.0,0,1
15518,2,0.5,0.5,0.0,154181,1
15520,3,0.6666666666666666,0.3333333333333333,0.0,154544,1
15538,0,0.0,0.0,0.0,0,0
15556,2,1.0,0.0,0.0,6498,1
15595,3,0.6666666666666666,0.3333333333333333,0.0,383391,1
15606,1,0.0,1.0,0.0,0,1
15724,11,0.7272727272727273,0.2727272727272727,0.0,179587,1
15726,1,0.0,1.0,0.0,0,1
15759,0,0.0,0.0,0.0,0,0
15769,4,0.0,0.5,0.5,5651,1
15778,5,0.6,0.4,0.0,212275,1
15780,2,0.5,0.5,0.0,0,1
15783,2,0.5,0.5,0.0,347970,1
15801,31,0.6129032258064516,0.25806451612903225,0.12903225806451613,254816,1
15835,2,0.5,0.5,0.0,206332,1
15846,0,0.0,0.0,0.0,0,0
15869,1,1.0,0.0,0.0,0,1
15893,0,0.0,0.0,0.0,0,0
15896,2,0.5,0.5,0.0,4988,1
15908,1,1.0,0.0,0.0,0,1
15915,1,0.0,1.0,0.0,0,1
15921,1,0.0,1.0,0.0,0,1
15924,0,0.0,0.0,0.0,0,0
15926,4,0.0,0.75,0.25,10358,1
15969,0,0.0,0.0,0.0,0,0
15971,1,1.0,0.0,0.0,0,1
15972,6,0.16666666666666666,0.6666666666666666,0.16666666666666666,265096,1
15975,3,0.3333333333333333,0.3333333333333333,0.3333333333333333,69674,1
15996,3,0.3333333333333333,0.6666666666666666,0.0,39460,1
15998,0,0.0,0.0,0.0,0,0
16003,3,0.0,1.0,0.0,5699,1
16006,2,0.5,0.5,0.0,0,1
16017,12,0.3333333333333333,0.5833333333333334,0.08333333333333333,308310,1
16022,11,0.09090909090909091,0.45454545454545453,0.45454545454545453,355010,1
16065,1,1.0,0.0,0.0,0,1
16069,1,1.0,0.0,0.0,0,1
16073,0,0.0,0.0,0.0,0,0
16077,0,0.0,0.0,0.0,0,0
16078,2,1.0,0.0,0.0,87982,1
16080,2,1.0,0.0,0.0,35403,1
16091,4,0.5,0.5,0.0,271276,1
16106,1,1.0,0.0,0.0,0,1
16107,0,0.0,0.0,0.0,0,0
16108,0,0.0,0.0,0.0,0,0
16142,0,0.0,0.0,0.0,0,0
16150,0,0.0,0.0,0.0,0,0
16160,1,1.0,0.0,0.0,0,1
16164,4,1.0,0.0,0.0,53895,1
16165,2,0.5,0.5,0.0,4148,1
16174,3,0.3333333333333333,0.3333333333333333,0.3333333333333333,157341,1
16188,9,0.3333333333333333,0.4444444444444444,0.2222222222222222,37930,1
16190,3,0.3333333333333333,0.3333333333333333,0.3333333333333333,3037,1
16196,2,1.0,0.0,0.0,69487,1
16201,1,1.0,0.0,0.0,0,1
16203,1,1.0,0.0,0.0,0,1
16210,6,0.3333333333333333,0.5,0.16666666666666666,262292,1
16212,0,0.0,0.0,0.0,0,0
16218,2,0.5,0.5,0.0,1506,1
16219,3,0.3333333333333333,0.3333333333333333,0.3333333333333333,13028,1
16221,5,0.6,0.4,0.0,9505,1
16222,0,0.0,0.0,0.0,0,0
16223,2,1.0,0.0,0.0,157401,1
16326,1,1.0,0.0,0.0,0,1
16335,0,0.0,0.0,0.0,0,0
16442,2,0.0,1.0,0.0,35449,1
16483,1,0.0,1.0,0.0,0,1
16487,3,0.0,0.6666666666666666,0.3333333333333333,3468,1
16488,1,0.0,1.0,0.0,0,1
16491,1,0.0,1.0,0.0,0,1
16539,1,1.0,0.0,0.0,0,1
16596,1,1.0,0.0,0.0,0,1
16597,0,0.0,0.0,0.0,0,0
16598,6,0.5,0.5,0.0,35277,1
16604,0,0.0,0.0,0.0,0,0
16618,0,0.0,0.0,0.0,0,0
16623,2,1.0,0.0,0.0,98475,1
16627,0,0.0,0.0,0.0,0,0
16649,3,0.6666666666666666,0.3333333333333333,0.0,235776,1
16681,2,0.5,0.5,0.0,0,1
16687,0,0.0,0.0,0.0,0,0
16690,3,0.0,0.6666666666666666,0.3333333333333333,2093,1
16699,3,0.0,1.0,0.0,9816,1
16713,0,0.0,0.0,0.0,0,0
16744,2,0.0,0.5,0.5,0,1
16752,0,0.0,0.0,0.0,0,0
16768,1,0.0,1.0,0.0,0,1
16820,1,0.0,1.0,0.0,0,1
16832,0,0.0,0.0,0.0,0,0
16861,1,1.0,0.0,0.0,0,1
16865,0,0.0,0.0,0.0,0,0
16872,3,0.3333333333333333,0.6666666666666666,0.0,1464,1
16875,1,0.0,1.0,0.0,0,1
16877,0,0.0,0.0,0.0,0,0
16883,1,0.0,1.0,0.0,0,1
16901,4,0.0,0.75,0.25,0,1
16924,2,0.0,0.5,0.5,0,1
16934,2,1.0,0.0,0.0,20712,1
16950,7,0.42857142857142855,0.5714285714285714,0.0,75259,1
16953,1,1.0,0.0,0.0,0,1
16954,8,0.0,0.75,0.25,5802,1
16970,52,0.5384615384615384,0.46153846153846156,0.0,529211,1
16973,5,0.8,0.2,0.0,289785,1
16974,0,0.0,0.0,0.0,0,0
16976,3,1.0,0.0,0.0,133663,1
16981,0,0.0,0.0,0.0,0,0
16986,1,0.0,1.0,0.0,0,1
16996,0,0.0,0.0,0.0,0,0
17012,4,0.75,0.25,0.0,8297,1
17017,1,1.0,0.0,0.0,0,1
17021,0,0.0,0.0,0.0,0,0
17030,1,1.0,0.0,0.0,0,1
17037,1,1.0,0.0,0.0,0,1
17045,0,0.0,0.0,0.0,0,0
17087,0,0.0,0.0,0.0,0,0
17109,5,0.6,0.4,0.0,34884,1
17120,4,0.0,0.5,0.5,53307,1
17162,2,0.5,0.5,0.0,242,1
17173,5,0.2,0.8,0.0,75730,1
17175,6,0.16666666666666666,0.6666666666666666,0.16666666666666666,113950,1
17179,1,1.0,0.0,0.0,0,1
17182,3,1.0,0.0,0.0,80445,1
17205,4,0.5,0.25,0.25,163884,1
17218,1,1.0,0.0,0.0,0,1
17232,0,0.0,0.0,0.0,0,0
17240,3,0.6666666666666666,0.3333333333333333,0.0,93541,1
17242,0,0.0,0.0,0.0,0,0
17260,0,0.0,0.0,0.0,0,0
17280,0,0.0,0.0,0.0,0,0
17294,0,0.0,0.0,0.0,0,0
17305,1,0.0,1.0,0.0,0,1
17312,0,0.0,0.0,0.0,0,0
17316,0,0.0,0.0,0.0,0,0
17333,3,1.0,0.0,0.0,91970,1
17355,1,1.0,0.0,0.0,0,1
17365,1,0.0,1.0,0.0,0,1
17447,0,0.0,0.0,0.0,0,0
17462,1,1.0,0.0,0.0,0,1
17465,1,1.0,0.0,0.0,0,1
17489,0,0.0,0.0,0.0,0,0
17496,0,0.0,0.0,0.0,0,0
17508,9,0.6666666666666666,0.3333333333333333,0.0,127720,1
17511,1,1.0,0.0,0.0,0,1
17515,2,1.0,0.0,0.0,263914,1
17525,4,0.5,0.5,0.0,512,1
17526,1,0.0,1.0,0.0,0,1
17528,1,0.0,1.0,0.0,0,1
17560,0,0.0,0.0,0.0,0,0
17565,1,1.0,0.0,0.0,0,1
17571,0,0.0,0.0,0.0,0,0
17575,1,0.0,1.0,0.0,0,1
17603,0,0.0,0.0,0.0,0,0
17626,1,0.0,1.0,0.0,0,1
17642,1,1.0,0.0,0.0,0,1
17665,0,0.0,0.0,0.0,0,0
17677,1,1.0,0.0,0.0,0,1
17678,0,0.0,0.0,0.0,0,0
17680,2,0.5,0.5,0.0,200665,1
17695,0,0.0,0.0,0.0,0,0
17728,0,0.0,0.0,0.0,0,0
17732,0,0.0,0.0,0.0,0,0
17743,3,0.0,1.0,0.0,127,1
17777,1,1.0,0.0,0.0,0,1
17859,0,0.0,0.0,0.0,0,0
17866,6,0.0,0.5,0.5,20622,1
17871,0,0.0,0.0,0.0,0,0
17874,1,0.0,1.0,0.0,0,1
17881,0,0.0,0.0,0.0,0,0
17885,1,1.0,0.0,0.0,0,1
17917,1,1.0,0.0,0.0,0,1
17921,1,1.0,0.0,0.0,0,1
17929,1,1.0,0.0,0.0,0,1
17930,2,0.0,1.0,0.0,706,1
17946,0,0.0,0.0,0.0,0,0
17951,3,0.6666666666666666,0.3333333333333333,0.0,2975,1
17985,1,1.0,0.0,0.0,0,1
18038,12,0.5833333333333334,0.4166666666666667,0.0,347372,1
18052,5,0.6,0.4,0.0,58775,1
18065,4,0.25,0.5,0.25,125166,1
18069,2,0.0,0.5,0.5,0,1
18076,15,0.0,0.8666666666666667,0.13333333333333333,256800,1
18081,0,0.0,0.0,0.0,0,0
18093,0,0.0,0.0,0.0,0,0
18099,0,0.0,0.0,0.0,0,0
18105,9,0.1111111111111111,0.6666666666666666,0.2222222222222222,168582,1
18107,0,0.0,0.0,0.0,0,0
18108,0,0.0,0.0,0.0,0,0
18114,1,1.0,0.0,0.0,0,1
18116,0,0.0,0.0,0.0,0,0
18124,0,0.0,0.0,0.0,0,0
18125,4,0.75,0.25,0.0,87194,1
18126,2,0.5,0.5,0.0,0,1
18130,1,1.0,0.0,0.0,0,1
18131,2,0.5,0.5,0.0,1112,1
18132,1,1.0,0.0,0.0,0,1
18143,0,0.0,0.0,0.0,0,0
18145,2,0.0,1.0,0.0,0,1
18149,1,0.0,1.0,0.0,0,1
18150,2,0.0,0.5,0.5,0,1
18153,0,0.0,0.0,0.0,0,0
18157,0,0.0,0.0,0.0,0,0
18160,0,0.0,0.0,0.0,0,0
18166,0,0.0,0.0,0.0,0,0
18173,1,0.0,1.0,0.0,0,1
18187,1,1.0,0.0,0.0,0,1
18189,4,0.5,0.25,0.25,73172,1
18199,0,0.0,0.0,0.0,0,0
18215,2,0.0,0.5,0.5,0,1
18217,0,0.0,0.0,0.0,0,0
18227,2,1.0,0.0,0.0,32378,1
18231,1,1.0,0.0,0.0,0,1
18237,2,0.0,0.5,0.5,0,1
18284,2,1.0,0.0,0.0,18154,1
18288,0,0.0,0.0,0.0,0,0
18289,1,1.0,0.0,0.0,0,1
18319,2,0.0,1.0,0.0,8482,1
18320,0,0.0,0.0,0.0,0,0
18348,1,1.0,0.0,0.0,0,1
18349,5,0.4,0.6,0.0,347233,1
18355,1,0.0,1.0,0.0,0,1
18416,3,0.6666666666666666,0.3333333333333333,0.0,13,1
18423,1,1.0,0.0,0.0,0,1
18469,5,0.8,0.2,0.0,65378,1
18490,10,0.2,0.5,0.3,336527,1
18526,1,1.0,0.0,0.0,0,1
18529,1,1.0,0.0,0.0,0,1
18535,1,1.0,0.0,0.0,0,1
18540,4,0.5,0.5,0.0,246624,1
18547,0,0.0,0.0,0.0,0,0
18581,1,0.0,1.0,0.0,0,1
18585,2,0.5,0.5,0.0,0,1
18595,1,1.0,0.0,0.0,0,1
18606,4,0.0,0.5,0.5,375,1
18625,0,0.0,0.0,0.0,0,0
18630,1,0.0,1.0,0.0,0,1
18648,1,1.0,0.0,0.0,0,1
18654,0,0.0,0.0,0.0,0,0
18668,0,0.0,0.0,0.0,0,0
18694,6,0.8333333333333334,0.16666666666666666,0.0,43712,1
18702,3,0.0,1.0,0.0,203,1
18714,1,1.0,0.0,0.0,0,1
18722,0,0.0,0.0,0.0,0,0
18725,2,0.5,0.5,0.0,0,1
18730,0,0.0,0.0,0.0,0,0
18737,0,0.0,0.0,0.0,0,0
18740,24,0.4166666666666667,0.5,0.08333333333333333,35318,1
18748,0,0.0,0.0,0.0,0,0
18760,1,0.0,1.0,0.0,0,1
18770,2,1.0,0.0,0.0,117632,1
18815,0,0.0,0.0,0.0,0,0
18817,0,0.0,0.0,0.0,0,0
18818,0,0.0,0.0,0.0,0,0
18826,5,0.8,0.2,0.0,192983,1
18827,0,0.0,0.0,0.0,0,0
18847,1,1.0,0.0,0.0,0,1
18865,1,1.0,0.0,0.0,0,1
18868,2,0.5,0.5,0.0,177177,1
18879,4,0.0,1.0,0.0,165816,1
18892,1,0.0,1.0,0.0,0,1
18926,7,0.5714285714285714,0.42857142857142855,0.0,20842,1
18929,0,0.0,0.0,0.0,0,0
18944,9,0.1111111111111111,0.8888888888888888,0.0,29989,1
19148,7,0.2857142857142857,0.7142857142857143,0.0,2698,1
19153,0,0.0,0.0,0.0,0,0
19154,1,1.0,0.0,0.0,0,1
19174,4,0.5,0.5,0.0,90120,1
19181,1,1.0,0.0,0.0,0,1
19190,2,0.0,0.5,0.5,0,1
19193,1,1.0,0.0,0.0,0,1
19210,5,0.6,0.2,0.2,233230,1
19212,0,0.0,0.0,0.0,0,0
19214,3,0.3333333333333333,0.3333333333333333,0.3333333333333333,33627,1
19218,5,0.2,0.6,0.2,180410,1
19232,1,1.0,0.0,0.0,0,1
19242,0,0.0,0.0,0.0,0,0
19245,6,0.6666666666666666,0.3333333333333333,0.0,163356,1
19250,0,0.0,0.0,0.0,0,0
19255,0,0.0,0.0,0.0,0,0
19258,16,0.375,0.5,0.125,273285,1
19278,2,1.0,0.0,0.0,802,1
19282,6,0.5,0.5,0.0,97442,1
19323,0,0.0,0.0,0.0,0,0
19339,0,0.0,0.0,0.0,0,0
19343,8,0.375,0.625,0.0,89590,1
19345,3,0.6666666666666666,0.3333333333333333,0.0,8,1
19348,0,0.0,0.0,0.0,0,0
19367,2,0.0,0.5,0.5,0,1
19373,0,0.0,0.0,0.0,0,0
19396,0,0.0,0.0,0.0,0,0
19399,0,0.0,0.0,0.0,0,0
19411,0,0.0,0.0,0.0,0,0
19514,2,0.0,0.5,0.5,0,1
19527,2,1.0,0.0,0.0,77548,1
19559,0,0.0,0.0,0.0,0,0
19571,0,0.0,0.0,0.0,0,0
19604,42,0.30952380952380953,0.5714285714285714,0.11904761904761904,281511,1
19624,0,0.0,0.0,0.0,0,0
19628,2,1.0,0.0,0.0,86460,1
19658,0,0.0,0.0,0.0,0,0
19666,1,1.0,0.0,0.0,0,1
19669,1,1.0,0.0,0.0,0,1
19672,1,1.0,0.0,0.0,0,1
19690,1,1.0,0.0,0.0,0,1
19700,3,0.6666666666666666,0.3333333333333333,0.0,7564,1
19701,2,0.5,0.5,0.0,0,1
19710,1,1.0,0.0,0.0,0,1
19724,1,1.0,0.0,0.0,0,1
19733,1,1.0,0.0,0.0,0,1
19778,0,0.0,0.0,0.0,0,0
19782,1,1.0,0.0,0.0,0,1
19791,1,1.0,0.0,0.0,0,1
19796,3,0.3333333333333333,0.6666666666666666,0.0,0,1
19837,20,0.65,0.35,0.0,165175,1
19840,0,0.0,0.0,0.0,0,0
19844,1,1.0,0.0,0.0,0,1
19861,0,0.0,0.0,0.0,0,0
19863,0,0.0,0.0,0.0,0,0
19869,0,0.0,0.0,0.0,0,0
19872,0,0.0,0.0,0.0,0,0
19878,0,0.0,0.0,0.0,0,0
19880,23,0.17391304347826086,0.8260869565217391,0.0,173252,1
20008,1,1.0,0.0,0.0,0,1
20021,1,1.0,0.0,0.0,0,1
20053,2,0.0,1.0,0.0,36756,1
20055,1,1.0,0.0,0.0,0,1
20067,0,0.0,0.0,0.0,0,0
20068,1,0.0,1.0,0.0,0,1
20073,15,0.3333333333333333,0.5333333333333333,0.13333333333333333,226583,1
20076,2,0.5,0.5,0.0,0,1
20080,1,1.0,0.0,0.0,0,1
20081,1,0.0,1.0,0.0,0,1
20111,0,0.0,0.0,0.0,0,0
20115,1,1.0,0.0,0.0,0,1
20122,3,0.6666666666666666,0.3333333333333333,0.0,7276,1
20128,0,0.0,0.0,0.0,0,0
20134,0,0.0,0.0,0.0,0,0
20139,0,0.0,0.0,0.0,0,0
20163,4,0.25,0.75,0.0,204561,1
20170,0,0.0,0.0,0.0,0,0
20173,1,0.0,1.0,0.0,0,1
20199,0,0.0,0.0,0.0,0,0
20218,0,0.0,0.0,0.0,0,0
20220,4,0.5,0.25,0.25,29027,1
20223,1,0.0,1.0,0.0,0,1
20230,1,1.0,0.0,0.0,0,1
20245,4,0.0,0.75,0.25,6233,1
20251,4,0.5,0.5,0.0,9977,1
20254,1,1.0,0.0,0.0,0,1
20262,3,1.0,0.0,0.0,101121,1
20271,4,0.5,0.25,0.25,179746,1
20293,0,0.0,0.0,0.0,0,0
20299,3,0.0,0.6666666666666666,0.3333333333333333,196,1
20359,5,0.0,0.8,0.2,88733,1
20365,0,0.0,0.0,0.0,0,0
20367,17,0.7058823529411765,0.29411764705882354,0.0,92277,1
20375,1,0.0,1.0,0.0,0,1
20383,2,0.0,0.5,0.5,0,1
20390,0,0.0,0.0,0.0,0,0
20393,2,0.0,1.0,0.0,3576,1
20403,0,0.0,0.0,0.0,0,0
20458,0,0.0,0.0,0.0,0,0
20461,2,0.5,0.5,0.0,171,1
20522,0,0.0,0.0,0.0,0,0
20548,2,0.0,1.0,0.0,124089,1
20554,3,0.6666666666666666,0.3333333333333333,0.0,78688,1
20556,0,0.0,0.0,0.0,0,0
20559,1,0.0,1.0,0.0,0,1
20562,0,0.0,0.0,0.0,0,0
20592,0,0.0,0.0,0.0,0,0
20601,2,1.0,0.0,0.0,1803,1
20689,1,1.0,0.0,0.0,0,1
20697,1,0.0,1.0,0.0,0,1
20703,0,0.0,0.0,0.0,0,0
20712,1,1.0,0.0,0.0,0,1
20716,9,0.6666666666666666,0.3333333333333333,0.0,364998,1
20772,1,1.0,0.0,0.0,0,1
20790,0,0.0,0.0,0.0,0,0
20802,0,0.0,0.0,0.0,0,0
20863,1,0.0,1.0,0.0,0,1
20869,1,1.0,0.0,0.0,0,1
20871,0,0.0,0.0,0.0,0,0
20876,5,0.4,0.6,0.0,431895,1
20880,2,0.0,1.0,0.0,0,1
20885,1,0.0,1.0,0.0,0,1
20922,24,0.125,0.4583333333333333,0.4166666666666667,83874,1
20951,2,0.5,0.5,0.0,0,1
20952,1,1.0,0.0,0.0,0,1
20959,1,1.0,0.0,0.0,0,1
20982,3,0.3333333333333333,0.3333333333333333,0.3333333333333333,109507,1
21006,2,0.0,1.0,0.0,375647,1
21057,1,0.0,1.0,0.0,0,1
21121,3,0.6666666666666666,0.3333333333333333,0.0,79463,1
21123,0,0.0,0.0,0.0,0,0
21174,0,0.0,0.0,0.0,0,0
21199,1,0.0,1.0,0.0,0,1
21250,1,0.0,1.0,0.0,0,1
21299,4,0.75,0.25,0.0,57474,1
21309,1,0.0,1.0,0.0,0,1
21337,0,0.0,0.0,0.0,0,0
21345,2,0.0,1.0,0.0,0,1
21371,1,1.0,0.0,0.0,0,1
21386,10,0.7,0.3,0.0,284518,1
21423,4,0.0,0.75,0.25,0,1
21426,1,1.0,0.0,0.0,0,1
21432,2,0.0,0.5,0.5,0,1
21448,0,0.0,0.0,0.0,0,0
21450,2,0.0,0.5,0.5,0,1
21469,3,0.0,1.0,0.0,223217,1
21578,1,0.0,1.0,0.0,0,1
21585,10,0.1,0.8,0.1,192678,1
21586,1,1.0,0.0,0.0,0,1
21588,3,0.0,1.0,0.0,4266,1
21590,0,0.0,0.0,0.0,0,0
21686,7,0.0,0.5714285714285714,0.42857142857142855,5926,1
21692,1,1.0,0.0,0.0,0,1
21717,2,1.0,0.0,0.0,3791,1
21720,0,0.0,0.0,0.0,0,0
21731,0,0.0,0.0,0.0,0,0
21744,0,0.0,0.0,0.0,0,0
21778,0,0.0,0.0,0.0,0,0
21833,1,1.0,0.0,0.0,0,1
21846,0,0.0,0.0,0.0,0,0
21856,0,0.0,0.0,0.0,0,0
21861,0,0.0,0.0,0.0,0,0
21929,33,0.6060606060606061,0.3939393939393939,0.0,444461,1
21933,0,0.0,0.0,0.0,0,0
21949,2,0.0,1.0,0.0,94020,1
21980,0,0.0,0.0,0.0,0,0
21983,2,0.0,1.0,0.0,0,1
21985,0,0.0,0.0,0.0,0,0
22199,2,1.0,0.0,0.0,42685,1
22250,1,1.0,0.0,0.0,0,1
22252,0,0.0,0.0,0.0,0,0
22273,4,0.5,0.5,0.0,106,1
22339,20,0.4,0.4,0.2,470314,1
22360,1,0.0,1.0,0.0,0,1
22365,3,0.3333333333333333,0.3333333333333333,0.3333333333333333,88894,1
22418,1,1.0,0.0,0.0,0,1
22437,1,1.0,0.0,0.0,0,1
22455,3,0.0,1.0,0.0,90,1
22458,6,0.8333333333333334,0.16666666666666666,0.0,267490,1
22498,0,0.0,0.0,0.0,0,0
22510,2,0.0,1.0,0.0,78648,1
22518,2,0.5,0.5,0.0,1219,1
22566,2,0.5,0.5,0.0,0,1
22573,0,0.0,0.0,0.0,0,0
22580,2,0.5,0.5,0.0,0,1
22590,0,0.0,0.0,0.0,0,0
22593,3,0.0,0.6666666666666666,0.3333333333333333,48327,1
22595,0,0.0,0.0,0.0,0,0
22596,0,0.0,0.0,0.0,0,0
22606,0,0.0,0.0,0.0,0,0
22608,0,0.0,0.0,0.0,0,0
22627,12,0.5,0.4166666666666667,0.08333333333333333,181007,1
22634,1,1.0,0.0,0.0,0,1
22645,1,1.0,0.0,0.0,0,1
22668,4,0.25,0.5,0.25,215022,1
22675,2,0.5,0.5,0.0,0,1
22678,0,0.0,0.0,0.0,0,0
22681,1,1.0,0.0,0.0,0,1
22700,0,0.0,0.0,0.0,0,0
22713,1,1.0,0.0,0.0,0,1
22714,1,0.0,1.0,0.0,0,1
22721,0,0.0,0.0,0.0,0,0
22722,1,1.0,0.0,0.0,0,1
22734,1,1.0,0.0,0.0,0,1
22762,0,0.0,0.0,0.0,0,0
22775,1,0.0,1.0,0.0,0,1
22779,5,0.0,0.8,0.2,100,1
22781,2,0.5,0.5,0.0,0,1
22784,3,0.6666666666666666,0.3333333333333333,0.0,4558,1
22798,5,0.6,0.4,0.0,132619,1
22804,2,0.5,0.5,0.0,1037,1
22806,0,0.0,0.0,0.0,0,0
22809,3,0.0,0.6666666666666666,0.3333333333333333,455,1
22832,3,0.6666666666666666,0.3333333333333333,0.0,6505,1
22875,1,0.0,1.0,0.0,0,1
22902,3,0.0,1.0,0.0,0,1
22962,0,0.0,0.0,0.0,0,0
22969,1,1.0,0.0,0.0,0,1
22990,1,1.0,0.0,0.0,0,1
22997,18,0.16666666666666666,0.7222222222222222,0.1111111111111111,111827,1
23003,0,0.0,0.0,0.0,0,0
23014,0,0.0,0.0,0.0,0,0
23019,0,0.0,0.0,0.0,0,0
23020,0,0.0,0.0,0.0,0,0
23048,0,0.0,0.0,0.0,0,0
23049,1,1.0,0.0,0.0,0,1
23087,0,0.0,0.0,0.0,0,0
23096,0,0.0,0.0,0.0,0,0
23117,3,0.3333333333333333,0.3333333333333333,0.3333333333333333,4705,1
23118,1,0.0,1.0,0.0,0,1
23129,0,0.0,0.0,0.0,0,0
23130,0,0.0,0.0,0.0,0,0
23132,0,0.0,0.0,0.0,0,0
23197,1,1.0,0.0,0.0,0,1
23210,0,0.0,0.0,0.0,0,0
23236,7,0.8571428571428571,0.14285714285714285,0.0,203320,1
23276,0,0.0,0.0,0.0,0,0
23283,2,0.0,1.0,0.0,8371,1
23303,0,0.0,0.0,0.0,0,0
23314,0,0.0,0.0,0.0,0,0
23371,1,1.0,0.0,0.0,0,1
23389,0,0.0,0.0,0.0,0,0
23395,5,0.4,0.6,0.0,84255,1
23399,16,0.375,0.5,0.125,130666,1
23417,1,1.0,0.0,0.0,0,1
23430,1,0.0,1.0,0.0,0,1
23434,0,0.0,0.0,0.0,0,0
23455,1,0.0,1.0,0.0,0,1
23460,1,1.0,0.0,0.0,0,1
23461,0,0.0,0.0,0.0,0,0
23472,1,1.0,0.0,0.0,0,1
23537,0,0.0,0.0,0.0,0,0
23538,2,0.5,0.5,0.0,0,1
23539,1,0.0,1.0,0.0,0,1
23576,0,0.0,0.0,0.0,0,0
23604,0,0.0,0.0,0.0,0,0
23663,0,0.0,0.0,0.0,0,0
23668,3,1.0,0.0,0.0,1817,1
23688,0,0.0,0.0,0.0,0,0
23690,0,0.0,0.0,0.0,0,0
23796,5,0.0,0.8,0.2,32244,1
23816,0,0.0,0.0,0.0,0,0
23823,0,0.0,0.0,0.0,0,0
23854,0,0.0,0.0,0.0,0,0
23946,7,0.14285714285714285,0.8571428571428571,0.0,175847,1
23951,0,0.0,0.0,0.0,0,0
23956,10,0.4,0.6,0.0,216728,1
23960,9,0.4444444444444444,0.3333333333333333,0.2222222222222222,152466,1
23991,2,1.0,0.0,0.0,56178,1
24012,2,1.0,0.0,0.0,43816,1
24048,1,1.0,0.0,0.0,0,1
24079,2,1.0,0.0,0.0,2518,1
24099,0,0.0,0.0,0.0,0,0
24156,0,0.0,0.0,0.0,0,0
24192,1,0.0,1.0,0.0,0,1
24194,1,1.0,0.0,0.0,0,1
24197,0,0.0,0.0,0.0,0,0
24205,1,1.0,0.0,0.0,0,1
24227,1,0.0,1.0,0.0,0,1
24251,0,0.0,0.0,0.0,0,0
24257,0,0.0,0.0,0.0,0,0
24335,3,0.6666666666666666,0.3333333333333333,0.0,74623,1
24371,4,0.0,0.75,0.25,140773,1
24389,0,0.0,0.0,0.0,0,0
24418,2,0.5,0.5,0.0,84290,1
24453,2,0.5,0.5,0.0,59522,1
24595,3,0.0,1.0,0.0,54996,1
24610,0,0.0,0.0,0.0,0,0
24642,2,0.5,0.5,0.0,0,1
24644,2,0.0,0.5,0.5,0,1
24673,1,0.0,1.0,0.0,0,1
24676,7,0.7142857142857143,0.2857142857142857,0.0,159,1
24703,0,0.0,0.0,0.0,0,0
24714,1,1.0,0.0,0.0,0,1
24742,0,0.0,0.0,0.0,0,0
24765,1,1.0,0.0,0.0,0,1
24792,2,0.0,0.5,0.5,0,1
24804,0,0.0,0.0,0.0,0,0
24821,6,0.8333333333333334,0.16666666666666666,0.0,259605,1
24831,0,0.0,0.0,0.0,0,0
24857,1,1.0,0.0,0.0,0,1
24882,1,1.0,0.0,0.0,0,1
24883,1,1.0,0.0,0.0,0,1
24917,0,0.0,0.0,0.0,0,0
24927,0,0.0,0.0,0.0,0,0
24954,9,0.4444444444444444,0.4444444444444444,0.1111111111111111,230277,1
24959,2,1.0,0.0,0.0,259785,1
25006,20,0.35,0.5,0.15,108728,1
25019,1,1.0,0.0,0.0,0,1
25033,4,0.0,0.5,0.5,226636,1
25053,1,0.0,1.0,0.0,0,1
25063,9,0.3333333333333333,0.5555555555555556,0.1111111111111111,130455,1
25094,3,0.0,1.0,0.0,84014,1
25125,9,0.6666666666666666,0.3333333333333333,0.0,188942,1
25152,0,0.0,0.0,0.0,0,0
25195,1,0.0,1.0,0.0,0,1
25206,6,0.3333333333333333,0.5,0.16666666666666666,167583,1
25227,0,0.0,0.0,0.0,0,0
25247,3,0.6666666666666666,0.3333333333333333,0.0,80853,1
25268,1,1.0,0.0,0.0,0,1
25274,6,0.16666666666666666,0.6666666666666666,0.16666666666666666,96383,1
25281,1,1.0,0.0,0.0,0,1
25288,0,0.0,0.0,0.0,0,0
25309,1,1.0,0.0,0.0,0,1
25388,1,0.0,1.0,0.0,0,1
25391,0,0.0,0.0,0.0,0,0
25396,0,0.0,0.0,0.0,0,0
25399,0,0.0,0.0,0.0,0,0
25432,1,0.0,1.0,0.0,0,1
25440,0,0.0,0.0,0.0,0,0
25478,1,1.0,0.0,0.0,0,1
25505,2,0.5,0.5,0.0,0,1
25522,1,1.0,0.0,0.0,0,1
25527,0,0.0,0.0,0.0,0,0
25529,2,1.0,0.0,0.0,5492,1
25568,0,0.0,0.0,0.0,0,0
25620,0,0.0,0.0,0.0,0,0
25623,2,1.0,0.0,0.0,2212,1
25674,5,0.8,0.2,0.0,177680,1
25675,2,0.5,0.5,0.0,0,1
25699,0,0.0,0.0,0.0,0,0
25710,0,0.0,0.0,0.0,0,0
25798,0,0.0,0.0,0.0,0,0
25801,1,1.0,0.0,0.0,0,1
25810,0,0.0,0.0,0.0,0,0
25812,2,0.5,0.5,0.0,0,1
25819,0,0.0,0.0,0.0,0,0
25886,8,0.125,0.5,0.375,288964,1
25938,0,0.0,0.0,0.0,0,0
25965,2,1.0,0.0,0.0,46260,1
26015,2,0.0,0.5,0.5,0,1
26033,3,0.0,1.0,0.0,0,1
26056,1,1.0,0.0,0.0,0,1
26061,1,0.0,1.0,0.0,0,1
26078,10,0.0,1.0,0.0,302202,1
26104,0,0.0,0.0,0.0,0,0
26118,0,0.0,0.0,0.0,0,0
26126,0,0.0,0.0,0.0,0,0
26129,12,0.25,0.75,0.0,195026,1
26135,3,0.3333333333333333,0.6666666666666666,0.0,0,1
26152,1,0.0,1.0,0.0,0,1
26153,26,0.4230769230769231,0.5769230769230769,0.0,338605,1
26155,0,0.0,0.0,0.0,0,0
26162,4,0.75,0.25,0.0,88528,1
26164,1,0.0,1.0,0.0,0,1
26171,8,0.25,0.5,0.25,260130,1
26173,6,0.6666666666666666,0.3333333333333333,0.0,62737,1
26177,5,0.6,0.4,0.0,210668,1
26190,0,0.0,0.0,0.0,0,0
26233,0,0.0,0.0,0.0,0,0
26245,0,0.0,0.0,0.0,0,0
26332,1,1.0,0.0,0.0,0,1
26339,0,0.0,0.0,0.0,0,0
26345,3,0.3333333333333333,0.6666666666666666,0.0,0,1
26346,0,0.0,0.0,0.0,0,0
26368,0,0.0,0.0,0.0,0,0
26398,46,0.17391304347826086,0.7391304347826086,0.08695652173913043,409254,1
26487,1,1.0,0.0,0.0,0,1
26498,2,1.0,0.0,0.0,146116,1
26527,2,0.5,0.5,0.0,168233,1
26528,1,1.0,0.0,0.0,0,1
26530,0,0.0,0.0,0.0,0,0
26538,1,0.0,1.0,0.0,0,1
26542,0,0.0,0.0,0.0,0,0
26549,1,1.0,0.0,0.0,0,1
26551,0,0.0,0.0,0.0,0,0
26555,0,0.0,0.0,0.0,0,0
26584,0,0.0,0.0,0.0,0,0
26622,0,0.0,0.0,0.0,0,0
26630,1,1.0,0.0,0.0,0,1
26637,0,0.0,0.0,0.0,0,0
26660,2,1.0,0.0,0.0,55018,1
26681,13,0.07692307692307693,0.6923076923076923,0.23076923076923078,251344,1
26720,14,0.5714285714285714,0.42857142857142855,0.0,12718,1
26728,1,1.0,0.0,0.0,0,1
26733,3,0.6666666666666666,0.3333333333333333,0.0,163,1
26747,1,0.0,1.0,0.0,0,1
26752,1,0.0,1.0,0.0,0,1
26755,6,0.16666666666666666,0.5,0.3333333333333333,282222,1
26799,0,0.0,0.0,0.0,0,0
26809,4,0.25,0.5,0.25,726,1
26871,0,0.0,0.0,0.0,0,0
26890,3,0.6666666666666666,0.3333333333333333,0.0,135992,1
27004,1,0.0,1.0,0.0,0,1
27011,0,0.0,0.0,0.0,0,0
27019,0,0.0,0.0,0.0,0,0
27025,0,0.0,0.0,0.0,0,0
27030,0,0.0,0.0,0.0,0,0
27050,2,0.0,1.0,0.0,67789,1
27065,0,0.0,0.0,0.0,0,0
27067,0,0.0,0.0,0.0,0,0
27074,0,0.0,0.0,0.0,0,0
27110,2,0.0,1.0,0.0,0,1
27116,1,1.0,0.0,0.0,0,1
27143,1,1.0,0.0,0.0,0,1
27144,0,0.0,0.0,0.0,0,0
27145,2,0.5,0.5,0.0,345,1
27148,0,0.0,0.0,0.0,0,0
27251,0,0.0,0.0,0.0,0,0
27263,0,0.0,0.0,0.0,0,0
27279,0,0.0,0.0,0.0,0,0
27307,2,0.5,0.5,0.0,257779,1
27309,0,0.0,0.0,0.0,0,0
27314,7,0.5714285714285714,0.42857142857142855,0.0,256638,1
27316,2,0.5,0.5,0.0,0,1
27369,0,0.0,0.0,0.0,0,0
27381,7,0.0,0.7142857142857143,0.2857142857142857,300035,1
27412,5,0.0,1.0,0.0,199745,1
27420,0,0.0,0.0,0.0,0,0
27483,26,0.4230769230769231,0.5384615384615384,0.038461538461538464,156472,1
27484,3,0.3333333333333333,0.3333333333333333,0.3333333333333333,206712,1
27509,2,1.0,0.0,0.0,233882,1
27516,1,1.0,0.0,0.0,0,1
27519,1,1.0,0.0,0.0,0,1
27520,2,0.0,0.5,0.5,0,1
27523,2,0.5,0.5,0.0,0,1
27617,0,0.0,0.0,0.0,0,0
27679,0,0.0,0.0,0.0,0,0
27724,2,0.0,0.5,0.5,0,1
27738,14,0.2857142857142857,0.5714285714285714,0.14285714285714285,27063,1
27778,0,0.0,0.0,0.0,0,0
27794,2,0.0,1.0,0.0,0,1
27817,3,0.3333333333333333,0.6666666666666666,0.0,21169,1
27819,0,0.0,0.0,0.0,0,0
27840,1,1.0,0.0,0.0,0,1
27841,1,0.0,1.0,0.0,0,1
27848,14,0.21428571428571427,0.5714285714285714,0.21428571428571427,105574,1
27850,5,0.0,1.0,0.0,35069,1
27853,3,0.0,0.6666666666666666,0.3333333333333333,191,1
27856,0,0.0,0.0,0.0,0,0
27857,0,0.0,0.0,0.0,0,0
27859,5,0.4,0.6,0.0,40678,1
27864,4,0.0,1.0,0.0,3975,1
27868,10,0.2,0.5,0.3,1140,1
27872,1,0.0,1.0,0.0,0,1
27875,0,0.0,0.0,0.0,0,0
27877,1,1.0,0.0,0.0,0,1
27887,2,0.5,0.5,0.0,0,1
28070,0,0.0,0.0,0.0,0,0
28086,1,1.0,0.0,0.0,0,1
28089,0,0.0,0.0,0.0,0,0
28137,4,0.5,0.25,0.25,37816,1
28264,1,1.0,0.0,0.0,0,1
28304,1,0.0,1.0,0.0,0,1
28316,0,0.0,0.0,0.0,0,0
28345,1,1.0,0.0,0.0,0,1
28366,3,0.6666666666666666,0.3333333333333333,0.0,2047,1
28375,12,0.8333333333333334,0.16666666666666666,0.0,187243,1
28383,3,0.0,1.0,0.0,243153,1
28413,0,0.0,0.0,0.0,0,0
28445,0,0.0,0.0,0.0,0,0
28448,0,0.0,0.0,0.0,0,0
28483,1,1.0,0.0,0.0,0,1
28524,4,0.25,0.75,0.0,1996,1
28586,0,0.0,0.0,0.0,0,0
28589,8,0.5,0.5,0.0,104767,1
28594,1,0.0,1.0,0.0,0,1
28602,1,0.0,1.0,0.0,0,1
28605,2,0.0,0.5,0.5,0,1
28623,0,0.0,0.0,0.0,0,0
28625,2,0.0,0.5,0.5,0,1
28630,1,1.0,0.0,0.0,0,1
28631,0,0.0,0.0,0.0,0,0
28635,0,0.0,0.0,0.0,0,0
28636,2,0.0,0.5,0.5,0,1
28639,0,0.0,0.0,0.0,0,0
28640,0,0.0,0.0,0.0,0,0
28644,6,0.5,0.3333333333333333,0.16666666666666666,161861,1
28648,1,1.0,0.0,0.0,0,1
28655,0,0.0,0.0,0.0,0,0
28668,2,0.5,0.5,0.0,0,1
28672,1,1.0,0.0,0.0,0,1
28683,0,0.0,0.0,0.0,0,0
28687,0,0.0,0.0,0.0,0,0
28698,0,0.0,0.0,0.0,0,0
28704,1,1.0,0.0,0.0,0,1
28705,0,0.0,0.0,0.0,0,0
28711,3,0.3333333333333333,0.6666666666666666,0.0,894,1
28784,0,0.0,0.0,0.0,0,0
28786,1,0.0,1.0,0.0,0,1
28789,5,0.6,0.2,0.2,2330,1
28835,1,1.0,0.0,0.0,0,1
28836,1,1.0,0.0,0.0,0,1
28865,0,0.0,0.0,0.0,0,0
28867,1,1.0,0.0,0.0,0,1
28897,2,0.5,0.5,0.0,0,1
28917,0,0.0,0.0,0.0,0,0
28919,0,0.0,0.0,0.0,0,0
28960,1,0.0,1.0,0.0,0,1
28961,4,0.5,0.5,0.0,61810,1
28962,23,0.7391304347826086,0.21739130434782608,0.043478260869565216,406540,1
28965,12,0.4166666666666667,0.5833333333333334,0.0,117695,1
28970,0,0.0,0.0,0.0,0,0
28995,3,0.3333333333333333,0.6666666666666666,0.0,0,1
28997,6,0.5,0.5,0.0,17669,1
29005,0,0.0,0.0,0.0,0,0
29020,2,0.0,0.5,0.5,0,1
29021,26,0.5769230769230769,0.34615384615384615,0.07692307692307693,369746,1
29049,0,0.0,0.0,0.0,0,0
29112,0,0.0,0.0,0.0,0,0
29140,0,0.0,0.0,0.0,0,0
29144,0,0.0,0.0,0.0,0,0
29146,2,0.0,1.0,0.0,116419,1
29147,0,0.0,0.0,0.0,0,0
29184,0,0.0,0.0,0.0,0,0
29233,1,0.0,1.0,0.0,0,1
29237,3,1.0,0.0,0.0,87044,1
29248,2,0.5,0.5,0.0,0,1
29252,40,0.25,0.675,0.075,278935,1
29256,1,1.0,0.0,0.0,0,1
29259,6,0.0,1.0,0.0,71314,1
29261,0,0.0,0.0,0.0,0,0
29270,0,0.0,0.0,0.0,0,0
29297,0,0.0,0.0,0.0,0,0
29306,0,0.0,0.0,0.0,0,0
29332,6,0.6666666666666666,0.16666666666666666,0.16666666666666666,14102,1
29335,1,1.0,0.0,0.0,0,1
29352,4,0.75,0.25,0.0,30600,1
29384,1,1.0,0.0,0.0,0,1
29385,1,1.0,0.0,0.0,0,1
29388,2,0.5,0.5,0.0,75488,1
29402,2,0.0,1.0,0.0,0,1
29419,1,1.0,0.0,0.0,0,1
29430,3,0.3333333333333333,0.6666666666666666,0.0,1445,1
29439,0,0.0,0.0,0.0,0,0
29445,1,0.0,1.0,0.0,0,1
29461,1,0.0,1.0,0.0,0,1
29467,7,0.0,0.7142857142857143,0.2857142857142857,354622,1
29489,1,1.0,0.0,0.0,0,1
29501,1,1.0,0.0,0.0,0,1
29505,0,0.0,0.0,0.0,0,0
29555,2,0.0,1.0,0.0,77,1
29604,1,1.0,0.0,0.0,0,1
29614,3,0.0,0.6666666666666666,0.3333333333333333,0,1
29765,0,0.0,0.0,0.0,0,0
29799,1,0.0,1.0,0.0,0,1
29887,0,0.0,0.0,0.0,0,0
29916,1,1.0,0.0,0.0,0,1
29984,3,0.6666666666666666,0.3333333333333333,0.0,9,1
30008,0,0.0,0.0,0.0,0,0
30048,2,0.0,0.5,0.5,0,1
30140,0,0.0,0.0,0.0,0,0
30149,0,0.0,0.0,0.0,0,0
30162,3,0.6666666666666666,0.3333333333333333,0.0,6426,1
30185,0,0.0,0.0,0.0,0,0
30228,11,0.18181818181818182,0.5454545454545454,0.2727272727272727,103135,1
30269,1,1.0,0.0,0.0,0,1
30374,5,1.0,0.0,0.0,402342,1
30481,1,1.0,0.0,0.0,0,1
30482,0,0.0,0.0,0.0,0,0
30488,1,0.0,1.0,0.0,0,1
30489,8,0.75,0.25,0.0,94057,1
30552,0,0.0,0.0,0.0,0,0
30578,0,0.0,0.0,0.0,0,0
30605,0,0.0,0.0,0.0,0,0
30616,8,0.5,0.5,0.0,140,1
30657,2,0.5,0.5,0.0,45957,1
30771,3,0.3333333333333333,0.3333333333333333,0.3333333333333333,30400,1
30792,1,1.0,0.0,0.0,0,1
30793,2,0.0,0.5,0.5,0,1
30794,0,0.0,0.0,0.0,0,0
30920,3,0.6666666666666666,0.3333333333333333,0.0,97098,1
30979,0,0.0,0.0,0.0,0,0
30982,1,1.0,0.0,0.0,0,1
31197,1,1.0,0.0,0.0,0,1
31212,0,0.0,0.0,0.0,0,0
31215,0,0.0,0.0,0.0,0,0
31248,0,0.0,0.0,0.0,0,0
31329,12,0.5,0.5,0.0,268929,1
31337,8,0.375,0.5,0.125,190855,1
31362,0,0.0,0.0,0.0,0,0
31382,0,0.0,0.0,0.0,0,0
31387,6,0.5,0.5,0.0,6772,1
31396,1,1.0,0.0,0.0,0,1
31403,0,0.0,0.0,0.0,0,0
31408,1,0.0,1.0,0.0,0,1
31410,1,0.0,1.0,0.0,0,1
31411,1,1.0,0.0,0.0,0,1
31418,0,0.0,0.0,0.0,0,0
31423,2,0.5,0.5,0.0,0,1
31432,3,0.6666666666666666,0.3333333333333333,0.0,37272,1
31462,9,0.3333333333333333,0.5555555555555556,0.1111111111111111,10297,1
31471,4,0.5,0.5,0.0,2193,1
31484,0,0.0,0.0,0.0,0,0
31488,1,1.0,0.0,0.0,0,1
31490,0,0.0,0.0,0.0,0,0
31544,1,0.0,1.0,0.0,0,1
31617,0,0.0,0.0,0.0,0,0
31634,0,0.0,0.0,0.0,0,0
31700,1,1.0,0.0,0.0,0,1
31734,10,0.6,0.4,0.0,126996,1
31743,2,0.0,1.0,0.0,0,1
31755,0,0.0,0.0,0.0,0,0
31775,0,0.0,0.0,0.0,0,0
31917,3,0.0,0.6666666666666666,0.3333333333333333,0,1
31926,11,0.09090909090909091,0.9090909090909091,0.0,337683,1
31929,2,0.0,1.0,0.0,61,1
31949,0,0.0,0.0,0.0,0,0
32101,4,0.25,0.5,0.25,3564,1
32113,11,0.7272727272727273,0.2727272727272727,0.0,251238,1
32118,1,1.0,0.0,0.0,0,1
32244,0,0.0,0.0,0.0,0,0
32284,0,0.0,0.0,0.0,0,0
32297,1,0.0,1.0,0.0,0,1
32314,3,0.3333333333333333,0.3333333333333333,0.3333333333333333,152174,1
32334,0,0.0,0.0,0.0,0,0
32409,0,0.0,0.0,0.0,0,0
32440,6,0.5,0.5,0.0,8518,1
32469,0,0.0,0.0,0.0,0,0
32498,5,0.6,0.4,0.0,3528,1
32529,0,0.0,0.0,0.0,0,0
32592,8,0.25,0.5,0.25,58440,1
32611,5,0.8,0.2,0.0,17693,1
32645,0,0.0,0.0,0.0,0,0
32664,0,0.0,0.0,0.0,0,0
32688,1,1.0,0.0,0.0,0,1
32692,0,0.0,0.0,0.0,0,0
32735,0,0.0,0.0,0.0,0,0
32740,2,0.5,0.5,0.0,43819,1
32747,1,1.0,0.0,0.0,0,1
32789,4,1.0,0.0,0.0,105323,1
32841,1,1.0,0.0,0.0,0,1
32844,3,0.3333333333333333,0.6666666666666666,0.0,1461,1
32894,0,0.0,0.0,0.0,0,0
32950,0,0.0,0.0,0.0,0,0
33033,1,0.0,1.0,0.0,0,1
33034,1,0.0,1.0,0.0,0,1
33128,0,0.0,0.0,0.0,0,0
33146,6,0.5,0.3333333333333333,0.16666666666666666,4943,1
33177,0,0.0,0.0,0.0,0,0
33196,0,0.0,0.0,0.0,0,0
33214,1,1.0,0.0,0.0,0,1
33219,4,0.25,0.5,0.25,2276,1
33227,0,0.0,0.0,0.0,0,0
33228,3,0.6666666666666666,0.3333333333333333,0.0,61756,1
33250,0,0.0,0.0,0.0,0,0
33256,0,0.0,0.0,0.0,0,0
33259,2,0.0,0.5,0.5,0,1
33349,3,1.0,0.0,0.0,118279,1
33420,0,0.0,0.0,0.0,0,0
33678,0,0.0,0.0,0.0,0,0
33730,0,0.0,0.0,0.0,0,0
33784,27,0.7037037037037037,0.25925925925925924,0.037037037037037035,153193,1
33806,1,1.0,0.0,0.0,0,1
33807,0,0.0,0.0,0.0,0,0
33809,0,0.0,0.0,0.0,0,0
33871,1,1.0,0.0,0.0,0,1
33947,1,1.0,0.0,0.0,0,1
33952,1,1.0,0.0,0.0,0,1
33954,4,1.0,0.0,0.0,25008,1
33958,1,1.0,0.0,0.0,0,1
34005,2,0.5,0.5,0.0,109385,1
34050,2,0.5,0.5,0.0,39462,1
34148,1,1.0,0.0,0.0,0,1
34226,4,0.0,1.0,0.0,615,1
34280,0,0.0,0.0,0.0,0,0
34290,0,0.0,0.0,0.0,0,0
34294,2,1.0,0.0,0.0,4787,1
34298,0,0.0,0.0,0.0,0,0
34394,0,0.0,0.0,0.0,0,0
34399,2,0.5,0.5,0.0,0,1
34427,1,1.0,0.0,0.0,0,1
34574,0,0.0,0.0,0.0,0,0
34608,1,0.0,1.0,0.0,0,1
34616,1,1.0,0.0,0.0,0,1
34618,2,0.0,1.0,0.0,0,1
34677,0,0.0,0.0,0.0,0,0
34719,0,0.0,0.0,0.0,0,0
34929,0,0.0,0.0,0.0,0,0
35006,0,0.0,0.0,0.0,0,0
35059,3,0.3333333333333333,0.6666666666666666,0.0,120374,1
35088,1,0.0,1.0,0.0,0,1
35124,2,0.5,0.5,0.0,0,1
35140,0,0.0,0.0,0.0,0,0
35156,2,0.0,0.5,0.5,0,1
35180,0,0.0,0.0,0.0,0,0
35184,15,0.8666666666666667,0.13333333333333333,0.0,247839,1
35280,2,0.5,0.5,0.0,100,1
35333,0,0.0,0.0,0.0,0,0
35339,3,0.0,1.0,0.0,196311,1
35340,0,0.0,0.0,0.0,0,0
35344,30,0.5333333333333333,0.36666666666666664,0.1,124263,1
35390,0,0.0,0.0,0.0,0,0
35391,1,1.0,0.0,0.0,0,1
35401,3,0.0,0.6666666666666666,0.3333333333333333,0,1
35404,0,0.0,0.0,0.0,0,0
35475,1,0.0,1.0,0.0,0,1
35640,0,0.0,0.0,0.0,0,0
35726,10,0.1,0.8,0.1,37258,1
35809,2,1.0,0.0,0.0,222422,1
35840,0,0.0,0.0,0.0,0,0
35904,0,0.0,0.0,0.0,0,0
35922,1,1.0,0.0,0.0,0,1
35975,4,0.0,0.75,0.25,264307,1
35987,0,0.0,0.0,0.0,0,0
35989,0,0.0,0.0,0.0,0,0
35993,13,0.0,0.6923076923076923,0.3076923076923077,2604,1
36015,2,0.5,0.5,0.0,178537,1
36029,0,0.0,0.0,0.0,0,0
36082,1,1.0,0.0,0.0,0,1
36083,4,0.5,0.25,0.25,100311,1
36124,2,0.0,0.5,0.5,0,1
36233,0,0.0,0.0,0.0,0,0
36258,4,0.25,0.75,0.0,87626,1
36264,6,0.6666666666666666,0.16666666666666666,0.16666666666666666,1453,1
36268,1,0.0,1.0,0.0,0,1
36269,0,0.0,0.0,0.0,0,0
36271,15,0.7333333333333333,0.26666666666666666,0.0,143203,1
36282,0,0.0,0.0,0.0,0,0
36289,6,0.16666666666666666,0.8333333333333334,0.0,57256,1
36292,0,0.0,0.0,0.0,0,0
36293,3,0.0,1.0,0.0,148695,1
36294,0,0.0,0.0,0.0,0,0
36297,1,1.0,0.0,0.0,0,1
36298,0,0.0,0.0,0.0,0,0
36300,3,1.0,0.0,0.0,123,1
36303,1,0.0,1.0,0.0,0,1
36304,0,0.0,0.0,0.0,0,0
36313,2,0.0,0.5,0.5,0,1
36332,1,1.0,0.0,0.0,0,1
36358,1,0.0,1.0,0.0,0,1
36428,0,0.0,0.0,0.0,0,0
36473,0,0.0,0.0,0.0,0,0
36474,4,0.0,0.75,0.25,230484,1
36514,0,0.0,0.0,0.0,0,0
36535,3,0.6666666666666666,0.3333333333333333,0.0,51282,1
36540,3,0.6666666666666666,0.3333333333333333,0.0,106,1
36567,0,0.0,0.0,0.0,0,0
36596,3,0.3333333333333333,0.6666666666666666,0.0,0,1
36606,0,0.0,0.0,0.0,0,0
36613,3,0.0,1.0,0.0,340979,1
36652,1,1.0,0.0,0.0,0,1
36666,1,1.0,0.0,0.0,0,1
36712,1,1.0,0.0,0.0,0,1
36717,2,0.5,0.5,0.0,269120,1
36720,1,1.0,0.0,0.0,0,1
36729,23,0.8260869565217391,0.17391304347826086,0.0,217516,1
36747,0,0.0,0.0,0.0,0,0
36754,0,0.0,0.0,0.0,0,0
36757,2,1.0,0.0,0.0,421555,1
36799,2,0.0,0.5,0.5,0,1
36808,2,0.0,1.0,0.0,0,1
36869,1,1.0,0.0,0.0,0,1
36874,3,0.6666666666666666,0.3333333333333333,0.0,194,1
36961,3,0.3333333333333333,0.3333333333333333,0.3333333333333333,10879,1
36969,1,1.0,0.0,0.0,0,1
36981,0,0.0,0.0,0.0,0,0
36989,56,0.017857142857142856,0.8571428571428571,0.125,417027,1
37043,4,0.25,0.75,0.0,0,1
37049,6,0.16666666666666666,0.5,0.3333333333333333,25617,1
37153,0,0.0,0.0,0.0,0,0
37176,1,0.0,1.0,0.0,0,1
37219,0,0.0,0.0,0.0,0,0
37221,0,0.0,0.0,0.0,0,0
37231,0,0.0,0.0,0.0,0,0
37341,0,0.0,0.0,0.0,0,0
37343,0,0.0,0.0,0.0,0,0
37435,0,0.0,0.0,0.0,0,0
37489,0,0.0,0.0,0.0,0,0
37582,9,0.7777777777777778,0.2222222222222222,0.0,341487,1
37650,1,0.0,1.0,0.0,0,1
37655,7,0.0,0.5714285714285714,0.42857142857142855,66165,1
37657,2,0.0,0.5,0.5,0,1
37665,2,0.5,0.5,0.0,0,1
37720,3,0.3333333333333333,0.3333333333333333,0.3333333333333333,6894,1
37726,4,0.25,0.5,0.25,160393,1
37727,1,0.0,1.0,0.0,0,1
37728,0,0.0,0.0,0.0,0,0
37733,1,1.0,0.0,0.0,0,1
37737,7,0.5714285714285714,0.2857142857142857,0.14285714285714285,206444,1
37741,3,0.3333333333333333,0.6666666666666666,0.0,172702,1
37742,6,0.16666666666666666,0.5,0.3333333333333333,250956,1
37756,1,1.0,0.0,0.0,0,1
37761,0,0.0,0.0,0.0,0,0
37766,1,1.0,0.0,0.0,0,1
37795,0,0.0,0.0,0.0,0,0
37805,0,0.0,0.0,0.0,0,0
37811,1,0.0,1.0,0.0,0,1
37820,0,0.0,0.0,0.0,0,0
37901,4,0.0,1.0,0.0,273588,1
37914,0,0.0,0.0,0.0,0,0
38053,2,0.5,0.5,0.0,18,1
38070,2,0.0,0.5,0.5,0,1
38082,0,0.0,0.0,0.0,0,0
38089,1,0.0,1.0,0.0,0,1
38090,1,1.0,0.0,0.0,0,1
38224,0,0.0,0.0,0.0,0,0
38226,0,0.0,0.0,0.0,0,0
38228,0,0.0,0.0,0.0,0,0
38236,6,0.16666666666666666,0.8333333333333334,0.0,87069,1
38252,0,0.0,0.0,0.0,0,0
38316,0,0.0,0.0,0.0,0,0
38382,0,0.0,0.0,0.0,0,0
38445,0,0.0,0.0,0.0,0,0
38460,0,0.0,0.0,0.0,0,0
38472,0,0.0,0.0,0.0,0,0
38603,0,0.0,0.0,0.0,0,0
38634,3,0.6666666666666666,0.3333333333333333,0.0,297596,1
38789,2,0.0,1.0,0.0,375,1
38804,9,0.8888888888888888,0.1111111111111111,0.0,292924,1
38834,0,0.0,0.0,0.0,0,0
38899,0,0.0,0.0,0.0,0,0
38900,2,0.5,0.5,0.0,0,1
38914,4,0.75,0.25,0.0,279390,1
38942,2,0.5,0.5,0.0,0,1
38977,0,0.0,0.0,0.0,0,0
39029,4,0.75,0.25,0.0,38096,1
39031,0,0.0,0.0,0.0,0,0
39041,0,0.0,0.0,0.0,0,0
39064,2,0.0,1.0,0.0,0,1
39072,0,0.0,0.0,0.0,0,0
39086,4,0.5,0.5,0.0,154697,1
39089,17,0.35294117647058826,0.5294117647058824,0.11764705882352941,400489,1
39103,0,0.0,0.0,0.0,0,0
39132,9,0.4444444444444444,0.5555555555555556,0.0,193993,1
39225,1,0.0,1.0,0.0,0,1
39263,5,0.4,0.6,0.0,102194,1
39336,1,1.0,0.0,0.0,0,1
39356,1,0.0,1.0,0.0,0,1
39411,0,0.0,0.0,0.0,0,0
39412,1,1.0,0.0,0.0,0,1
39420,7,0.2857142857142857,0.7142857142857143,0.0,10355,1
39421,1,1.0,0.0,0.0,0,1
39434,1,1.0,0.0,0.0,0,1
39456,0,0.0,0.0,0.0,0,0
39497,3,1.0,0.0,0.0,17035,1
39563,0,0.0,0.0,0.0,0,0
39574,1,0.0,1.0,0.0,0,1
39582,6,0.6666666666666666,0.3333333333333333,0.0,114791,1
39657,0,0.0,0.0,0.0,0,0
39660,17,0.7058823529411765,0.29411764705882354,0.0,344154,1
39688,3,0.6666666666666666,0.3333333333333333,0.0,27438,1
39797,0,0.0,0.0,0.0,0,0
39867,2,0.5,0.5,0.0,0,1
39869,0,0.0,0.0,0.0,0,0
39874,2,0.0,0.5,0.5,0,1
39889,15,0.3333333333333333,0.6,0.06666666666666667,517683,1
39892,10,0.6,0.4,0.0,10774,1
39893,3,0.0,0.6666666666666666,0.3333333333333333,0,1
39898,0,0.0,0.0,0.0,0,0
39919,2,1.0,0.0,0.0,105403,1
39928,0,0.0,0.0,0.0,0,0
39965,2,1.0,0.0,0.0,46,1
39992,0,0.0,0.0,0.0,0,0
40036,1,1.0,0.0,0.0,0,1
40049,0,0.0,0.0,0.0,0,0
40084,1,1.0,0.0,0.0,0,1
40233,0,0.0,0.0,0.0,0,0
40240,1,0.0,1.0,0.0,0,1
40374,1,1.0,0.0,0.0,0,1
40384,1,0.0,1.0,0.0,0,1
40396,1,1.0,0.0,0.0,0,1
40415,1,1.0,0.0,0.0,0,1
40441,5,0.6,0.4,0.0,15294,1
40445,3,0.3333333333333333,0.6666666666666666,0.0,0,1
40451,0,0.0,0.0,0.0,0,0
40458,0,0.0,0.0,0.0,0,0
40468,1,0.0,1.0,0.0,0,1
40478,15,0.0,1.0,0.0,296434,1
40505,0,0.0,0.0,0.0,0,0
40507,1,1.0,0.0,0.0,0,1
40550,9,0.2222222222222222,0.6666666666666666,0.1111111111111111,177250,1
40575,2,0.0,0.5,0.5,0,1
40592,1,0.0,1.0,0.0,0,1
40649,1,1.0,0.0,0.0,0,1
40698,3,1.0,0.0,0.0,19338,1
40699,0,0.0,0.0,0.0,0,0
40725,0,0.0,0.0,0.0,0,0
40737,0,0.0,0.0,0.0,0,0
40754,1,1.0,0.0,0.0,0,1
40815,0,0.0,0.0,0.0,0,0
40817,2,0.0,0.5,0.5,0,1
40863,1,1.0,0.0,0.0,0,1
40912,0,0.0,0.0,0.0,0,0
40926,1,0.0,1.0,0.0,0,1
40934,1,1.0,0.0,0.0,0,1
40958,1,0.0,1.0,0.0,0,1
40971,3,0.3333333333333333,0.6666666666666666,0.0,223248,1
41067,3,1.0,0.0,0.0,119114,1
41069,1,0.0,1.0,0.0,0,1
41073,2,0.5,0.5,0.0,0,1
41130,0,0.0,0.0,0.0,0,0
41170,1,1.0,0.0,0.0,0,1
41180,3,1.0,0.0,0.0,138646,1
41183,0,0.0,0.0,0.0,0,0
41186,0,0.0,0.0,0.0,0,0
41189,2,0.0,0.5,0.5,0,1
41243,0,0.0,0.0,0.0,0,0
41254,2,0.0,0.5,0.5,0,1
41367,1,0.0,1.0,0.0,0,1
41477,2,0.0,1.0,0.0,75179,1
41526,2,0.5,0.5,0.0,0,1
41551,5,0.4,0.6,0.0,55877,1
41777,0,0.0,0.0,0.0,0,0
41791,3,0.3333333333333333,0.3333333333333333,0.3333333333333333,198179,1
41809,2,1.0,0.0,0.0,141994,1
41812,11,0.0,0.6363636363636364,0.36363636363636365,6421,1
41831,1,0.0,1.0,0.0,0,1
41855,0,0.0,0.0,0.0,0,0
42042,0,0.0,0.0,0.0,0,0
42046,6,0.16666666666666666,0.5,0.3333333333333333,23625,1
42051,0,0.0,0.0,0.0,0,0
42092,4,0.0,0.5,0.5,242,1
42094,0,0.0,0.0,0.0,0,0
42095,1,0.0,1.0,0.0,0,1
42112,0,0.0,0.0,0.0,0,0
42118,0,0.0,0.0,0.0,0,0
42134,1,0.0,1.0,0.0,0,1
42182,29,0.3793103448275862,0.5172413793103449,0.10344827586206896,380445,1
42211,0,0.0,0.0,0.0,0,0
42291,0,0.0,0.0,0.0,0,0
42302,3,0.3333333333333333,0.6666666666666666,0.0,783,1
42303,5,0.8,0.2,0.0,37765,1
42326,1,0.0,1.0,0.0,0,1
42368,1,0.0,1.0,0.0,0,1
42418,10,0.7,0.3,0.0,348102,1
42492,1,1.0,0.0,0.0,0,1
42574,3,0.3333333333333333,0.3333333333333333,0.3333333333333333,5984,1
42578,1,0.0,1.0,0.0,0,1
42619,3,1.0,0.0,0.0,61432,1
42623,0,0.0,0.0,0.0,0,0
42630,1,1.0,0.0,0.0,0,1
42648,1,0.0,1.0,0.0,0,1
42653,1,1.0,0.0,0.0,0,1
42658,3,0.3333333333333333,0.6666666666666666,0.0,28671,1
42660,0,0.0,0.0,0.0,0,0
42670,0,0.0,0.0,0.0,0,0
42691,3,0.3333333333333333,0.6666666666666666,0.0,612,1
42710,1,1.0,0.0,0.0,0,1
42736,8,0.25,0.75,0.0,26776,1
42890,0,0.0,0.0,0.0,0,0
42984,25,0.4,0.48,0.12,443615,1
43017,6,1.0,0.0,0.0,433308,1
43130,0,0.0,0.0,0.0,0,0
43140,0,0.0,0.0,0.0,0,0
43147,1,1.0,0.0,0.0,0,1
43149,1,1.0,0.0,0.0,0,1
43159,3,0.3333333333333333,0.6666666666666666,0.0,35718,1
43167,0,0.0,0.0,0.0,0,0
43168,23,0.6956521739130435,0.2608695652173913,0.043478260869565216,282507,1
43169,1,1.0,0.0,0.0,0,1
43187,1,1.0,0.0,0.0,0,1
43280,1,1.0,0.0,0.0,0,1
43347,12,0.5833333333333334,0.3333333333333333,0.08333333333333333,406811,1
43398,1,1.0,0.0,0.0,0,1
43500,2,0.5,0.5,0.0,0,1
43544,0,0.0,0.0,0.0,0,0
43673,0,0.0,0.0,0.0,0,0
43720,23,0.17391304347826086,0.6521739130434783,0.17391304347826086,8144,1
43724,0,0.0,0.0,0.0,0,0
43735,1,1.0,0.0,0.0,0,1
43741,0,0.0,0.0,0.0,0,0
43766,2,0.5,0.5,0.0,0,1
43837,1,1.0,0.0,0.0,0,1
43845,0,0.0,0.0,0.0,0,0
43852,4,1.0,0.0,0.0,50991,1
43863,0,0.0,0.0,0.0,0,0
43876,0,0.0,0.0,0.0,0,0
43892,2,0.5,0.5,0.0,0,1
43921,2,0.0,1.0,0.0,69650,1
44041,0,0.0,0.0,0.0,0,0
44133,1,1.0,0.0,0.0,0,1
44134,0,0.0,0.0,0.0,0,0
44135,1,0.0,1.0,0.0,0,1
44136,0,0.0,0.0,0.0,0,0
44146,0,0.0,0.0,0.0,0,0
44287,1,1.0,0.0,0.0,0,1
44302,1,1.0,0.0,0.0,0,1
44377,2,0.0,1.0,0.0,0,1
44445,1,0.0,1.0,0.0,0,1
44499,0,0.0,0.0,0.0,0,0
44511,1,1.0,0.0,0.0,0,1
44611,1,1.0,0.0,0.0,0,1
44620,2,0.5,0.5,0.0,257285,1
44655,5,0.2,0.8,0.0,135481,1
44658,0,0.0,0.0,0.0,0,0
44689,0,0.0,0.0,0.0,0,0
44693,2,0.5,0.5,0.0,0,1
44694,2,0.5,0.5,0.0,0,1
44697,0,0.0,0.0,0.0,0,0
44701,2,0.5,0.5,0.0,0,1
44712,1,1.0,0.0,0.0,0,1
44714,1,1.0,0.0,0.0,0,1
44737,0,0.0,0.0,0.0,0,0
44750,1,1.0,0.0,0.0,0,1
44778,0,0.0,0.0,0.0,0,0
44807,3,1.0,0.0,0.0,123272,1
44817,1,1.0,0.0,0.0,0,1
44827,2,0.5,0.5,0.0,150,1
44840,1,1.0,0.0,0.0,0,1
44926,0,0.0,0.0,0.0,0,0
44937,0,0.0,0.0,0.0,0,0
45000,2,0.0,1.0,0.0,33955,1
45112,0,0.0,0.0,0.0,0,0
45137,3,0.6666666666666666,0.3333333333333333,0.0,26036,1
45210,1,0.0,1.0,0.0,0,1
45224,0,0.0,0.0,0.0,0,0
45250,3,0.0,1.0,0.0,127701,1
45305,1,1.0,0.0,0.0,0,1
45356,5,0.2,0.8,0.0,115,1
45360,0,0.0,0.0,0.0,0,0
45395,16,0.8125,0.1875,0.0,212002,1
45462,0,0.0,0.0,0.0,0,0
45605,36,0.3333333333333333,0.5555555555555556,0.1111111111111111,163553,1
45618,0,0.0,0.0,0.0,0,0
45638,0,0.0,0.0,0.0,0,0
45655,4,0.5,0.25,0.25,79060,1
45683,0,0.0,0.0,0.0,0,0
45707,2,0.0,0.5,0.5,0,1
45711,0,0.0,0.0,0.0,0,0
45713,0,0.0,0.0,0.0,0,0
45793,1,0.0,1.0,0.0,0,1
45799,0,0.0,0.0,0.0,0,0
45810,1,0.0,1.0,0.0,0,1
45831,1,0.0,1.0,0.0,0,1
45846,3,0.3333333333333333,0.6666666666666666,0.0,81173,1
45848,3,0.6666666666666666,0.3333333333333333,0.0,177840,1
45858,1,1.0,0.0,0.0,0,1
45909,5,0.6,0.4,0.0,20732,1
45952,0,0.0,0.0,0.0,0,0
45980,1,1.0,0.0,0.0,0,1
45981,0,0.0,0.0,0.0,0,0
45983,2,0.5,0.5,0.0,0,1
46021,0,0.0,0.0,0.0,0,0
46027,1,1.0,0.0,0.0,0,1
46040,0,0.0,0.0,0.0,0,0
46042,0,0.0,0.0,0.0,0,0
46080,0,0.0,0.0,0.0,0,0
46150,0,0.0,0.0,0.0,0,0
46158,1,0.0,1.0,0.0,0,1
46170,9,0.8888888888888888,0.1111111111111111,0.0,44429,1
46175,0,0.0,0.0,0.0,0,0
46225,3,0.3333333333333333,0.6666666666666666,0.0,0,1
46319,2,0.5,0.5,0.0,0,1
46328,4,0.75,0.25,0.0,88801,1
46336,1,1.0,0.0,0.0,0,1
46339,2,1.0,0.0,0.0,18173,1
46342,1,0.0,1.0,0.0,0,1
46344,1,1.0,0.0,0.0,0,1
46413,1,1.0,0.0,0.0,0,1
46454,4,0.25,0.5,0.25,168797,1
46465,1,1.0,0.0,0.0,0,1
46480,0,0.0,0.0,0.0,0,0
46484,1,0.0,1.0,0.0,0,1
46503,2,0.0,0.5,0.5,0,1
46518,1,1.0,0.0,0.0,0,1
46528,2,0.5,0.5,0.0,0,1
46531,1,1.0,0.0,0.0,0,1
46535,6,0.0,1.0,0.0,177380,1
46540,0,0.0,0.0,0.0,0,0
46590,0,0.0,0.0,0.0,0,0
46593,4,0.5,0.5,0.0,106071,1
46609,7,0.7142857142857143,0.14285714285714285,0.14285714285714285,85228,1
46658,0,0.0,0.0,0.0,0,0
46676,0,0.0,0.0,0.0,0,0
46682,0,0.0,0.0,0.0,0,0
46795,4,0.0,1.0,0.0,189937,1
46799,2,0.0,1.0,0.0,0,1
46861,0,0.0,0.0,0.0,0,0
46919,1,0.0,1.0,0.0,0,1
46922,0,0.0,0.0,0.0,0,0
46973,0,0.0,0.0,0.0,0,0
46990,1,1.0,0.0,0.0,0,1
47003,1,0.0,1.0,0.0,0,1
47009,2,0.0,0.5,0.5,0,1
47038,1,0.0,1.0,0.0,0,1
47042,1,1.0,0.0,0.0,0,1
47074,1,0.0,1.0,0.0,0,1
47208,1,1.0,0.0,0.0,0,1
47215,0,0.0,0.0,0.0,0,0
47223,17,0.7058823529411765,0.23529411764705882,0.058823529411764705,429781,1
47232,1,1.0,0.0,0.0,0,1
47257,2,0.5,0.5,0.0,0,1
47283,0,0.0,0.0,0.0,0,0
47299,0,0.0,0.0,0.0,0,0
47312,1,1.0,0.0,0.0,0,1
47329,1,1.0,0.0,0.0,0,1
47335,1,1.0,0.0,0.0,0,1
47388,3,0.6666666666666666,0.3333333333333333,0.0,22371,1
47419,3,0.3333333333333333,0.6666666666666666,0.0,495,1
47470,34,0.23529411764705882,0.6176470588235294,0.14705882352941177,461819,1
47477,24,0.16666666666666666,0.6666666666666666,0.16666666666666666,56468,1
47490,0,0.0,0.0,0.0,0,0
47491,2,0.0,1.0,0.0,0,1
47517,5,0.4,0.6,0.0,304376,1
47559,0,0.0,0.0,0.0,0,0
47561,3,0.3333333333333333,0.6666666666666666,0.0,0,1
47579,5,0.4,0.4,0.2,81672,1
47594,2,1.0,0.0,0.0,5657,1
47656,0,0.0,0.0,0.0,0,0
47658,0,0.0,0.0,0.0,0,0
47674,0,0.0,0.0,0.0,0,0
47685,1,1.0,0.0,0.0,0,1
47706,4,0.0,1.0,0.0,182630,1
47727,2,0.0,1.0,0.0,40,1
47735,4,1.0,0.0,0.0,67434,1
47759,9,0.2222222222222222,0.6666666666666666,0.1111111111111111,110390,1
47768,0,0.0,0.0,0.0,0,0
47772,1,1.0,0.0,0.0,0,1
47800,1,1.0,0.0,0.0,0,1
47828,0,0.0,0.0,0.0,0,0
47885,15,0.6,0.4,0.0,243082,1
47926,0,0.0,0.0,0.0,0,0
47990,0,0.0,0.0,0.0,0,0
48038,0,0.0,0.0,0.0,0,0
48046,1,0.0,1.0,0.0,0,1
48050,2,0.0,0.5,0.5,0,1
48140,1,1.0,0.0,0.0,0,1
48143,2,0.5,0.5,0.0,0,1
48167,0,0.0,0.0,0.0,0,0
48207,4,0.25,0.5,0.25,7635,1
48225,0,0.0,0.0,0.0,0,0
48247,1,1.0,0.0,0.0,0,1
48349,2,1.0,0.0,0.0,27445,1
48357,2,0.5,0.5,0.0,14978,1
48370,5,0.0,1.0,0.0,186652,1
48501,0,0.0,0.0,0.0,0,0
48592,0,0.0,0.0,0.0,0,0
48634,0,0.0,0.0,0.0,0,0
48635,2,0.5,0.5,0.0,0,1
48636,2,0.5,0.5,0.0,0,1
48643,1,0.0,1.0,0.0,0,1
48673,1,1.0,0.0,0.0,0,1
48682,1,1.0,0.0,0.0,0,1
48727,0,0.0,0.0,0.0,0,0
48786,0,0.0,0.0,0.0,0,0
48799,0,0.0,0.0,0.0,0,0
48915,2,0.0,1.0,0.0,475,1
48933,2,0.5,0.5,0.0,0,1
48954,6,0.3333333333333333,0.6666666666666666,0.0,24752,1
48971,0,0.0,0.0,0.0,0,0
48995,0,0.0,0.0,0.0,0,0
48998,0,0.0,0.0,0.0,0,0
49004,0,0.0,0.0,0.0,0,0
49007,13,0.0,1.0,0.0,173764,1
49035,4,0.5,0.5,0.0,23781,1
49039,1,1.0,0.0,0.0,0,1
49093,1,1.0,0.0,0.0,0,1
49098,7,0.7142857142857143,0.2857142857142857,0.0,36042,1
49125,8,0.0,1.0,0.0,384592,1
49138,2,0.0,0.5,0.5,0,1
49205,0,0.0,0.0,0.0,0,0
49207,4,0.25,0.5,0.25,210610,1
49524,3,0.6666666666666666,0.3333333333333333,0.0,5460,1
49610,31,0.3548387096774194,0.5806451612903226,0.06451612903225806,251629,1
49772,0,0.0,0.0,0.0,0,0
49780,0,0.0,0.0,0.0,0,0
49783,2,0.0,1.0,0.0,0,1
49865,1,1.0,0.0,0.0,0,1
49895,2,0.0,1.0,0.0,0,1
50176,0,0.0,0.0,0.0,0,0
50178,1,0.0,1.0,0.0,0,1
50179,2,0.0,1.0,0.0,0,1
50182,0,0.0,0.0,0.0,0,0
50185,9,0.0,0.5555555555555556,0.4444444444444444,255193,1
50197,0,0.0,0.0,0.0,0,0
50229,4,0.5,0.5,0.0,335214,1
50263,2,0.5,0.5,0.0,0,1
50325,12,0.3333333333333333,0.5833333333333334,0.08333333333333333,46758,1
50329,0,0.0,0.0,0.0,0,0
50373,1,0.0,1.0,0.0,0,1
50382,0,0.0,0.0,0.0,0,0
50402,2,0.0,1.0,0.0,0,1
50424,2,0.5,0.5,0.0,0,1
50551,1,1.0,0.0,0.0,0,1
50554,1,0.0,1.0,0.0,0,1
50557,0,0.0,0.0,0.0,0,0
50561,1,1.0,0.0,0.0,0,1
50572,1,1.0,0.0,0.0,0,1
50578,0,0.0,0.0,0.0,0,0
50598,1,0.0,1.0,0.0,0,1
50605,2,0.0,0.5,0.5,0,1
50607,2,0.5,0.5,0.0,690,1
50617,1,1.0,0.0,0.0,0,1
50623,0,0.0,0.0,0.0,0,0
50627,0,0.0,0.0,0.0,0,0
50644,0,0.0,0.0,0.0,0,0
50653,4,1.0,0.0,0.0,179068,1
50657,1,1.0,0.0,0.0,0,1
50690,1,1.0,0.0,0.0,0,1
50693,2,0.5,0.5,0.0,0,1
50701,0,0.0,0.0,0.0,0,0
50778,0,0.0,0.0,0.0,0,0
50793,1,1.0,0.0,0.0,0,1
50814,0,0.0,0.0,0.0,0,0
50848,2,0.5,0.5,0.0,56669,1
50853,0,0.0,0.0,0.0,0,0
50887,2,0.0,0.5,0.5,0,1
50892,0,0.0,0.0,0.0,0,0
50904,1,0.0,1.0,0.0,0,1
50911,2,0.5,0.5,0.0,355,1
50925,6,0.5,0.5,0.0,40659,1
50973,3,1.0,0.0,0.0,10604,1
51001,1,1.0,0.0,0.0,0,1
51099,0,0.0,0.0,0.0,0,0
51169,2,1.0,0.0,0.0,79498,1
51171,0,0.0,0.0,0.0,0,0
51177,2,0.0,1.0,0.0,411548,1
51204,2,1.0,0.0,0.0,274849,1
51226,1,1.0,0.0,0.0,0,1
51235,3,0.3333333333333333,0.3333333333333333,0.3333333333333333,180,1
51241,5,0.4,0.6,0.0,350415,1
51257,0,0.0,0.0,0.0,0,0
51260,0,0.0,0.0,0.0,0,0
51303,0,0.0,0.0,0.0,0,0
51332,4,0.75,0.25,0.0,275407,1
51409,1,0.0,1.0,0.0,0,1
51430,5,0.6,0.2,0.2,438280,1
51564,0,0.0,0.0,0.0,0,0
51570,0,0.0,0.0,0.0,0,0
51573,0,0.0,0.0,0.0,0,0
51574,1,0.0,1.0,0.0,0,1
51597,0,0.0,0.0,0.0,0,0
51631,6,0.3333333333333333,0.5,0.16666666666666666,105769,1
51637,0,0.0,0.0,0.0,0,0
51651,0,0.0,0.0,0.0,0,0
51804,0,0.0,0.0,0.0,0,0
51934,0,0.0,0.0,0.0,0,0
51996,1,0.0,1.0,0.0,0,1
52062,1,1.0,0.0,0.0,0,1
52090,1,1.0,0.0,0.0,0,1
52122,20,0.15,0.5,0.35,127692,1
52184,1,1.0,0.0,0.0,0,1
52278,0,0.0,0.0,0.0,0,0
52285,1,0.0,1.0,0.0,0,1
52308,4,1.0,0.0,0.0,105119,1
52440,0,0.0,0.0,0.0,0,0
52444,1,1.0,0.0,0.0,0,1
52447,0,0.0,0.0,0.0,0,0
52469,0,0.0,0.0,0.0,0,0
52544,3,1.0,0.0,0.0,43261,1
52627,1,1.0,0.0,0.0,0,1
52654,1,0.0,1.0,0.0,0,1
52673,0,0.0,0.0,0.0,0,0
52764,1,0.0,1.0,0.0,0,1
52780,0,0.0,0.0,0.0,0,0
52802,1,0.0,1.0,0.0,0,1
52908,86,0.08139534883720931,0.5930232558139535,0.32558139534883723,372812,1
53000,1,1.0,0.0,0.0,0,1
53015,1,1.0,0.0,0.0,0,1
53422,2,0.5,0.5,0.0,45652,1
53505,2,0.5,0.5,0.0,34,1
53542,7,0.2857142857142857,0.42857142857142855,0.2857142857142857,16210,1
53562,0,0.0,0.0,0.0,0,0
53606,5,0.4,0.6,0.0,274907,1
53628,0,0.0,0.0,0.0,0,0
53654,1,1.0,0.0,0.0,0,1
53701,1,1.0,0.0,0.0,0,1
53741,1,1.0,0.0,0.0,0,1
53784,1,1.0,0.0,0.0,0,1
53828,0,0.0,0.0,0.0,0,0
53861,2,1.0,0.0,0.0,29,1
53920,7,0.42857142857142855,0.42857142857142855,0.14285714285714285,356313,1
54221,1,1.0,0.0,0.0,0,1
54264,0,0.0,0.0,0.0,0,0
54267,2,0.0,1.0,0.0,0,1
54275,7,0.42857142857142855,0.42857142857142855,0.14285714285714285,177571,1
54282,8,0.0,0.75,0.25,1334,1
54317,1,0.0,1.0,0.0,0,1
54400,1,1.0,0.0,0.0,0,1
54525,1,1.0,0.0,0.0,0,1
54569,1,1.0,0.0,0.0,0,1
54649,1,0.0,1.0,0.0,0,1
54723,1,1.0,0.0,0.0,0,1
54731,4,0.25,0.75,0.0,0,1
54785,1,1.0,0.0,0.0,0,1
54786,0,0.0,0.0,0.0,0,0
54800,1,1.0,0.0,0.0,0,1
54839,0,0.0,0.0,0.0,0,0
54843,1,1.0,0.0,0.0,0,1
54859,1,1.0,0.0,0.0,0,1
54916,4,0.75,0.25,0.0,1864,1
54917,3,0.3333333333333333,0.6666666666666666,0.0,257452,1
54960,1,1.0,0.0,0.0,0,1
55010,1,1.0,0.0,0.0,0,1
55131,1,1.0,0.0,0.0,0,1
55271,1,1.0,0.0,0.0,0,1
55351,0,0.0,0.0,0.0,0,0
55380,1,1.0,0.0,0.0,0,1
55428,0,0.0,0.0,0.0,0,0
55475,0,0.0,0.0,0.0,0,0
55595,2,0.0,1.0,0.0,0,1
55597,1,1.0,0.0,0.0,0,1
55601,2,0.0,0.5,0.5,0,1
55650,1,0.0,1.0,0.0,0,1
55707,5,0.6,0.2,0.2,13684,1
55757,1,1.0,0.0,0.0,0,1
55770,1,0.0,1.0,0.0,0,1
55787,2,0.0,0.5,0.5,0,1
55822,0,0.0,0.0,0.0,0,0
56004,1,1.0,0.0,0.0,0,1
56023,2,0.5,0.5,0.0,20070,1
56042,0,0.0,0.0,0.0,0,0
56060,0,0.0,0.0,0.0,0,0
56164,2,0.5,0.5,0.0,1316,1
56285,6,0.3333333333333333,0.6666666666666666,0.0,287767,1
56290,1,1.0,0.0,0.0,0,1
56340,1,0.0,1.0,0.0,0,1
56352,3,1.0,0.0,0.0,61135,1
56455,0,0.0,0.0,0.0,0,0
56476,3,0.3333333333333333,0.6666666666666666,0.0,35525,1
56481,1,1.0,0.0,0.0,0,1
56521,1,1.0,0.0,0.0,0,1
56571,1,1.0,0.0,0.0,0,1
56604,2,0.5,0.5,0.0,0,1
56616,2,0.5,0.5,0.0,80749,1
56636,3,0.3333333333333333,0.3333333333333333,0.3333333333333333,73017,1
56718,1,0.0,1.0,0.0,0,1
56724,0,0.0,0.0,0.0,0,0
56732,2,1.0,0.0,0.0,129975,1
56751,0,0.0,0.0,0.0,0,0
56802,0,0.0,0.0,0.0,0,0
56876,1,1.0,0.0,0.0,0,1
56917,2,0.5,0.5,0.0,0,1
56938,1,1.0,0.0,0.0,0,1
57057,1,1.0,0.0,0.0,0,1
57100,0,0.0,0.0,0.0,0,0
57360,0,0.0,0.0,0.0,0,0
57398,3,0.6666666666666666,0.3333333333333333,0.0,3290,1
57651,2,0.0,0.5,0.5,0,1
57743,0,0.0,0.0,0.0,0,0
57770,0,0.0,0.0,0.0,0,0
57780,0,0.0,0.0,0.0,0,0
57782,0,0.0,0.0,0.0,0,0
57812,1,1.0,0.0,0.0,0,1
57826,2,0.0,1.0,0.0,0,1
57970,2,1.0,0.0,0.0,947,1
58221,1,1.0,0.0,0.0,0,1
58256,0,0.0,0.0,0.0,0,0
58290,0,0.0,0.0,0.0,0,0
58328,3,1.0,0.0,0.0,102803,1
58337,0,0.0,0.0,0.0,0,0
58418,3,0.6666666666666666,0.3333333333333333,0.0,251,1
58466,1,1.0,0.0,0.0,0,1
58472,1,1.0,0.0,0.0,0,1
58503,0,0.0,0.0,0.0,0,0
58514,3,0.3333333333333333,0.6666666666666666,0.0,124597,1
58606,0,0.0,0.0,0.0,0,0
58614,0,0.0,0.0,0.0,0,0
58619,0,0.0,0.0,0.0,0,0
58630,0,0.0,0.0,0.0,0,0
58763,0,0.0,0.0,0.0,0,0
58794,1,1.0,0.0,0.0,0,1
58834,1,1.0,0.0,0.0,0,1
58837,1,1.0,0.0,0.0,0,1
58843,4,0.5,0.5,0.0,6894,1
58896,2,0.5,0.5,0.0,28817,1
59071,0,0.0,0.0,0.0,0,0
59084,1,1.0,0.0,0.0,0,1
59085,1,1.0,0.0,0.0,0,1
59095,0,0.0,0.0,0.0,0,0
59108,1,1.0,0.0,0.0,0,1
59132,0,0.0,0.0,0.0,0,0
59226,1,1.0,0.0,0.0,0,1
59583,1,1.0,0.0,0.0,0,1
59584,0,0.0,0.0,0.0,0,0
59661,7,0.8571428571428571,0.14285714285714285,0.0,1426,1
59784,2,0.5,0.5,0.0,267170,1
59790,2,0.0,0.5,0.5,0,1
59809,0,0.0,0.0,0.0,0,0
59876,0,0.0,0.0,0.0,0,0
59905,36,0.8055555555555556,0.19444444444444445,0.0,270314,1
60279,0,0.0,0.0,0.0,0,0
60308,1,1.0,0.0,0.0,0,1
60315,1,1.0,0.0,0.0,0,1
60336,1,1.0,0.0,0.0,0,1
60356,2,0.0,1.0,0.0,26,1
60378,0,0.0,0.0,0.0,0,0
60434,1,1.0,0.0,0.0,0,1
60457,0,0.0,0.0,0.0,0,0
60553,11,0.09090909090909091,0.9090909090909091,0.0,22766,1
60627,0,0.0,0.0,0.0,0,0
60632,1,1.0,0.0,0.0,0,1
60718,0,0.0,0.0,0.0,0,0
60739,8,0.0,0.75,0.25,169436,1
60741,6,0.16666666666666666,0.8333333333333334,0.0,33343,1
60744,0,0.0,0.0,0.0,0,0
60780,0,0.0,0.0,0.0,0,0
60821,1,0.0,1.0,0.0,0,1
60932,0,0.0,0.0,0.0,0,0
60951,0,0.0,0.0,0.0,0,0
61039,2,1.0,0.0,0.0,7421,1
61199,1,1.0,0.0,0.0,0,1
61221,0,0.0,0.0,0.0,0,0
61405,0,0.0,0.0,0.0,0,0
61959,0,0.0,0.0,0.0,0,0
61978,0,0.0,0.0,0.0,0,0
61986,3,0.6666666666666666,0.3333333333333333,0.0,3200,1
62042,3,0.0,0.6666666666666666,0.3333333333333333,0,1
62071,3,1.0,0.0,0.0,78823,1
62076,2,0.5,0.5,0.0,0,1
62116,0,0.0,0.0,0.0,0,0
62125,0,0.0,0.0,0.0,0,0
62258,0,0.0,0.0,0.0,0,0
62331,2,0.0,0.5,0.5,0,1
62337,2,0.0,0.5,0.5,0,1
62525,4,0.75,0.25,0.0,18796,1
62541,0,0.0,0.0,0.0,0,0
62591,0,0.0,0.0,0.0,0,0
62620,1,1.0,0.0,0.0,0,1
62827,3,0.6666666666666666,0.3333333333333333,0.0,8206,1
63103,1,1.0,0.0,0.0,0,1
63112,1,1.0,0.0,0.0,0,1
63129,0,0.0,0.0,0.0,0,0
63285,3,0.6666666666666666,0.3333333333333333,0.0,10254,1
63323,0,0.0,0.0,0.0,0,0
63375,6,0.6666666666666666,0.16666666666666666,0.16666666666666666,291806,1
63474,2,1.0,0.0,0.0,277,1
63525,0,0.0,0.0,0.0,0,0
63561,1,1.0,0.0,0.0,0,1
63578,0,0.0,0.0,0.0,0,0
63579,0,0.0,0.0,0.0,0,0
63586,4,0.0,0.75,0.25,37549,1
63644,1,0.0,1.0,0.0,0,1
63658,1,1.0,0.0,0.0,0,1
63694,0,0.0,0.0,0.0,0,0
63789,0,0.0,0.0,0.0,0,0
63793,10,0.4,0.6,0.0,258481,1
63835,3,0.6666666666666666,0.3333333333333333,0.0,10023,1
63863,1,1.0,0.0,0.0,0,1
63934,7,0.5714285714285714,0.42857142857142855,0.0,215129,1
64073,2,0.5,0.5,0.0,0,1
64119,2,0.0,0.5,0.5,0,1
64354,0,0.0,0.0,0.0,0,0
64371,0,0.0,0.0,0.0,0,0
64413,2,0.0,0.5,0.5,0,1
64494,8,0.75,0.25,0.0,3076,1
64518,3,0.3333333333333333,0.6666666666666666,0.0,80084,1
64547,0,0.0,0.0,0.0,0,0
64591,2,0.0,0.5,0.5,0,1
64763,1,1.0,0.0,0.0,0,1
64772,0,0.0,0.0,0.0,0,0
64851,1,1.0,0.0,0.0,0,1
64871,1,1.0,0.0,0.0,0,1
64882,1,0.0,1.0,0.0,0,1
64934,0,0.0,0.0,0.0,0,0
64964,2,0.0,1.0,0.0,0,1
65040,1,0.0,1.0,0.0,0,1
65041,0,0.0,0.0,0.0,0,0
65274,2,0.0,0.5,0.5,0,1
65390,1,0.0,1.0,0.0,0,1
65486,0,0.0,0.0,0.0,0,0
65515,0,0.0,0.0,0.0,0,0
65564,1,1.0,0.0,0.0,0,1
65610,1,1.0,0.0,0.0,0,1
65641,2,0.5,0.5,0.0,0,1
65728,0,0.0,0.0,0.0,0,0
65746,2,0.5,0.5,0.0,14544,1
65762,0,0.0,0.0,0.0,0,0
65795,1,0.0,1.0,0.0,0,1
65855,0,0.0,0.0,0.0,0,0
65857,0,0.0,0.0,0.0,0,0
65885,3,0.0,0.6666666666666666,0.3333333333333333,169778,1
65887,4,0.5,0.25,0.25,5130,1
65889,0,0.0,0.0,0.0,0,0
65910,5,0.6,0.4,0.0,175077,1
65912,4,0.5,0.5,0.0,77300,1
65932,3,0.3333333333333333,0.3333333333333333,0.3333333333333333,1924,1
65935,1,1.0,0.0,0.0,0,1
65997,0,0.0,0.0,0.0,0,0
66063,2,0.0,1.0,0.0,22216,1
66066,2,0.5,0.5,0.0,205,1
66067,4,0.0,0.75,0.25,77,1
66068,0,0.0,0.0,0.0,0,0
66072,1,0.0,1.0,0.0,0,1
66073,0,0.0,0.0,0.0,0,0
66104,2,1.0,0.0,0.0,38462,1
66105,0,0.0,0.0,0.0,0,0
66113,1,1.0,0.0,0.0,0,1
66159,0,0.0,0.0,0.0,0,0
66235,0,0.0,0.0,0.0,0,0
66238,0,0.0,0.0,0.0,0,0
66243,0,0.0,0.0,0.0,0,0
66394,0,0.0,0.0,0.0,0,0
66463,1,0.0,1.0,0.0,0,1
66473,5,0.0,0.6,0.4,151986,1
66477,0,0.0,0.0,0.0,0,0
66479,0,0.0,0.0,0.0,0,0
66481,0,0.0,0.0,0.0,0,0
66482,2,1.0,0.0,0.0,339,1
66496,1,1.0,0.0,0.0,0,1
66505,1,1.0,0.0,0.0,0,1
66507,0,0.0,0.0,0.0,0,0
66510,0,0.0,0.0,0.0,0,0
66511,0,0.0,0.0,0.0,0,0
66538,1,0.0,1.0,0.0,0,1
66609,1,1.0,0.0,0.0,0,1
66644,8,0.25,0.625,0.125,52705,1
66732,1,1.0,0.0,0.0,0,1
66745,1,1.0,0.0,0.0,0,1
66803,3,0.6666666666666666,0.3333333333333333,0.0,304224,1
66811,13,0.23076923076923078,0.6153846153846154,0.15384615384615385,212243,1
66815,4,0.25,0.5,0.25,63972,1
66937,0,0.0,0.0,0.0,0,0
66941,0,0.0,0.0,0.0,0,0
67125,0,0.0,0.0,0.0,0,0
67171,0,0.0,0.0,0.0,0,0
67346,1,1.0,0.0,0.0,0,1
67347,0,0.0,0.0,0.0,0,0
67396,4,1.0,0.0,0.0,177,1
67467,1,1.0,0.0,0.0,0,1
67470,0,0.0,0.0,0.0,0,0
67476,2,0.0,0.5,0.5,0,1
67504,34,0.8235294117647058,0.14705882352941177,0.029411764705882353,439764,1
67647,15,0.5333333333333333,0.4,0.06666666666666667,74890,1
67677,2,0.5,0.5,0.0,0,1
67692,0,0.0,0.0,0.0,0,0
67721,0,0.0,0.0,0.0,0,0
67738,1,1.0,0.0,0.0,0,1
67747,0,0.0,0.0,0.0,0,0
67816,3,0.6666666666666666,0.3333333333333333,0.0,84664,1
68135,1,0.0,1.0,0.0,0,1
68193,2,0.5,0.5,0.0,4220,1
68387,1,0.0,1.0,0.0,0,1
68392,4,0.5,0.25,0.25,29952,1
68465,7,0.14285714285714285,0.7142857142857143,0.14285714285714285,119399,1
68644,1,1.0,0.0,0.0,0,1
68677,0,0.0,0.0,0.0,0,0
68878,0,0.0,0.0,0.0,0,0
68970,2,0.0,0.5,0.5,0,1
68977,0,0.0,0.0,0.0,0,0
69020,0,0.0,0.0,0.0,0,0
69030,0,0.0,0.0,0.0,0,0
69031,4,0.25,0.5,0.25,71539,1
69091,1,1.0,0.0,0.0,0,1
69162,1,0.0,1.0,0.0,0,1
69245,0,0.0,0.0,0.0,0,0
69269,8,0.75,0.25,0.0,421853,1
69270,2,0.0,0.5,0.5,0,1
69376,1,1.0,0.0,0.0,0,1
69392,1,0.0,1.0,0.0,0,1
69405,1,0.0,1.0,0.0,0,1
69447,1,1.0,0.0,0.0,0,1
69471,2,0.0,1.0,0.0,30905,1
69782,1,1.0,0.0,0.0,0,1
69806,1,1.0,0.0,0.0,0,1
70030,5,0.2,0.4,0.4,80069,1
70035,0,0.0,0.0,0.0,0,0
70122,0,0.0,0.0,0.0,0,0
70126,1,1.0,0.0,0.0,0,1
70137,1,1.0,0.0,0.0,0,1
70190,1,1.0,0.0,0.0,0,1
70275,25,0.0,0.72,0.28,318947,1
70281,0,0.0,0.0,0.0,0,0
70355,2,1.0,0.0,0.0,64606,1
70359,2,1.0,0.0,0.0,27062,1
70375,0,0.0,0.0,0.0,0,0
70380,1,0.0,1.0,0.0,0,1
70384,0,0.0,0.0,0.0,0,0
70388,0,0.0,0.0,0.0,0,0
70416,2,0.5,0.5,0.0,0,1
70453,4,0.0,0.5,0.5,766,1
70458,0,0.0,0.0,0.0,0,0
70647,5,0.0,1.0,0.0,356732,1
70692,0,0.0,0.0,0.0,0,0
70865,2,1.0,0.0,0.0,47658,1
70887,1,0.0,1.0,0.0,0,1
71004,0,0.0,0.0,0.0,0,0
71279,2,1.0,0.0,0.0,97742,1
71395,9,0.2222222222222222,0.5555555555555556,0.2222222222222222,49825,1
71430,9,0.7777777777777778,0.2222222222222222,0.0,257424,1
71665,1,0.0,1.0,0.0,0,1
71810,0,0.0,0.0,0.0,0,0
72124,0,0.0,0.0,0.0,0,0
72167,0,0.0,0.0,0.0,0,0
72193,3,0.0,0.6666666666666666,0.3333333333333333,1657,1
72241,0,0.0,0.0,0.0,0,0
72288,0,0.0,0.0,0.0,0,0
72289,1,0.0,1.0,0.0,0,1
72329,9,0.3333333333333333,0.6666666666666666,0.0,20900,1
72366,0,0.0,0.0,0.0,0,0
72413,11,0.9090909090909091,0.09090909090909091,0.0,112859,1
72689,0,0.0,0.0,0.0,0,0
73171,0,0.0,0.0,0.0,0,0
73193,0,0.0,0.0,0.0,0,0
73195,0,0.0,0.0,0.0,0,0
73230,0,0.0,0.0,0.0,0,0
73264,1,0.0,1.0,0.0,0,1
73345,0,0.0,0.0,0.0,0,0
73346,2,0.5,0.5,0.0,10492,1
73347,0,0.0,0.0,0.0,0,0
73350,0,0.0,0.0,0.0,0,0
73351,0,0.0,0.0,0.0,0,0
73353,1,1.0,0.0,0.0,0,1
73355,2,0.5,0.5,0.0,0,1
73357,3,0.0,1.0,0.0,0,1
73359,1,1.0,0.0,0.0,0,1
73361,1,0.0,1.0,0.0,0,1
73366,8,0.375,0.625,0.0,37644,1
73367,8,0.625,0.375,0.0,574594,1
73369,6,0.5,0.3333333333333333,0.16666666666666666,30751,1
73415,1,0.0,1.0,0.0,0,1
73468,0,0.0,0.0,0.0,0,0
73470,0,0.0,0.0,0.0,0,0
73473,4,0.25,0.75,0.0,47046,1
73475,2,1.0,0.0,0.0,2132,1
73645,2,1.0,0.0,0.0,93,1
73710,13,0.7692307692307693,0.23076923076923078,0.0,270822,1
73790,0,0.0,0.0,0.0,0,0
73908,1,0.0,1.0,0.0,0,1
73949,0,0.0,0.0,0.0,0,0
73994,2,1.0,0.0,0.0,42,1
74073,1,1.0,0.0,0.0,0,1
74077,0,0.0,0.0,0.0,0,0
74171,0,0.0,0.0,0.0,0,0
74216,1,0.0,1.0,0.0,0,1
74261,1,1.0,0.0,0.0,0,1
74274,1,0.0,1.0,0.0,0,1
74322,0,0.0,0.0,0.0,0,0
74343,1,1.0,0.0,0.0,0,1
74355,1,0.0,1.0,0.0,0,1
74567,0,0.0,0.0,0.0,0,0
74571,0,0.0,0.0,0.0,0,0
74581,0,0.0,0.0,0.0,0,0
74620,2,0.5,0.5,0.0,3572,1
74766,2,0.5,0.5,0.0,0,1
74783,10,0.4,0.6,0.0,375214,1
74836,13,0.23076923076923078,0.46153846153846156,0.3076923076923077,118578,1
75040,0,0.0,0.0,0.0,0,0
75051,2,0.5,0.5,0.0,0,1
75079,0,0.0,0.0,0.0,0,0
75080,6,0.5,0.3333333333333333,0.16666666666666666,16844,1
75089,4,0.75,0.25,0.0,154665,1
75091,3,0.0,0.6666666666666666,0.3333333333333333,0,1
75104,0,0.0,0.0,0.0,0,0
75105,0,0.0,0.0,0.0,0,0
75139,1,1.0,0.0,0.0,0,1
75141,0,0.0,0.0,0.0,0,0
75349,3,1.0,0.0,0.0,943,1
75350,0,0.0,0.0,0.0,0,0
75480,0,0.0,0.0,0.0,0,0
75534,1,1.0,0.0,0.0,0,1
75548,2,0.5,0.5,0.0,144029,1
75561,0,0.0,0.0,0.0,0,0
75567,1,1.0,0.0,0.0,0,1
75791,1,1.0,0.0,0.0,0,1
75871,2,1.0,0.0,0.0,219,1
75920,1,0.0,1.0,0.0,0,1
76071,0,0.0,0.0,0.0,0,0
76171,3,1.0,0.0,0.0,136396,1
76290,34,0.6764705882352942,0.3235294117647059,0.0,205288,1
76405,3,0.6666666666666666,0.3333333333333333,0.0,61467,1
76427,0,0.0,0.0,0.0,0,0
76472,0,0.0,0.0,0.0,0,0
76500,4,0.25,0.5,0.25,1047,1
76670,0,0.0,0.0,0.0,0,0
76771,1,0.0,1.0,0.0,0,1
76796,1,1.0,0.0,0.0,0,1
76825,2,0.0,1.0,0.0,0,1
76831,1,0.0,1.0,0.0,0,1
76834,4,0.25,0.5,0.25,22880,1
76843,1,1.0,0.0,0.0,0,1
76860,0,0.0,0.0,0.0,0,0
76960,0,0.0,0.0,0.0,0,0
77086,4,0.5,0.25,0.25,27230,1
77167,5,0.0,0.8,0.2,195559,1
77171,1,1.0,0.0,0.0,0,1
77173,1,1.0,0.0,0.0,0,1
77180,1,1.0,0.0,0.0,0,1
77189,1,0.0,1.0,0.0,0,1
77190,12,0.5,0.5,0.0,76271,1
77194,11,0.2727272727272727,0.6363636363636364,0.09090909090909091,97463,1
77227,4,0.5,0.5,0.0,351226,1
77232,3,0.6666666666666666,0.3333333333333333,0.0,145532,1
77239,1,0.0,1.0,0.0,0,1
77245,0,0.0,0.0,0.0,0,0
77316,2,0.5,0.5,0.0,0,1
77332,3,0.3333333333333333,0.3333333333333333,0.3333333333333333,36517,1
77447,2,1.0,0.0,0.0,7078,1
77512,0,0.0,0.0,0.0,0,0
77638,0,0.0,0.0,0.0,0,0
78073,1,1.0,0.0,0.0,0,1
78175,0,0.0,0.0,0.0,0,0
78178,0,0.0,0.0,0.0,0,0
78276,2,0.5,0.5,0.0,0,1
78297,2,0.5,0.5,0.0,121,1
78351,1,1.0,0.0,0.0,0,1
78362,8,0.625,0.375,0.0,270793,1
78455,0,0.0,0.0,0.0,0,0
78461,0,0.0,0.0,0.0,0,0
78536,0,0.0,0.0,0.0,0,0
78547,1,0.0,1.0,0.0,0,1
78551,1,0.0,1.0,0.0,0,1
78626,0,0.0,0.0,0.0,0,0
78657,4,1.0,0.0,0.0,1938,1
78666,5,1.0,0.0,0.0,176804,1
78714,1,1.0,0.0,0.0,0,1
78866,4,0.5,0.5,0.0,228854,1
78869,1,1.0,0.0,0.0,0,1
78887,9,0.3333333333333333,0.5555555555555556,0.1111111111111111,296189,1
79139,0,0.0,0.0,0.0,0,0
79187,2,0.5,0.5,0.0,0,1
79268,3,0.3333333333333333,0.3333333333333333,0.3333333333333333,170851,1
79397,2,1.0,0.0,0.0,14,1
79401,0,0.0,0.0,0.0,0,0
79477,8,0.75,0.25,0.0,243838,1
79530,2,0.5,0.5,0.0,0,1
79539,1,1.0,0.0,0.0,0,1
79581,0,0.0,0.0,0.0,0,0
79740,1,1.0,0.0,0.0,0,1
79760,2,0.5,0.5,0.0,0,1
79841,0,0.0,0.0,0.0,0,0
79869,0,0.0,0.0,0.0,0,0
79953,0,0.0,0.0,0.0,0,0
79970,0,0.0,0.0,0.0,0,0
80130,0,0.0,0.0,0.0,0,0
80254,0,0.0,0.0,0.0,0,0
80298,5,0.2,0.4,0.4,2343,1
80485,1,1.0,0.0,0.0,0,1
80501,1,1.0,0.0,0.0,0,1
80502,2,0.5,0.5,0.0,0,1
80687,1,1.0,0.0,0.0,0,1
80892,4,0.0,1.0,0.0,218530,1
80984,0,0.0,0.0,0.0,0,0
81181,158,0.2974683544303797,0.6329113924050633,0.06962025316455696,560288,1
81222,0,0.0,0.0,0.0,0,0
81227,6,0.6666666666666666,0.3333333333333333,0.0,193289,1
81336,0,0.0,0.0,0.0,0,0
81480,0,0.0,0.0,0.0,0,0
81576,0,0.0,0.0,0.0,0,0
81664,0,0.0,0.0,0.0,0,0
81683,1,1.0,0.0,0.0,0,1
81789,3,0.0,1.0,0.0,0,1
81795,0,0.0,0.0,0.0,0,0
81841,0,0.0,0.0,0.0,0,0
81842,0,0.0,0.0,0.0,0,0
81851,0,0.0,0.0,0.0,0,0
81869,1,0.0,1.0,0.0,0,1
81883,0,0.0,0.0,0.0,0,0
81925,0,0.0,0.0,0.0,0,0
81941,3,1.0,0.0,0.0,85373,1
81986,0,0.0,0.0,0.0,0,0
82038,1,0.0,1.0,0.0,0,1
82043,0,0.0,0.0,0.0,0,0
82507,0,0.0,0.0,0.0,0,0
82622,0,0.0,0.0,0.0,0,0
82623,2,0.5,0.5,0.0,0,1
82707,2,0.0,0.5,0.5,0,1
82792,2,0.0,0.5,0.5,0,1
82804,1,0.0,1.0,0.0,0,1
82948,1,1.0,0.0,0.0,0,1
82961,2,0.5,0.5,0.0,189970,1
83025,0,0.0,0.0,0.0,0,0
83086,1,1.0,0.0,0.0,0,1
83093,1,1.0,0.0,0.0,0,1
83096,1,1.0,0.0,0.0,0,1
83114,3,0.6666666666666666,0.3333333333333333,0.0,2573,1
83150,0,0.0,0.0,0.0,0,0
83232,1,1.0,0.0,0.0,0,1
83261,6,0.8333333333333334,0.16666666666666666,0.0,246959,1
83284,0,0.0,0.0,0.0,0,0
83297,2,0.0,1.0,0.0,51956,1
83362,0,0.0,0.0,0.0,0,0
83374,0,0.0,0.0,0.0,0,0
83376,0,0.0,0.0,0.0,0,0
83393,4,0.75,0.25,0.0,64217,1
83411,0,0.0,0.0,0.0,0,0
83434,3,0.3333333333333333,0.3333333333333333,0.3333333333333333,133178,1
83519,0,0.0,0.0,0.0,0,0
83654,1,1.0,0.0,0.0,0,1
83678,0,0.0,0.0,0.0,0,0
83700,3,0.0,0.6666666666666666,0.3333333333333333,270925,1
84018,3,1.0,0.0,0.0,151946,1
84034,2,0.5,0.5,0.0,174184,1
84062,3,1.0,0.0,0.0,6168,1
84096,0,0.0,0.0,0.0,0,0
84225,5,0.4,0.4,0.2,358589,1
84229,2,1.0,0.0,0.0,74,1
84376,1,1.0,0.0,0.0,0,1
84392,1,1.0,0.0,0.0,0,1
84440,10,0.7,0.3,0.0,26569,1
84446,0,0.0,0.0,0.0,0,0
84474,1,1.0,0.0,0.0,0,1
84741,1,1.0,0.0,0.0,0,1
84831,14,0.5,0.42857142857142855,0.07142857142857142,65112,1
84841,13,0.3076923076923077,0.5384615384615384,0.15384615384615385,52706,1
84872,1,1.0,0.0,0.0,0,1
84935,0,0.0,0.0,0.0,0,0
85140,9,0.0,0.5555555555555556,0.4444444444444444,157831,1
85143,1,1.0,0.0,0.0,0,1
85147,10,0.7,0.3,0.0,450387,1
85173,2,0.0,0.5,0.5,0,1
85188,3,0.3333333333333333,0.3333333333333333,0.3333333333333333,16750,1
85193,0,0.0,0.0,0.0,0,0
85208,1,1.0,0.0,0.0,0,1
85221,1,1.0,0.0,0.0,0,1
85231,0,0.0,0.0,0.0,0,0
85246,1,1.0,0.0,0.0,0,1
85371,0,0.0,0.0,0.0,0,0
85470,4,0.0,0.75,0.25,0,1
85520,2,1.0,0.0,0.0,2396,1
85586,0,0.0,0.0,0.0,0,0
85589,4,1.0,0.0,0.0,156963,1
85698,0,0.0,0.0,0.0,0,0
85962,2,0.5,0.5,0.0,0,1
86021,2,0.5,0.5,0.0,429371,1
86039,3,0.6666666666666666,0.3333333333333333,0.0,339,1
86097,0,0.0,0.0,0.0,0,0
86130,1,1.0,0.0,0.0,0,1
86249,2,0.0,1.0,0.0,0,1
86297,8,1.0,0.0,0.0,127590,1
86424,0,0.0,0.0,0.0,0,0
86551,0,0.0,0.0,0.0,0,0
86585,0,0.0,0.0,0.0,0,0
86684,3,0.6666666666666666,0.3333333333333333,0.0,313321,1
86831,0,0.0,0.0,0.0,0,0
87012,1,1.0,0.0,0.0,0,1
87071,1,1.0,0.0,0.0,0,1
87083,0,0.0,0.0,0.0,0,0
87137,1,1.0,0.0,0.0,0,1
87144,1,1.0,0.0,0.0,0,1
87203,1,1.0,0.0,0.0,0,1
87208,2,1.0,0.0,0.0,4272,1
87214,2,1.0,0.0,0.0,38,1
87330,12,0.4166666666666667,0.5,0.08333333333333333,317544,1
87362,0,0.0,0.0,0.0,0,0
87365,2,1.0,0.0,0.0,89441,1
87396,1,0.0,1.0,0.0,0,1
87497,1,1.0,0.0,0.0,0,1
87535,1,1.0,0.0,0.0,0,1
87598,0,0.0,0.0,0.0,0,0
87830,1,0.0,1.0,0.0,0,1
88017,2,0.5,0.5,0.0,0,1
88039,2,0.0,0.5,0.5,0,1
88045,2,1.0,0.0,0.0,12,1
88105,6,0.8333333333333334,0.16666666666666666,0.0,248945,1
88136,1,0.0,1.0,0.0,0,1
88154,1,1.0,0.0,0.0,0,1
88215,7,0.14285714285714285,0.7142857142857143,0.14285714285714285,103921,1
88225,2,1.0,0.0,0.0,581,1
88238,1,1.0,0.0,0.0,0,1
88359,1,1.0,0.0,0.0,0,1
88387,0,0.0,0.0,0.0,0,0
88399,0,0.0,0.0,0.0,0,0
88522,1,1.0,0.0,0.0,0,1
88657,0,0.0,0.0,0.0,0,0
88660,1,1.0,0.0,0.0,0,1
88664,0,0.0,0.0,0.0,0,0
88672,3,0.0,0.6666666666666666,0.3333333333333333,0,1
88675,2,1.0,0.0,0.0,15192,1
88817,6,0.5,0.3333333333333333,0.16666666666666666,67545,1
88819,0,0.0,0.0,0.0,0,0
88831,3,0.6666666666666666,0.3333333333333333,0.0,15275,1
88835,0,0.0,0.0,0.0,0,0
89176,3,0.0,1.0,0.0,3659,1
89299,1,1.0,0.0,0.0,0,1
89324,1,0.0,1.0,0.0,0,1
89428,1,0.0,1.0,0.0,0,1
89445,0,0.0,0.0,0.0,0,0
89523,1,1.0,0.0,0.0,0,1
89629,5,0.0,0.6,0.4,177152,1
89659,0,0.0,0.0,0.0,0,0
89723,0,0.0,0.0,0.0,0,0
89728,0,0.0,0.0,0.0,0,0
89730,2,0.5,0.5,0.0,0,1
89738,0,0.0,0.0,0.0,0,0
89740,0,0.0,0.0,0.0,0,0
89750,0,0.0,0.0,0.0,0,0
89805,656,0.004573170731707317,0.9679878048780488,0.027439024390243903,593957,1
89809,0,0.0,0.0,0.0,0,0
89991,2,0.0,1.0,0.0,110970,1
90082,5,0.8,0.2,0.0,50529,1
90134,1,1.0,0.0,0.0,0,1
90240,0,0.0,0.0,0.0,0,0
90258,4,0.5,0.5,0.0,31997,1
90381,1,1.0,0.0,0.0,0,1
90466,0,0.0,0.0,0.0,0,0
90489,0,0.0,0.0,0.0,0,0
90515,4,0.5,0.25,0.25,168309,1
90534,2,1.0,0.0,0.0,34960,1
90593,1,1.0,0.0,0.0,0,1
90640,3,1.0,0.0,0.0,185403,1
90641,3,0.3333333333333333,0.3333333333333333,0.3333333333333333,1784,1
90746,2,0.5,0.5,0.0,0,1
90748,0,0.0,0.0,0.0,0,0
90847,1,1.0,0.0,0.0,0,1
90879,1,1.0,0.0,0.0,0,1
91086,2,0.0,1.0,0.0,263204,1
91362,0,0.0,0.0,0.0,0,0
91370,1,1.0,0.0,0.0,0,1
91458,1,1.0,0.0,0.0,0,1
91555,1,1.0,0.0,0.0,0,1
91566,0,0.0,0.0,0.0,0,0
91582,2,0.5,0.5,0.0,0,1
91814,0,0.0,0.0,0.0,0,0
91888,0,0.0,0.0,0.0,0,0
91898,0,0.0,0.0,0.0,0,0
91909,1,1.0,0.0,0.0,0,1
91969,0,0.0,0.0,0.0,0,0
91989,0,0.0,0.0,0.0,0,0
92114,1,1.0,0.0,0.0,0,1
92146,1,1.0,0.0,0.0,0,1
92174,3,0.3333333333333333,0.6666666666666666,0.0,80924,1
92196,3,0.3333333333333333,0.6666666666666666,0.0,95052,1
92221,4,0.25,0.75,0.0,322678,1
92260,1,1.0,0.0,0.0,0,1
92272,1,1.0,0.0,0.0,0,1
92301,0,0.0,0.0,0.0,0,0
92313,2,1.0,0.0,0.0,23083,1
92348,1,1.0,0.0,0.0,0,1
92389,0,0.0,0.0,0.0,0,0
92409,1,1.0,0.0,0.0,0,1
92548,0,0.0,0.0,0.0,0,0
92580,2,0.0,1.0,0.0,93795,1
92846,1,1.0,0.0,0.0,0,1
92879,0,0.0,0.0,0.0,0,0
92894,0,0.0,0.0,0.0,0,0
92965,6,0.6666666666666666,0.3333333333333333,0.0,110375,1
92983,0,0.0,0.0,0.0,0,0
93057,5,1.0,0.0,0.0,103904,1
93060,1,1.0,0.0,0.0,0,1
93064,2,0.0,0.5,0.5,0,1
93067,1,1.0,0.0,0.0,0,1
93086,1,0.0,1.0,0.0,0,1
93097,5,0.0,0.6,0.4,179687,1
93141,2,1.0,0.0,0.0,15172,1
93194,0,0.0,0.0,0.0,0,0
93219,0,0.0,0.0,0.0,0,0
93220,3,1.0,0.0,0.0,41028,1
93249,4,0.5,0.5,0.0,424967,1
93326,2,0.0,0.5,0.5,0,1
93422,3,1.0,0.0,0.0,3044,1
93644,2,0.0,0.5,0.5,0,1
93717,1,0.0,1.0,0.0,0,1
93861,0,0.0,0.0,0.0,0,0
93873,0,0.0,0.0,0.0,0,0
93876,0,0.0,0.0,0.0,0,0
93953,5,0.8,0.2,0.0,212697,1
94095,3,1.0,0.0,0.0,4465,1
94096,2,0.0,0.5,0.5,0,1
94211,0,0.0,0.0,0.0,0,0
94243,2,0.0,0.5,0.5,0,1
94300,2,0.0,1.0,0.0,0,1
94508,0,0.0,0.0,0.0,0,0
94533,0,0.0,0.0,0.0,0,0
94642,2,1.0,0.0,0.0,2595,1
94735,0,0.0,0.0,0.0,0,0
94804,1,1.0,0.0,0.0,0,1
94852,1,1.0,0.0,0.0,0,1
94872,0,0.0,0.0,0.0,0,0
94903,0,0.0,0.0,0.0,0,0
94906,2,0.5,0.5,0.0,193067,1
95121,2,0.5,0.5,0.0,0,1
95139,0,0.0,0.0,0.0,0,0
95283,2,0.5,0.5,0.0,0,1
95292,0,0.0,0.0,0.0,0,0
95522,1,1.0,0.0,0.0,0,1
95555,0,0.0,0.0,0.0,0,0
95676,2,1.0,0.0,0.0,244116,1
95694,1,1.0,0.0,0.0,0,1
95712,2,1.0,0.0,0.0,7648,1
95772,4,0.5,0.25,0.25,1505,1
95773,9,0.7777777777777778,0.2222222222222222,0.0,343591,1
95842,0,0.0,0.0,0.0,0,0
95940,1,1.0,0.0,0.0,0,1
95942,0,0.0,0.0,0.0,0,0
96362,3,0.6666666666666666,0.3333333333333333,0.0,12578,1
96573,1,0.0,1.0,0.0,0,1
96680,0,0.0,0.0,0.0,0,0
96791,2,0.5,0.5,0.0,0,1
97132,1,0.0,1.0,0.0,0,1
97368,1,1.0,0.0,0.0,0,1
97643,0,0.0,0.0,0.0,0,0
97780,1,1.0,0.0,0.0,0,1
97795,3,0.6666666666666666,0.3333333333333333,0.0,32771,1
98053,0,0.0,0.0,0.0,0,0
98112,5,0.8,0.2,0.0,37704,1
98175,0,0.0,0.0,0.0,0,0
98191,0,0.0,0.0,0.0,0,0
98274,0,0.0,0.0,0.0,0,0
98363,4,0.75,0.25,0.0,9311,1
98583,0,0.0,0.0,0.0,0,0
98645,2,1.0,0.0,0.0,336,1
98704,2,0.5,0.5,0.0,0,1
98818,0,0.0,0.0,0.0,0,0
98828,0,0.0,0.0,0.0,0,0
98929,1,0.0,1.0,0.0,0,1
98973,1,1.0,0.0,0.0,0,1
99540,2,1.0,0.0,0.0,749,1
99591,1,1.0,0.0,0.0,0,1
99598,1,1.0,0.0,0.0,0,1
99612,1,1.0,0.0,0.0,0,1
99613,0,0.0,0.0,0.0,0,0
99688,2,1.0,0.0,0.0,111562,1
99717,3,0.0,0.6666666666666666,0.3333333333333333,0,1
99719,1,1.0,0.0,0.0,0,1
99828,0,0.0,0.0,0.0,0,0
99895,2,0.5,0.5,0.0,73320,1
99940,2,1.0,0.0,0.0,185100,1
99941,1,1.0,0.0,0.0,0,1
100064,0,0.0,0.0,0.0,0,0
100495,1,1.0,0.0,0.0,0,1
100549,2,0.5,0.5,0.0,0,1
100565,1,1.0,0.0,0.0,0,1
100589,0,0.0,0.0,0.0,0,0
100822,2,0.5,0.5,0.0,0,1
101006,1,1.0,0.0,0.0,0,1
101064,2,0.0,1.0,0.0,16,1
101154,12,0.5,0.4166666666666667,0.08333333333333333,21088,1
101162,2,0.5,0.5,0.0,0,1
101178,2,1.0,0.0,0.0,18919,1
101187,0,0.0,0.0,0.0,0,0
101295,1,0.0,1.0,0.0,0,1
101425,8,0.625,0.375,0.0,173016,1
101442,0,0.0,0.0,0.0,0,0
101555,1,1.0,0.0,0.0,0,1
101587,3,1.0,0.0,0.0,35046,1
101589,4,0.75,0.25,0.0,3404,1
101782,1,0.0,1.0,0.0,0,1
102191,3,0.3333333333333333,0.6666666666666666,0.0,0,1
102203,3,0.0,0.6666666666666666,0.3333333333333333,7704,1
102214,1,1.0,0.0,0.0,0,1
102500,7,0.5714285714285714,0.42857142857142855,0.0,103981,1
102757,0,0.0,0.0,0.0,0,0
103030,0,0.0,0.0,0.0,0,0
103046,0,0.0,0.0,0.0,0,0
103136,1,1.0,0.0,0.0,0,1
103238,0,0.0,0.0,0.0,0,0
103302,0,0.0,0.0,0.0,0,0
103430,1,1.0,0.0,0.0,0,1
103516,0,0.0,0.0,0.0,0,0
103519,4,0.0,1.0,0.0,105628,1
103521,10,0.6,0.3,0.1,27906,1
103529,0,0.0,0.0,0.0,0,0
103831,0,0.0,0.0,0.0,0,0
103975,0,0.0,0.0,0.0,0,0
104091,2,0.0,1.0,0.0,0,1
104109,10,0.0,0.5,0.5,86179,1
104286,0,0.0,0.0,0.0,0,0
104431,1,1.0,0.0,0.0,0,1
104432,7,0.42857142857142855,0.5714285714285714,0.0,101997,1
104440,2,1.0,0.0,0.0,25092,1
104441,4,0.75,0.25,0.0,121798,1
104451,0,0.0,0.0,0.0,0,0
104464,2,1.0,0.0,0.0,21,1
104495,1,1.0,0.0,0.0,0,1
104506,2,0.5,0.5,0.0,0,1
104595,2,1.0,0.0,0.0,155,1
104642,1,1.0,0.0,0.0,0,1
104774,18,0.8333333333333334,0.1111111111111111,0.05555555555555555,141008,1
104817,1,1.0,0.0,0.0,0,1
104852,0,0.0,0.0,0.0,0,0
105041,3,0.3333333333333333,0.6666666666666666,0.0,249854,1
105291,0,0.0,0.0,0.0,0,0
105408,0,0.0,0.0,0.0,0,0
105738,0,0.0,0.0,0.0,0,0
106290,0,0.0,0.0,0.0,0,0
106291,1,1.0,0.0,0.0,0,1
106361,0,0.0,0.0,0.0,0,0
106697,1,1.0,0.0,0.0,0,1
106870,1,1.0,0.0,0.0,0,1
106949,1,1.0,0.0,0.0,0,1
107132,0,0.0,0.0,0.0,0,0
107144,4,0.75,0.25,0.0,146367,1
107379,0,0.0,0.0,0.0,0,0
107418,1,1.0,0.0,0.0,0,1
107495,1,0.0,1.0,0.0,0,1
107843,1,1.0,0.0,0.0,0,1
107849,0,0.0,0.0,0.0,0,0
108134,75,0.72,0.28,0.0,17596,1
108193,0,0.0,0.0,0.0,0,0
108298,3,0.3333333333333333,0.6666666666666666,0.0,99848,1
108345,0,0.0,0.0,0.0,0,0
108389,0,0.0,0.0,0.0,0,0
108550,1,1.0,0.0,0.0,0,1
108551,2,1.0,0.0,0.0,1725,1
108679,0,0.0,0.0,0.0,0,0
108738,2,0.0,0.5,0.5,0,1
108752,1,1.0,0.0,0.0,0,1
108827,0,0.0,0.0,0.0,0,0
108981,0,0.0,0.0,0.0,0,0
109165,0,0.0,0.0,0.0,0,0
109239,3,0.6666666666666666,0.3333333333333333,0.0,4045,1
109289,1,1.0,0.0,0.0,0,1
109382,2,0.0,0.5,0.5,0,1
109392,1,0.0,1.0,0.0,0,1
109395,0,0.0,0.0,0.0,0,0
109399,4,0.75,0.25,0.0,233106,1
109508,1,1.0,0.0,0.0,0,1
109528,4,0.0,0.5,0.5,96799,1
109594,0,0.0,0.0,0.0,0,0
109732,1,1.0,0.0,0.0,0,1
110017,0,0.0,0.0,0.0,0,0
110063,1,1.0,0.0,0.0,0,1
110096,1,1.0,0.0,0.0,0,1
110108,1,1.0,0.0,0.0,0,1
110137,1,1.0,0.0,0.0,0,1
110177,32,0.71875,0.28125,0.0,312305,1
110185,1,1.0,0.0,0.0,0,1
110224,0,0.0,0.0,0.0,0,0
110435,1,1.0,0.0,0.0,0,1
110485,1,1.0,0.0,0.0,0,1
110495,0,0.0,0.0,0.0,0,0
110524,1,1.0,0.0,0.0,0,1
110569,1,0.0,1.0,0.0,0,1
110604,3,1.0,0.0,0.0,3863,1
110708,0,0.0,0.0,0.0,0,0
110910,0,0.0,0.0,0.0,0,0
110968,1,0.0,1.0,0.0,0,1
111066,1,1.0,0.0,0.0,0,1
111201,1,0.0,1.0,0.0,0,1
111288,1,0.0,1.0,0.0,0,1
111392,0,0.0,0.0,0.0,0,0
111403,4,0.0,0.75,0.25,192088,1
111593,6,0.3333333333333333,0.5,0.16666666666666666,176306,1
111895,1,1.0,0.0,0.0,0,1
111933,0,0.0,0.0,0.0,0,0
112080,2,1.0,0.0,0.0,174895,1
112317,0,0.0,0.0,0.0,0,0
112626,1,0.0,1.0,0.0,0,1
112633,0,0.0,0.0,0.0,0,0
113077,3,0.6666666666666666,0.3333333333333333,0.0,33407,1
113241,2,0.5,0.5,0.0,0,1
113277,0,0.0,0.0,0.0,0,0
113369,0,0.0,0.0,0.0,0,0
113476,1,1.0,0.0,0.0,0,1
113572,4,0.5,0.5,0.0,184783,1
113720,2,0.5,0.5,0.0,0,1
113932,0,0.0,0.0,0.0,0,0
113937,0,0.0,0.0,0.0,0,0
114146,0,0.0,0.0,0.0,0,0
114243,0,0.0,0.0,0.0,0,0
114427,0,0.0,0.0,0.0,0,0
114443,1,1.0,0.0,0.0,0,1
114468,0,0.0,0.0,0.0,0,0
114625,2,0.5,0.5,0.0,0,1
114676,3,0.3333333333333333,0.6666666666666666,0.0,0,1
114771,0,0.0,0.0,0.0,0,0
115040,1,1.0,0.0,0.0,0,1
115124,0,0.0,0.0,0.0,0,0
115381,2,1.0,0.0,0.0,167076,1
115398,1,1.0,0.0,0.0,0,1
115432,1,1.0,0.0,0.0,0,1
115775,5,0.2,0.8,0.0,61970,1
115917,0,0.0,0.0,0.0,0,0
115921,0,0.0,0.0,0.0,0,0
115940,0,0.0,0.0,0.0,0,0
116045,0,0.0,0.0,0.0,0,0
116070,5,0.8,0.2,0.0,275309,1
116427,1,1.0,0.0,0.0,0,1
116497,1,1.0,0.0,0.0,0,1
116844,1,1.0,0.0,0.0,0,1
116925,0,0.0,0.0,0.0,0,0
117793,4,0.75,0.25,0.0,1666,1
117874,2,0.5,0.5,0.0,5197,1
118103,1,1.0,0.0,0.0,0,1
118104,0,0.0,0.0,0.0,0,0
118139,7,0.14285714285714285,0.8571428571428571,0.0,35935,1
118248,0,0.0,0.0,0.0,0,0
118325,0,0.0,0.0,0.0,0,0
118383,0,0.0,0.0,0.0,0,0
118426,1,1.0,0.0,0.0,0,1
118735,3,1.0,0.0,0.0,383808,1
118754,2,0.0,0.5,0.5,0,1
118781,8,0.5,0.375,0.125,127268,1
118786,0,0.0,0.0,0.0,0,0
118795,1,1.0,0.0,0.0,0,1
118964,18,0.5,0.3888888888888889,0.1111111111111111,149484,1
119434,0,0.0,0.0,0.0,0,0
119556,0,0.0,0.0,0.0,0,0
119565,1,1.0,0.0,0.0,0,1
119661,0,0.0,0.0,0.0,0,0
119932,0,0.0,0.0,0.0,0,0
119954,0,0.0,0.0,0.0,0,0
119958,3,1.0,0.0,0.0,4290,1
120031,0,0.0,0.0,0.0,0,0
120066,1,1.0,0.0,0.0,0,1
120094,3,0.0,0.6666666666666666,0.3333333333333333,0,1
120147,0,0.0,0.0,0.0,0,0
120309,0,0.0,0.0,0.0,0,0
120396,0,0.0,0.0,0.0,0,0
120435,2,1.0,0.0,0.0,94667,1
120462,0,0.0,0.0,0.0,0,0
120696,4,0.5,0.25,0.25,9721,1
120700,1,1.0,0.0,0.0,0,1
120892,2,0.0,0.5,0.5,0,1
120900,2,0.0,0.5,0.5,0,1
121052,0,0.0,0.0,0.0,0,0
121078,1,1.0,0.0,0.0,0,1
121195,0,0.0,0.0,0.0,0,0
121700,2,0.0,0.5,0.5,0,1
121790,1,1.0,0.0,0.0,0,1
122030,0,0.0,0.0,0.0,0,0
122165,2,0.5,0.5,0.0,0,1
122176,0,0.0,0.0,0.0,0,0
122337,0,0.0,0.0,0.0,0,0
122375,1,1.0,0.0,0.0,0,1
122528,1,1.0,0.0,0.0,0,1
122541,0,0.0,0.0,0.0,0,0
122715,0,0.0,0.0,0.0,0,0
122726,2,0.0,0.5,0.5,0,1
122740,1,1.0,0.0,0.0,0,1
122757,0,0.0,0.0,0.0,0,0
122949,3,0.3333333333333333,0.3333333333333333,0.3333333333333333,107862,1
123103,1,1.0,0.0,0.0,0,1
123232,0,0.0,0.0,0.0,0,0
123423,1,1.0,0.0,0.0,0,1
123440,0,0.0,0.0,0.0,0,0
123467,1,1.0,0.0,0.0,0,1
123775,1,1.0,0.0,0.0,0,1
124286,1,0.0,1.0,0.0,0,1
124330,0,0.0,0.0,0.0,0,0
124353,2,0.0,1.0,0.0,29435,1
124457,2,1.0,0.0,0.0,108786,1
124520,7,0.5714285714285714,0.42857142857142855,0.0,3072,1
124588,0,0.0,0.0,0.0,0,0
124597,0,0.0,0.0,0.0,0,0
124718,2,0.5,0.5,0.0,305007,1
125196,0,0.0,0.0,0.0,0,0
125212,0,0.0,0.0,0.0,0,0
125225,0,0.0,0.0,0.0,0,0
125256,1,1.0,0.0,0.0,0,1
125261,1,0.0,1.0,0.0,0,1
125268,2,0.0,0.5,0.5,0,1
125349,2,1.0,0.0,0.0,591,1
125652,0,0.0,0.0,0.0,0,0
125731,1,0.0,1.0,0.0,0,1
125732,0,0.0,0.0,0.0,0,0
125794,3,0.6666666666666666,0.3333333333333333,0.0,143307,1
125869,2,1.0,0.0,0.0,415,1
125979,1,1.0,0.0,0.0,0,1
126126,1,1.0,0.0,0.0,0,1
126225,1,0.0,1.0,0.0,0,1
126314,0,0.0,0.0,0.0,0,0
126416,1,0.0,1.0,0.0,0,1
126552,10,0.4,0.6,0.0,132878,1
126579,0,0.0,0.0,0.0,0,0
126638,1,1.0,0.0,0.0,0,1
126649,0,0.0,0.0,0.0,0,0
126919,0,0.0,0.0,0.0,0,0
127655,1,0.0,1.0,0.0,0,1
127681,14,0.14285714285714285,0.5714285714285714,0.2857142857142857,82962,1
127682,4,1.0,0.0,0.0,96181,1
127734,1,1.0,0.0,0.0,0,1
128057,0,0.0,0.0,0.0,0,0
128201,1,1.0,0.0,0.0,0,1
128650,0,0.0,0.0,0.0,0,0
129125,1,1.0,0.0,0.0,0,1
129153,3,1.0,0.0,0.0,78956,1
129218,0,0.0,0.0,0.0,0,0
129425,2,0.5,0.5,0.0,0,1
129951,0,0.0,0.0,0.0,0,0
130429,1,1.0,0.0,0.0,0,1
130457,2,0.0,0.5,0.5,0,1
130565,1,1.0,0.0,0.0,0,1
130594,0,0.0,0.0,0.0,0,0
130704,0,0.0,0.0,0.0,0,0
130904,2,1.0,0.0,0.0,1254,1
130986,1,1.0,0.0,0.0,0,1
131499,5,0.2,0.6,0.2,75278,1
131501,0,0.0,0.0,0.0,0,0
131555,6,0.6666666666666666,0.3333333333333333,0.0,157279,1
131560,0,0.0,0.0,0.0,0,0
131770,0,0.0,0.0,0.0,0,0
131910,1,1.0,0.0,0.0,0,1
131916,0,0.0,0.0,0.0,0,0
132150,3,0.0,0.6666666666666666,0.3333333333333333,0,1
132410,1,0.0,1.0,0.0,0,1
132444,1,1.0,0.0,0.0,0,1
132483,1,0.0,1.0,0.0,0,1
132513,1,0.0,1.0,0.0,0,1
132596,2,1.0,0.0,0.0,410756,1
132684,0,0.0,0.0,0.0,0,0
132728,0,0.0,0.0,0.0,0,0
132736,1,1.0,0.0,0.0,0,1
132743,1,1.0,0.0,0.0,0,1
132960,2,0.0,0.5,0.5,0,1
133010,0,0.0,0.0,0.0,0,0
133112,0,0.0,0.0,0.0,0,0
133116,5,0.8,0.2,0.0,56143,1
133349,0,0.0,0.0,0.0,0,0
133415,0,0.0,0.0,0.0,0,0
133439,1,1.0,0.0,0.0,0,1
133443,11,0.6363636363636364,0.2727272727272727,0.09090909090909091,158361,1
133618,0,0.0,0.0,0.0,0,0
133684,4,1.0,0.0,0.0,168246,1
133746,1,1.0,0.0,0.0,0,1
133750,0,0.0,0.0,0.0,0,0
133837,12,0.9166666666666666,0.08333333333333333,0.0,311021,1
133868,19,0.5789473684210527,0.3157894736842105,0.10526315789473684,142817,1
133974,0,0.0,0.0,0.0,0,0
134426,1,0.0,1.0,0.0,0,1
134443,4,0.5,0.5,0.0,143511,1
134480,1,1.0,0.0,0.0,0,1
134519,1,1.0,0.0,0.0,0,1
134558,0,0.0,0.0,0.0,0,0
134637,2,1.0,0.0,0.0,11391,1
134846,0,0.0,0.0,0.0,0,0
134957,1,1.0,0.0,0.0,0,1
135185,2,0.0,0.5,0.5,0,1
135422,1,1.0,0.0,0.0,0,1
135607,2,1.0,0.0,0.0,68796,1
135656,0,0.0,0.0,0.0,0,0
135800,0,0.0,0.0,0.0,0,0
135821,0,0.0,0.0,0.0,0,0
135929,0,0.0,0.0,0.0,0,0
136050,1,1.0,0.0,0.0,0,1
136236,0,0.0,0.0,0.0,0,0
136386,2,0.5,0.5,0.0,0,1
136420,0,0.0,0.0,0.0,0,0
136446,4,1.0,0.0,0.0,269994,1
136719,2,0.5,0.5,0.0,0,1
136879,0,0.0,0.0,0.0,0,0
136888,1,0.0,1.0,0.0,0,1
136904,0,0.0,0.0,0.0,0,0
137119,1,1.0,0.0,0.0,0,1
137174,2,0.5,0.5,0.0,0,1
137199,3,1.0,0.0,0.0,111532,1
137586,0,0.0,0.0,0.0,0,0
137637,1,1.0,0.0,0.0,0,1
137649,0,0.0,0.0,0.0,0,0
137650,1,0.0,1.0,0.0,0,1
137693,1,1.0,0.0,0.0,0,1
138030,0,0.0,0.0,0.0,0,0
138170,0,0.0,0.0,0.0,0,0
138202,2,0.5,0.5,0.0,372348,1
138529,4,0.75,0.25,0.0,38534,1
138663,1,1.0,0.0,0.0,0,1
138769,3,0.3333333333333333,0.6666666666666666,0.0,884,1
138795,5,0.0,0.6,0.4,18170,1
139097,0,0.0,0.0,0.0,0,0
139113,0,0.0,0.0,0.0,0,0
139150,0,0.0,0.0,0.0,0,0
139151,0,0.0,0.0,0.0,0,0
139488,1,1.0,0.0,0.0,0,1
139558,1,1.0,0.0,0.0,0,1
139812,2,0.5,0.5,0.0,0,1
139896,0,0.0,0.0,0.0,0,0
139996,1,1.0,0.0,0.0,0,1
140044,0,0.0,0.0,0.0,0,0
140375,0,0.0,0.0,0.0,0,0
140416,1,1.0,0.0,0.0,0,1
141252,0,0.0,0.0,0.0,0,0
141503,0,0.0,0.0,0.0,0,0
141889,4,0.25,0.5,0.25,167224,1
142227,2,0.0,0.5,0.5,0,1
142231,1,0.0,1.0,0.0,0,1
142234,1,1.0,0.0,0.0,0,1
142319,0,0.0,0.0,0.0,0,0
142322,0,0.0,0.0,0.0,0,0
142360,1,1.0,0.0,0.0,0,1
142605,0,0.0,0.0,0.0,0,0
142628,0,0.0,0.0,0.0,0,0
143209,4,0.25,0.75,0.0,45389,1
143367,0,0.0,0.0,0.0,0,0
143368,2,0.5,0.5,0.0,0,1
143825,2,0.0,0.5,0.5,0,1
143828,1,1.0,0.0,0.0,0,1
143854,0,0.0,0.0,0.0,0,0
143867,5,1.0,0.0,0.0,368629,1
143887,1,1.0,0.0,0.0,0,1
143940,0,0.0,0.0,0.0,0,0
143977,1,0.0,1.0,0.0,0,1
143996,0,0.0,0.0,0.0,0,0
144026,19,0.5263157894736842,0.47368421052631576,0.0,228023,1
144159,0,0.0,0.0,0.0,0,0
144412,2,1.0,0.0,0.0,79791,1
144461,0,0.0,0.0,0.0,0,0
144560,0,0.0,0.0,0.0,0,0
144570,1,1.0,0.0,0.0,0,1
144804,0,0.0,0.0,0.0,0,0
145033,1,1.0,0.0,0.0,0,1
145233,0,0.0,0.0,0.0,0,0
145323,6,0.8333333333333334,0.16666666666666666,0.0,8635,1
145333,10,0.4,0.3,0.3,59706,1
145672,0,0.0,0.0,0.0,0,0
145759,0,0.0,0.0,0.0,0,0
145836,8,0.75,0.25,0.0,29180,1
145894,5,0.8,0.2,0.0,11578,1
145895,1,0.0,1.0,0.0,0,1
146033,1,1.0,0.0,0.0,0,1
146082,1,1.0,0.0,0.0,0,1
146316,0,0.0,0.0,0.0,0,0
146452,1,1.0,0.0,0.0,0,1
146465,0,0.0,0.0,0.0,0,0
146466,0,0.0,0.0,0.0,0,0
146661,0,0.0,0.0,0.0,0,0
146890,3,0.0,1.0,0.0,688,1
147126,1,1.0,0.0,0.0,0,1
147136,1,1.0,0.0,0.0,0,1
147138,1,1.0,0.0,0.0,0,1
147381,2,1.0,0.0,0.0,27124,1
147390,0,0.0,0.0,0.0,0,0
147646,1,1.0,0.0,0.0,0,1
147720,1,1.0,0.0,0.0,0,1
147767,0,0.0,0.0,0.0,0,0
148366,0,0.0,0.0,0.0,0,0
148473,0,0.0,0.0,0.0,0,0
148853,0,0.0,0.0,0.0,0,0
148858,4,0.5,0.5,0.0,2145,1
149433,0,0.0,0.0,0.0,0,0
149699,0,0.0,0.0,0.0,0,0
150173,0,0.0,0.0,0.0,0,0
150202,7,0.7142857142857143,0.2857142857142857,0.0,279261,1
150578,0,0.0,0.0,0.0,0,0
150677,2,1.0,0.0,0.0,1289,1
150678,0,0.0,0.0,0.0,0,0
151469,0,0.0,0.0,0.0,0,0
151735,0,0.0,0.0,0.0,0,0
151850,0,0.0,0.0,0.0,0,0
151885,1,1.0,0.0,0.0,0,1
151949,4,0.5,0.25,0.25,161910,1
152202,0,0.0,0.0,0.0,0,0
152264,0,0.0,0.0,0.0,0,0
152512,1,0.0,1.0,0.0,0,1
152791,0,0.0,0.0,0.0,0,0
152834,12,0.0,0.5833333333333334,0.4166666666666667,14429,1
152982,0,0.0,0.0,0.0,0,0
153049,1,1.0,0.0,0.0,0,1
153110,6,1.0,0.0,0.0,73550,1
153143,2,1.0,0.0,0.0,6804,1
153148,3,0.6666666666666666,0.3333333333333333,0.0,17088,1
153197,14,0.42857142857142855,0.35714285714285715,0.21428571428571427,112235,1
153209,2,1.0,0.0,0.0,61385,1
153628,0,0.0,0.0,0.0,0,0
153756,1,1.0,0.0,0.0,0,1
153793,8,0.75,0.25,0.0,331858,1
153807,0,0.0,0.0,0.0,0,0
153950,4,1.0,0.0,0.0,291951,1
153971,2,1.0,0.0,0.0,953,1
154216,1,1.0,0.0,0.0,0,1
154385,1,1.0,0.0,0.0,0,1
154663,1,1.0,0.0,0.0,0,1
155144,1,1.0,0.0,0.0,0,1
155145,1,1.0,0.0,0.0,0,1
155251,1,1.0,0.0,0.0,0,1
155490,0,0.0,0.0,0.0,0,0
155638,0,0.0,0.0,0.0,0,0
155640,1,1.0,0.0,0.0,0,1
155716,0,0.0,0.0,0.0,0,0
155771,1,1.0,0.0,0.0,0,1
156223,1,1.0,0.0,0.0,0,1
156286,0,0.0,0.0,0.0,0,0
156320,0,0.0,0.0,0.0,0,0
156354,4,1.0,0.0,0.0,140198,1
156470,1,1.0,0.0,0.0,0,1
156773,2,0.0,0.5,0.5,0,1
156780,1,0.0,1.0,0.0,0,1
156886,5,0.4,0.6,0.0,1464,1
157019,0,0.0,0.0,0.0,0,0
157606,0,0.0,0.0,0.0,0,0
157884,2,0.0,0.5,0.5,0,1
158057,12,0.9166666666666666,0.08333333333333333,0.0,142064,1
158138,1,0.0,1.0,0.0,0,1
158210,1,0.0,1.0,0.0,0,1
158334,3,1.0,0.0,0.0,12798,1
158577,0,0.0,0.0,0.0,0,0
158692,1,0.0,1.0,0.0,0,1
158733,3,1.0,0.0,0.0,27070,1
158742,1,1.0,0.0,0.0,0,1
158743,1,1.0,0.0,0.0,0,1
158778,2,0.5,0.5,0.0,0,1
158780,10,0.3,0.5,0.2,104606,1
158918,0,0.0,0.0,0.0,0,0
159259,0,0.0,0.0,0.0,0,0
159956,0,0.0,0.0,0.0,0,0
159960,1,0.0,1.0,0.0,0,1
160050,1,0.0,1.0,0.0,0,1
160170,1,1.0,0.0,0.0,0,1
160171,0,0.0,0.0,0.0,0,0
160435,0,0.0,0.0,0.0,0,0
160541,20,0.45,0.5,0.05,209916,1
160610,1,1.0,0.0,0.0,0,1
160613,1,1.0,0.0,0.0,0,1
160623,0,0.0,0.0,0.0,0,0
160627,4,0.25,0.75,0.0,39075,1
160723,0,0.0,0.0,0.0,0,0
161283,2,0.5,0.5,0.0,0,1
161446,0,0.0,0.0,0.0,0,0
161585,3,0.6666666666666666,0.3333333333333333,0.0,64,1
161618,0,0.0,0.0,0.0,0,0
161904,0,0.0,0.0,0.0,0,0
162417,4,0.75,0.25,0.0,266003,1
162605,2,0.5,0.5,0.0,657,1
162874,1,1.0,0.0,0.0,0,1
162876,2,0.5,0.5,0.0,0,1
162949,4,0.25,0.5,0.25,5854,1
163479,7,0.2857142857142857,0.7142857142857143,0.0,77600,1
163604,0,0.0,0.0,0.0,0,0
163640,6,0.5,0.3333333333333333,0.16666666666666666,95456,1
163652,1,1.0,0.0,0.0,0,1
163687,1,1.0,0.0,0.0,0,1
163817,1,1.0,0.0,0.0,0,1
164025,0,0.0,0.0,0.0,0,0
164123,22,0.7272727272727273,0.22727272727272727,0.045454545454545456,101289,1
164186,0,0.0,0.0,0.0,0,0
164436,1,1.0,0.0,0.0,0,1
164533,0,0.0,0.0,0.0,0,0
164669,0,0.0,0.0,0.0,0,0
164749,16,0.25,0.5625,0.1875,74856,1
165397,3,1.0,0.0,0.0,146123,1
165968,1,0.0,1.0,0.0,0,1
166318,1,1.0,0.0,0.0,0,1
166851,1,0.0,1.0,0.0,0,1
166997,2,0.0,0.5,0.5,0,1
167171,2,1.0,0.0,0.0,147340,1
167495,1,1.0,0.0,0.0,0,1
167535,0,0.0,0.0,0.0,0,0
167554,1,1.0,0.0,0.0,0,1
167632,0,0.0,0.0,0.0,0,0
167748,2,0.5,0.5,0.0,0,1
167830,2,0.0,1.0,0.0,0,1
168073,0,0.0,0.0,0.0,0,0
168378,4,0.75,0.25,0.0,39007,1
168383,0,0.0,0.0,0.0,0,0
168510,0,0.0,0.0,0.0,0,0
168720,1,1.0,0.0,0.0,0,1
168735,0,0.0,0.0,0.0,0,0
170426,0,0.0,0.0,0.0,0,0
170529,4,0.75,0.25,0.0,7779,1
170561,2,0.0,1.0,0.0,0,1
170599,1,1.0,0.0,0.0,0,1
170861,2,0.5,0.5,0.0,346688,1
171053,0,0.0,0.0,0.0,0,0
171055,0,0.0,0.0,0.0,0,0
171245,0,0.0,0.0,0.0,0,0
171373,0,0.0,0.0,0.0,0,0
171515,0,0.0,0.0,0.0,0,0
171784,0,0.0,0.0,0.0,0,0
171803,1,1.0,0.0,0.0,0,1
171937,1,1.0,0.0,0.0,0,1
172359,1,1.0,0.0,0.0,0,1
173082,2,1.0,0.0,0.0,161,1
173302,0,0.0,0.0,0.0,0,0
173984,1,1.0,0.0,0.0,0,1
174022,0,0.0,0.0,0.0,0,0
174436,0,0.0,0.0,0.0,0,0
174511,4,0.0,0.5,0.5,84387,1
174878,2,1.0,0.0,0.0,9791,1
174946,0,0.0,0.0,0.0,0,0
175790,4,0.25,0.5,0.25,324,1
175955,1,1.0,0.0,0.0,0,1
176513,0,0.0,0.0,0.0,0,0
176561,0,0.0,0.0,0.0,0,0
176868,1,1.0,0.0,0.0,0,1
176870,1,1.0,0.0,0.0,0,1
177174,1,1.0,0.0,0.0,0,1
177323,1,1.0,0.0,0.0,0,1
177329,1,0.0,1.0,0.0,0,1
177903,2,0.0,0.5,0.5,0,1
177949,0,0.0,0.0,0.0,0,0
178119,2,0.0,0.5,0.5,0,1
178362,1,1.0,0.0,0.0,0,1
178845,0,0.0,0.0,0.0,0,0
179360,1,1.0,0.0,0.0,0,1
179424,1,1.0,0.0,0.0,0,1
179436,1,0.0,1.0,0.0,0,1
179661,2,0.5,0.5,0.0,0,1
179735,6,0.16666666666666666,0.5,0.3333333333333333,3833,1
180026,0,0.0,0.0,0.0,0,0
180275,0,0.0,0.0,0.0,0,0
180544,7,0.7142857142857143,0.2857142857142857,0.0,164686,1
180565,1,1.0,0.0,0.0,0,1
181986,2,1.0,0.0,0.0,26837,1
182090,1,0.0,1.0,0.0,0,1
182216,1,0.0,1.0,0.0,0,1
182532,4,0.5,0.25,0.25,29801,1
182736,1,1.0,0.0,0.0,0,1
182959,1,0.0,1.0,0.0,0,1
183260,0,0.0,0.0,0.0,0,0
184880,16,0.75,0.1875,0.0625,250275,1
185457,2,0.0,0.5,0.5,0,1
185593,4,0.75,0.25,0.0,28454,1
185829,12,0.5833333333333334,0.3333333333333333,0.08333333333333333,103397,1
186116,1,0.0,1.0,0.0,0,1
187452,0,0.0,0.0,0.0,0,0
187548,1,1.0,0.0,0.0,0,1
187783,0,0.0,0.0,0.0,0,0
187841,0,0.0,0.0,0.0,0,0
188247,6,0.5,0.3333333333333333,0.16666666666666666,30467,1
188279,0,0.0,0.0,0.0,0,0
188292,1,1.0,0.0,0.0,0,1
189179,1,1.0,0.0,0.0,0,1
189230,1,1.0,0.0,0.0,0,1
189540,0,0.0,0.0,0.0,0,0
189632,0,0.0,0.0,0.0,0,0
190535,0,0.0,0.0,0.0,0,0
191006,2,1.0,0.0,0.0,271644,1
191138,1,1.0,0.0,0.0,0,1
191157,1,1.0,0.0,0.0,0,1
191188,1,0.0,1.0,0.0,0,1
191293,0,0.0,0.0,0.0,0,0
191294,0,0.0,0.0,0.0,0,0
191328,0,0.0,0.0,0.0,0,0
191453,1,1.0,0.0,0.0,0,1
191937,0,0.0,0.0,0.0,0,0
192589,0,0.0,0.0,0.0,0,0
193437,1,0.0,1.0,0.0,0,1
193441,1,1.0,0.0,0.0,0,1
194488,1,1.0,0.0,0.0,0,1
194987,1,0.0,1.0,0.0,0,1
195293,0,0.0,0.0,0.0,0,0
195303,2,1.0,0.0,0.0,87268,1
195475,0,0.0,0.0,0.0,0,0
195892,0,0.0,0.0,0.0,0,0
196083,0,0.0,0.0,0.0,0,0
196096,2,0.5,0.5,0.0,0,1
196231,4,0.75,0.25,0.0,236333,1
196315,1,1.0,0.0,0.0,0,1
196332,0,0.0,0.0,0.0,0,0
196431,1,1.0,0.0,0.0,0,1
196454,1,1.0,0.0,0.0,0,1
196727,3,0.3333333333333333,0.6666666666666666,0.0,185999,1
196820,0,0.0,0.0,0.0,0,0
197260,1,0.0,1.0,0.0,0,1
197361,1,0.0,1.0,0.0,0,1
197852,19,0.47368421052631576,0.3157894736842105,0.21052631578947367,264575,1
198355,1,1.0,0.0,0.0,0,1
198374,0,0.0,0.0,0.0,0,0
198576,0,0.0,0.0,0.0,0,0
199282,2,0.0,0.5,0.5,0,1
199429,0,0.0,0.0,0.0,0,0
199700,8,0.25,0.5,0.25,239478,1
200621,0,0.0,0.0,0.0,0,0
200770,0,0.0,0.0,0.0,0,0
201044,1,1.0,0.0,0.0,0,1
201278,0,0.0,0.0,0.0,0,0
202343,1,1.0,0.0,0.0,0,1
202475,3,1.0,0.0,0.0,141030,1
202709,0,0.0,0.0,0.0,0,0
202858,2,0.5,0.5,0.0,0,1
203338,1,1.0,0.0,0.0,0,1
203617,0,0.0,0.0,0.0,0,0
203727,1,0.0,1.0,0.0,0,1
204188,0,0.0,0.0,0.0,0,0
205159,1,1.0,0.0,0.0,0,1
205497,1,1.0,0.0,0.0,0,1
205852,0,0.0,0.0,0.0,0,0
205871,0,0.0,0.0,0.0,0,0
206564,1,1.0,0.0,0.0,0,1
206632,0,0.0,0.0,0.0,0,0
207067,17,0.5882352941176471,0.4117647058823529,0.0,233917,1
207222,1,0.0,1.0,0.0,0,1
207702,1,0.0,1.0,0.0,0,1
208650,0,0.0,0.0,0.0,0,0
208701,2,1.0,0.0,0.0,8849,1
208957,1,1.0,0.0,0.0,0,1
209813,3,0.3333333333333333,0.6666666666666666,0.0,0,1
209965,6,0.6666666666666666,0.16666666666666666,0.16666666666666666,14831,1
210207,1,0.0,1.0,0.0,0,1
210267,2,0.5,0.5,0.0,0,1
210605,4,0.5,0.25,0.25,84381,1
211971,1,1.0,0.0,0.0,0,1
212200,1,1.0,0.0,0.0,0,1
212449,0,0.0,0.0,0.0,0,0
212450,0,0.0,0.0,0.0,0,0
213028,0,0.0,0.0,0.0,0,0
213607,1,0.0,1.0,0.0,0,1
214134,1,1.0,0.0,0.0,0,1
214580,5,0.6,0.4,0.0,97576,1
215028,1,0.0,1.0,0.0,0,1
215296,1,1.0,0.0,0.0,0,1
215360,4,0.0,0.5,0.5,41,1
215513,1,1.0,0.0,0.0,0,1
215565,0,0.0,0.0,0.0,0,0
215905,2,0.5,0.5,0.0,0,1
216168,1,1.0,0.0,0.0,0,1
216707,1,1.0,0.0,0.0,0,1
217366,2,0.0,1.0,0.0,74775,1
217367,1,1.0,0.0,0.0,0,1
217559,1,1.0,0.0,0.0,0,1
218345,5,0.6,0.4,0.0,257357,1
218368,1,1.0,0.0,0.0,0,1
219084,1,1.0,0.0,0.0,0,1
219174,0,0.0,0.0,0.0,0,0
219346,1,0.0,1.0,0.0,0,1
221066,0,0.0,0.0,0.0,0,0
221298,1,1.0,0.0,0.0,0,1
221307,0,0.0,0.0,0.0,0,0
221814,1,1.0,0.0,0.0,0,1
222721,0,0.0,0.0,0.0,0,0
222722,0,0.0,0.0,0.0,0,0
223457,0,0.0,0.0,0.0,0,0
223585,1,0.0,1.0,0.0,0,1
223586,0,0.0,0.0,0.0,0,0
224266,1,0.0,1.0,0.0,0,1
224417,2,1.0,0.0,0.0,325,1
224770,1,1.0,0.0,0.0,0,1
225503,1,0.0,1.0,0.0,0,1
225514,1,1.0,0.0,0.0,0,1
225585,1,1.0,0.0,0.0,0,1
225738,2,0.0,0.5,0.5,0,1
228437,5,0.4,0.4,0.2,21744,1
230442,1,1.0,0.0,0.0,0,1
230630,1,1.0,0.0,0.0,0,1
231013,1,1.0,0.0,0.0,0,1
231038,1,1.0,0.0,0.0,0,1
232987,1,1.0,0.0,0.0,0,1
233177,0,0.0,0.0,0.0,0,0
233691,0,0.0,0.0,0.0,0,0
235110,1,1.0,0.0,0.0,0,1
235232,1,1.0,0.0,0.0,0,1
236352,1,1.0,0.0,0.0,0,1
236518,2,0.5,0.5,0.0,0,1
238636,1,1.0,0.0,0.0,0,1
239795,0,0.0,0.0,0.0,0,0
240048,1,1.0,0.0,0.0,0,1
240394,1,1.0,0.0,0.0,0,1
240530,0,0.0,0.0,0.0,0,0
241656,0,0.0,0.0,0.0,0,0
242254,2,1.0,0.0,0.0,44111,1
245627,1,1.0,0.0,0.0,0,1
245689,0,0.0,0.0,0.0,0,0
246063,1,1.0,0.0,0.0,0,1
247199,1,1.0,0.0,0.0,0,1
247667,1,1.0,0.0,0.0,0,1
247668,0,0.0,0.0,0.0,0,0
247956,1,1.0,0.0,0.0,0,1
248754,0,0.0,0.0,0.0,0,0
248755,0,0.0,0.0,0.0,0,0
249607,0,0.0,0.0,0.0,0,0
249846,0,0.0,0.0,0.0,0,0
254187,0,0.0,0.0,0.0,0,0
254735,0,0.0,0.0,0.0,0,0
256458,0,0.0,0.0,0.0,0,0
256944,0,0.0,0.0,0.0,0,0
256945,1,1.0,0.0,0.0,0,1
257086,4,1.0,0.0,0.0,187399,1
257466,0,0.0,0.0,0.0,0,0
258280,0,0.0,0.0,0.0,0,0
258654,1,1.0,0.0,0.0,0,1
259289,1,1.0,0.0,0.0,0,1
259673,1,1.0,0.0,0.0,0,1
260696,5,0.0,0.6,0.4,398,1
262735,1,1.0,0.0,0.0,0,1
264448,0,0.0,0.0,0.0,0,0
264474,1,1.0,0.0,0.0,0,1
265054,1,1.0,0.0,0.0,0,1
265605,1,1.0,0.0,0.0,0,1
266019,1,1.0,0.0,0.0,0,1
266578,1,1.0,0.0,0.0,0,1
266969,2,0.5,0.5,0.0,0,1
269437,0,0.0,0.0,0.0,0,0
269958,2,1.0,0.0,0.0,98236,1
270368,0,0.0,0.0,0.0,0,0
270369,1,1.0,0.0,0.0,0,1
270422,1,1.0,0.0,0.0,0,1
271005,2,0.5,0.5,0.0,0,1
271955,0,0.0,0.0,0.0,0,0
274072,1,1.0,0.0,0.0,0,1
274077,1,1.0,0.0,0.0,0,1
275779,7,0.14285714285714285,0.7142857142857143,0.14285714285714285,2962,1
275780,2,0.0,1.0,0.0,0,1
276474,1,1.0,0.0,0.0,0,1
279419,4,0.75,0.25,0.0,250030,1
279421,0,0.0,0.0,0.0,0,0
280268,2,1.0,0.0,0.0,13425,1
285937,1,1.0,0.0,0.0,0,1
286243,2,1.0,0.0,0.0,7,1
286537,2,1.0,0.0,0.0,1766,1
286540,3,1.0,0.0,0.0,177,1
286542,4,1.0,0.0,0.0,36429,1
287236,0,0.0,0.0,0.0,0,0
292860,0,0.0,0.0,0.0,0,0
292861,2,0.5,0.5,0.0,0,1
293030,0,0.0,0.0,0.0,0,0
293042,2,0.0,1.0,0.0,35267,1
293698,0,0.0,0.0,0.0,0,0
295390,0,0.0,0.0,0.0,0,0
295627,0,0.0,0.0,0.0,0,0
295896,0,0.0,0.0,0.0,0,0
296004,1,0.0,1.0,0.0,0,1
296471,2,0.0,0.5,0.5,0,1
296589,1,1.0,0.0,0.0,0,1
298036,0,0.0,0.0,0.0,0,0
299382,2,0.5,0.5,0.0,0,1
300431,2,0.5,0.5,0.0,0,1
306650,0,0.0,0.0,0.0,0,0
311074,0,0.0,0.0,0.0,0,0
311352,2,1.0,0.0,0.0,95184,1
316194,1,1.0,0.0,0.0,0,1
316978,0,0.0,0.0,0.0,0,0
317028,0,0.0,0.0,0.0,0,0
317161,0,0.0,0.0,0.0,0,0
317733,1,1.0,0.0,0.0,0,1
325201,1,1.0,0.0,0.0,0,1
326633,1,1.0,0.0,0.0,0,1
327998,7,0.8571428571428571,0.14285714285714285,0.0,251472,1
329263,1,1.0,0.0,0.0,0,1
330020,1,1.0,0.0,0.0,0,1
331138,0,0.0,0.0,0.0,0,0
332484,1,1.0,0.0,0.0,0,1
333132,1,1.0,0.0,0.0,0,1
334590,1,1.0,0.0,0.0,0,1
334993,1,1.0,0.0,0.0,0,1
335038,1,1.0,0.0,0.0,0,1
340108,6,0.6666666666666666,0.3333333333333333,0.0,251066,1
341142,1,0.0,1.0,0.0,0,1
342502,2,0.0,0.5,0.5,0,1
343958,1,1.0,0.0,0.0,0,1
344584,1,1.0,0.0,0.0,0,1
346371,4,0.75,0.25,0.0,920,1
352769,0,0.0,0.0,0.0,0,0
354470,1,1.0,0.0,0.0,0,1
357697,2,0.0,0.5,0.5,0,1
360224,0,0.0,0.0,0.0,0,0
361788,4,0.25,0.75,0.0,0,1
362326,1,1.0,0.0,0.0,0,1
363455,1,0.0,1.0,0.0,0,1
363483,1,1.0,0.0,0.0,0,1
364421,1,1.0,0.0,0.0,0,1
370122,0,0.0,0.0,0.0,0,0
385202,0,0.0,0.0,0.0,0,0
391144,0,0.0,0.0,0.0,0,0
400871,2,1.0,0.0,0.0,31634,1
408794,1,1.0,0.0,0.0,0,1
427872,2,0.5,0.5,0.0,0,1
428284,4,1.0,0.0,0.0,72134,1
430163,0,0.0,0.0,0.0,0,0
444636,1,1.0,0.0,0.0,0,1
445939,1,1.0,0.0,0.0,0,1
446879,0,0.0,0.0,0.0,0,0
