node,in_degree,out_degree,degree,clustering
1,63,11,74,0.014475743348982786
2,218,44,262,0.13847818247385504
3,14,15,29,0.5019762845849802
4,466,163,629,0.08843705072910249
5,185,39,224,0.16759185831350779
6,664,38,702,0.043751062077619904
7,83,54,137,0.14765694076038904
8,797,37,834,0.04086435013505471
10,326,124,450,0.09259915432404979
15,431,23,454,0.040270047412904554
17,26,1,27,0.046153846153846156
19,192,79,271,0.10297758447641352
24,49,27,76,0.21840296139608673
26,357,142,499,0.10948830092153795
27,356,122,478,0.09031098745036663
31,136,37,173,0.18546242489904463
32,326,69,395,0.11116225938997153
33,46,34,80,0.22568973315241972
34,253,58,311,0.11399941055113469
39,255,184,439,0.1512059014638994
42,262,11,273,0.04071977697051618
43,417,3,420,0.06412860142508003
44,325,67,392,0.12935444185444187
45,79,9,88,0.1079113924050633
46,119,1,120,0.1261904761904762
47,94,74,168,0.2474563953488372
48,115,97,212,0.1843137254901961
50,137,1,138,0.06696286893049826
51,144,46,190,0.1568898090637221
52,247,49,296,0.16277573529411765
57,127,15,142,0.062456627342123525
59,511,52,563,0.06876243140684732
62,70,64,134,0.22442244224422442
63,237,17,254,0.09166945466711275
67,87,15,102,0.1363532372454816
68,165,1,166,0.09937933552391384
69,67,57,124,0.320831342570473
71,395,133,528,0.11125259875259876
72,92,120,212,0.24076013766272633
74,15,64,79,0.20500438981562774
77,141,30,171,0.14601850172319972
78,329,8,337,0.08225936187326839
80,253,20,273,0.09975756487384395
81,441,4,445,0.05289295205261592
83,390,118,508,0.09101707498144024
85,12,7,19,0.32967032967032966
86,127,0,127,0.069241344831896
88,689,41,730,0.04055256836997208
89,165,20,185,0.07357473035439137
91,168,13,181,0.04704006378313733
93,149,13,162,0.03525971792225662
94,70,13,83,0.11460476050543637
99,127,41,168,0.11503831417624522
106,154,12,166,0.10023087333811002
108,33,48,81,0.1854364540931705
131,10,61,71,0.23758320532514082
134,192,97,289,0.15314220618948168
137,119,10,129,0.16115702479338842
138,735,1,736,0.03488850581104376
140,92,91,183,0.21662600209132102
141,113,82,195,0.18366524228009354
143,78,26,104,0.17303370786516853
145,41,29,70,0.2365396249243799
146,193,52,245,0.10999628390932739
147,130,22,152,0.18933697881066303
148,56,12,68,0.22323049001814882
158,122,27,149,0.11995577667219458
159,119,31,150,0.19952295766249253
161,159,16,175,0.04057480980557904
171,166,23,189,0.1393544382371198
173,39,46,85,0.23989071038251367
175,78,25,103,0.22773109243697479
182,68,23,91,0.1692624155157214
186,125,20,145,0.08446655610834715
188,375,147,522,0.11562366964665816
202,37,2,39,0.05263157894736842
205,500,7,507,0.0449019033211092
206,988,31,1019,0.03763193477427297
209,19,16,35,0.3448275862068966
211,401,71,472,0.07999724622216103
213,562,4,566,0.04344758953428316
214,139,25,164,0.10816925010473398
216,168,23,191,0.04364640883977901
220,682,17,699,0.04066779550248047
221,179,52,231,0.08665701373349129
222,35,13,48,0.2822410147991543
223,224,33,257,0.102696131016234
253,230,66,296,0.09126798260287722
290,186,84,270,0.12950575994054256
291,265,65,330,0.11384722333627444
295,44,24,68,0.20606060606060606
299,212,53,265,0.13703537841468877
301,931,63,994,0.041896649043661104
306,162,32,194,0.12354679802955665
308,236,40,276,0.09436376210235131
317,488,3,491,0.02145987229247527
318,47,18,65,0.18027828191167575
320,5,13,18,0.3235294117647059
322,453,50,503,0.0721033657009026
323,479,100,579,0.05931001500684378
326,86,16,102,0.15241280458671763
327,642,20,662,0.04391786813155263
330,362,66,428,0.07121854190089077
331,495,16,511,0.04903347477604903
333,102,86,188,0.17621843257851086
334,54,57,111,0.2300632911392405
335,553,12,565,0.04999967358876101
339,229,107,336,0.10576364692218351
349,416,30,446,0.08083889633123571
350,50,7,57,0.04053109713487072
352,606,42,648,0.0425368112196829
353,10,8,18,0.14102564102564102
354,174,18,192,0.08178009835468399
355,68,131,199,0.1524595803233574
356,195,3,198,0.08776103621464446
357,87,34,121,0.12596232596232596
358,29,21,50,0.15856236786469344
360,79,50,129,0.2766541822721598
362,64,24,88,0.21466198419666374
365,217,1,218,0.09973364900858242
367,126,159,285,0.187430990062569
368,43,56,99,0.25821596244131456
369,352,140,492,0.1181829655892511
370,533,133,666,0.08929318609147004
371,23,100,123,0.19584158415841585
372,62,49,111,0.3045143638850889
373,233,51,284,0.14367532339291003
374,112,6,118,0.094279176201373
375,43,61,104,0.21668946648426812
376,185,58,243,0.14038717304566278
378,217,174,391,0.16289225629399834
379,37,31,68,0.1411764705882353
381,93,152,245,0.16964989305414838
383,765,32,797,0.045846358496840704
385,134,42,176,0.12051282051282051
386,38,99,137,0.2036677834597073
387,99,44,143,0.15358843237524247
389,118,60,178,0.15602836879432624
393,132,121,253,0.2239166469334596
394,54,37,91,0.27927565392354126
396,674,9,683,0.037317554240631164
398,28,138,166,0.19208870242732995
400,278,90,368,0.13121426100404956
402,177,60,237,0.16960199004975124
403,277,42,319,0.05291811846689896
404,51,54,105,0.2504677893611334
407,717,176,893,0.07478834309853853
408,604,184,788,0.07892656599247669
409,96,125,221,0.14158674803836094
413,13,24,37,0.15725806451612903
416,12,9,21,0.37362637362637363
417,77,80,157,0.16666666666666666
418,208,21,229,0.11928820531163373
419,134,121,255,0.14607026592821207
421,67,52,119,0.15576592082616178
422,192,221,413,0.15649987336734325
424,56,16,72,0.12155388471177944
428,62,27,89,0.2265892002734108
429,42,58,100,0.2671232876712329
431,258,79,337,0.13492447826588264
432,97,47,144,0.18565079365079365
434,185,180,365,0.16983503114889975
439,192,122,314,0.23298366431774503
450,15,72,87,0.18175438596491228
451,144,39,183,0.13145294029627413
452,77,104,181,0.2743667679837893
454,209,44,253,0.11360180889633932
456,204,135,339,0.14520917678812414
459,536,92,628,0.08547454038853819
461,274,118,392,0.16043416705993394
463,268,1,269,0.0920213061088609
465,413,16,429,0.05397017467199982
468,210,125,335,0.20794979079497908
471,76,41,117,0.15528350515463918
473,129,138,267,0.24673463764122347
474,70,66,136,0.15335051546391754
476,32,123,155,0.1754920634920635
480,123,24,147,0.14479380268853953
484,145,43,188,0.18006617038875103
485,145,83,228,0.145351823317925
489,435,6,441,0.03979024312728428
490,39,18,57,0.14343434343434344
491,53,19,72,0.21946060285563193
492,237,201,438,0.1697823392854026
498,63,82,145,0.30538736221083684
500,57,134,191,0.2664459723283253
501,90,211,301,0.25296803652968036
502,300,320,620,0.133603977120043
503,442,149,591,0.0848381404706542
504,41,13,54,0.1191553544494721
508,55,32,87,0.19296066252587993
509,15,1,16,0.08333333333333333
511,309,151,460,0.15160349854227406
515,139,36,175,0.12779503105590062
517,92,14,106,0.1251959686450168
519,401,178,579,0.11579221994314297
520,128,29,157,0.16655274550011392
523,103,51,154,0.16360454943132108
524,6,14,20,0.325
529,410,257,667,0.126073542900025
531,94,9,103,0.06059330948874395
533,167,95,262,0.17189705271897052
536,30,92,122,0.11336996336996337
537,21,41,62,0.15974025974025974
541,21,36,57,0.24081632653061225
542,194,113,307,0.197709801409353
543,54,43,97,0.21598589479870703
547,99,66,165,0.13388429752066117
548,189,15,204,0.1684968403605097
549,44,27,71,0.2726775956284153
550,132,59,191,0.1407142857142857
554,214,168,382,0.1650666144200627
555,82,35,117,0.1854341736694678
557,85,85,170,0.22677627715795654
561,70,82,152,0.2746626686656672
563,38,49,87,0.10641821946169772
565,59,44,103,0.2430208639435792
572,162,32,194,0.08344155844155844
577,83,11,94,0.14211076280041798
580,46,62,108,0.36674685912857524
581,138,141,279,0.1572623900450547
582,26,7,33,0.12473118279569892
600,92,10,102,0.0925438596491228
602,68,17,85,0.12442922374429223
604,25,10,35,0.2276923076923077
606,44,10,54,0.20244897959183675
608,108,170,278,0.18617544487168022
623,80,12,92,0.15597711532670883
634,12,36,48,0.4089068825910931
635,14,41,55,0.14009661835748793
639,29,31,60,0.22931785195936139
645,28,39,67,0.16478696741854637
659,56,11,67,0.21294615849969753
670,58,46,104,0.2566510172143975
673,66,92,158,0.11542070691273068
674,101,23,124,0.1401222651222651
676,57,11,68,0.09519230769230769
677,786,25,811,0.04639619643190313
679,569,99,668,0.10089350902200744
689,621,41,662,0.08329154045216554
691,9,47,56,0.16979591836734695
693,13,7,20,0.17894736842105263
697,15,35,50,0.21775898520084566
698,46,48,94,0.24615384615384617
707,10,65,75,0.14125874125874127
709,17,8,25,0.28421052631578947
715,17,10,27,0.22529644268774704
716,34,9,43,0.1207897793263647
720,51,20,71,0.20508166969147004
721,182,29,211,0.17955359603196472
732,25,17,42,0.1984126984126984
735,54,17,71,0.14592933947772657
738,16,77,93,0.13956507627393702
739,50,5,55,0.18693877551020407
745,35,88,123,0.18878865979381443
747,19,140,159,0.12616550116550115
750,422,48,470,0.05054269099153948
756,111,21,132,0.09192237083661159
759,288,11,299,0.04327662437524029
761,14,11,25,0.19047619047619047
762,136,4,140,0.07361067667605047
765,57,1,58,0.1119177253478524
768,118,12,130,0.04325068870523416
790,7,1,8,0.2857142857142857
792,41,65,106,0.1646586345381526
798,2,16,18,0.3235294117647059
799,23,1,24,0.14492753623188406
805,51,50,101,0.17703081232492998
806,64,5,69,0.05834464043419267
816,241,18,259,0.060629615235134084
817,52,15,67,0.11623376623376623
818,241,64,305,0.10223408151519908
821,51,16,67,0.12799532437171246
822,61,16,77,0.12540792540792542
824,10,3,13,0.2
828,159,10,169,0.0498371582216163
830,3,34,37,0.2134453781512605
832,198,57,255,0.19045289633524928
847,103,16,119,0.08397683397683398
855,40,29,69,0.1253305129561079
857,189,20,209,0.03955375253549696
863,22,23,45,0.3058321479374111
867,77,31,108,0.18283189564485589
868,40,31,71,0.15918367346938775
870,102,73,175,0.22262596899224807
871,15,22,37,0.2671957671957672
875,117,29,146,0.09744094488188976
879,60,25,85,0.24104627766599598
885,68,50,118,0.1326877336051648
889,48,27,75,0.2641509433962264
891,186,4,190,0.03962625239220984
901,175,145,320,0.1159152739992227
915,75,50,125,0.23524752475247523
919,55,35,90,0.14846846846846848
920,317,177,494,0.14415515474735505
923,17,34,51,0.1402439024390244
932,3,5,8,0.4
943,30,96,126,0.20034767492394612
946,49,27,76,0.12727272727272726
951,40,34,74,0.24065540194572452
956,266,12,278,0.05614322809894766
957,132,29,161,0.058726220016542596
960,416,33,449,0.07260977630488816
965,382,65,447,0.052083452284432064
970,1,1,2,0.0
972,178,129,307,0.11181354460603429
976,6,5,11,0.3333333333333333
979,512,1,513,0.01842714424951267
980,116,39,155,0.11525054466230937
981,10,1,11,0.23636363636363636
983,92,13,105,0.03371993127147766
984,75,72,147,0.28350824587706147
985,16,54,70,0.19143310417768378
987,257,15,272,0.08248918816939019
989,63,88,151,0.26046831955922867
990,23,110,133,0.21906536252134762
992,91,33,124,0.1668136131193793
994,179,107,286,0.1284488754926965
995,142,167,309,0.1581811379791178
996,105,63,168,0.1760629081700653
998,250,77,327,0.11474691214770119
999,48,27,75,0.23758320532514082
1002,28,34,62,0.26693877551020406
1009,57,16,73,0.25081967213114753
1010,24,74,98,0.21245421245421245
1014,50,21,71,0.11202185792349727
1016,57,91,148,0.21049304677623262
1024,23,92,115,0.26515671471059254
1026,39,52,91,0.3533199195171026
1031,62,9,71,0.10266847580280417
1035,67,131,198,0.25834193326453386
1037,112,15,127,0.05791505791505792
1040,46,64,110,0.2441962973846606
1042,141,2,143,0.11750221609376539
1043,67,131,198,0.19668042655658755
1053,65,65,130,0.2224242424242424
1057,44,16,60,0.2487770789657582
1059,35,43,78,0.16010928961748633
1062,1021,38,1059,0.042324331925322464
1069,23,60,83,0.3274536408864767
1076,11,42,53,0.2988235294117647
1084,34,48,82,0.27235534774985387
1087,53,30,83,0.22431077694235588
1091,4,22,26,0.3333333333333333
1093,69,17,86,0.2802665679378008
1104,93,158,251,0.12431408918772703
1120,13,20,33,0.2246376811594203
1122,19,113,132,0.19413189004415327
1131,12,46,58,0.20470588235294118
1135,4,14,18,0.10294117647058823
1142,27,37,64,0.1926530612244898
1146,9,54,63,0.23027469316189364
1154,40,70,110,0.19356486210418794
1161,5,38,43,0.27125506072874495
1163,30,28,58,0.1452358926919519
1164,5,8,13,0.1111111111111111
1168,37,99,136,0.25365782992901637
1173,12,11,23,0.21637426900584794
1206,14,17,31,0.22153846153846155
1221,40,18,58,0.3878787878787879
1225,18,96,114,0.22491058278981696
1228,42,66,108,0.16893878642074311
1229,72,102,174,0.19355742296918768
1240,31,46,77,0.11475409836065574
1247,323,79,402,0.11089361702127659
1252,25,7,32,0.1623931623931624
1267,317,18,335,0.038886574211852466
1270,36,24,60,0.1400709219858156
1274,560,64,624,0.05316956736859847
1276,462,63,525,0.07834372834372834
1284,259,6,265,0.06872973769525494
1286,214,68,282,0.15595114644544303
1291,93,12,105,0.13555555555555557
1292,182,64,246,0.12775217613927292
1298,97,72,169,0.14265882737220317
1308,27,17,44,0.18018018018018017
1313,10,30,40,0.16358463726884778
1315,92,16,108,0.16316035530621786
1317,59,41,100,0.19853709508881923
1319,31,47,78,0.293395675043834
1321,133,54,187,0.15310212617636806
1332,48,123,171,0.15003927729772193
1333,37,38,75,0.19593613933236576
1335,24,36,60,0.20918367346938777
1336,22,11,33,0.20689655172413793
1337,21,85,106,0.2761381834820407
1338,22,10,32,0.2962962962962963
1343,61,85,146,0.12470495672698663
1344,50,117,167,0.16696481812760883
1348,51,34,85,0.2111756168359942
1350,24,35,59,0.3627311522048364
1355,46,38,84,0.25191256830601094
1357,200,16,216,0.06677071648051505
1367,22,15,37,0.21957671957671956
1375,2,6,8,0.047619047619047616
1382,10,19,29,0.20652173913043478
1390,9,11,20,0.22857142857142856
1415,15,2,17,0.0
1416,145,17,162,0.05554083885209713
1426,166,0,166,0.047024461482292806
1431,65,12,77,0.1354642313546423
1435,28,46,74,0.24519774011299436
1443,119,14,133,0.17111502506435441
1445,84,169,253,0.140893470790378
1447,44,19,63,0.1676342525399129
1450,57,173,230,0.17186864283638478
1453,17,47,64,0.31020408163265306
1458,57,273,330,0.13485272961308398
1459,108,10,118,0.1042535446205171
1468,136,82,218,0.22891251307075636
1469,25,47,72,0.19674185463659147
1474,32,107,139,0.2316930775646372
1478,184,102,286,0.18708751793400286
1481,41,42,83,0.2857142857142857
1483,131,78,209,0.18832224685883223
1486,25,106,131,0.23958020989505247
1503,1028,2,1030,0.03335808652756887
1520,8,47,55,0.1799645390070922
1521,20,11,31,0.33666666666666667
1525,75,13,88,0.08225108225108226
1526,29,16,45,0.38850574712643676
1532,23,38,61,0.2719703977798335
1534,47,17,64,0.24310776942355888
1538,7,6,13,0.2222222222222222
1543,51,52,103,0.12427287149656266
1544,64,74,138,0.22948717948717948
1548,175,29,204,0.14549880866052003
1553,169,39,208,0.17745249101181304
1554,66,97,163,0.222883295194508
1564,160,9,169,0.06506097099144134
1572,59,125,184,0.20929774450901212
1574,137,37,174,0.1690251572327044
1577,53,1,54,0.029350104821802937
1583,18,30,48,0.18487394957983194
1599,11,24,35,0.4276923076923077
1605,9,8,17,0.3111111111111111
1612,4,8,12,0.25
1621,13,82,95,0.17494730502860584
1641,5,15,20,0.24166666666666667
1651,25,29,54,0.18067632850241547
1672,38,46,84,0.159242191500256
1683,39,20,59,0.1773049645390071
1686,8,3,11,0.15555555555555556
1703,4,43,47,0.11627906976744186
1711,8,2,10,0.10714285714285714
1720,18,12,30,0.245014245014245
1759,156,17,173,0.0999172870140612
1764,81,29,110,0.11849020544672718
1765,42,15,57,0.14370748299319727
1772,11,19,30,0.2751322751322751
1774,73,23,96,0.07416267942583732
1785,32,43,75,0.12825166364186327
1790,32,12,44,0.18699186991869918
1793,143,13,156,0.06896247240618102
1805,59,60,119,0.09810211173483026
1811,7,12,19,0.13071895424836602
1814,9,10,19,0.058823529411764705
1818,9,1,10,0.1111111111111111
1834,134,5,139,0.05426848619485877
1837,133,20,153,0.08625068021041175
1842,11,19,30,0.39666666666666667
1852,381,14,395,0.08749456048738033
1854,25,9,34,0.030107526881720432
1856,16,10,26,0.0935672514619883
1858,208,1,209,0.05184946632315053
1872,11,56,67,0.22807017543859648
1875,6,24,30,0.16809116809116809
1877,26,15,41,0.12605042016806722
1880,250,25,275,0.1458639705882353
1881,193,52,245,0.13656330749354006
1882,42,16,58,0.14745098039215687
1884,56,117,173,0.18750923872875092
1896,200,27,227,0.106244616709733
1904,2,13,15,0.26373626373626374
1918,19,25,44,0.27177177177177175
1928,34,36,70,0.3020408163265306
1941,202,148,350,0.10999060444722832
1945,62,31,93,0.2267884322678843
1946,31,157,188,0.20510490040142393
1952,51,73,124,0.299009900990099
1959,163,21,184,0.14667594848590323
1960,29,37,66,0.2185374149659864
1961,79,30,109,0.04694132334581773
1966,30,29,59,0.2429078014184397
1967,10,68,78,0.22939958592132506
1969,54,27,81,0.12491228070175439
1970,17,26,43,0.3816091954022989
1971,421,58,479,0.08911090636876655
1980,61,124,185,0.1901900915985423
1981,8,43,51,0.19241443108233117
1982,184,107,291,0.1317855923523387
1984,150,286,436,0.1767770293644818
1988,735,216,951,0.06118717440751339
1997,29,118,147,0.18665213178294573
1999,110,46,156,0.1327334083239595
2003,68,35,103,0.1677154582763338
2010,65,38,103,0.1884576098059244
2011,24,50,74,0.1682983682983683
2018,2,1,3,1.0
2024,56,40,96,0.2249122807017544
2029,4,8,12,0.42857142857142855
2031,4,9,13,0.2909090909090909
2033,9,87,96,0.17110762800417972
2035,44,113,157,0.2354668232530828
2036,5,5,10,0.2857142857142857
2037,5,12,17,0.2692307692307692
2040,34,37,71,0.18688524590163935
2042,120,13,133,0.04349456317960255
2045,261,67,328,0.11926792069140824
2048,124,95,219,0.21127430980552156
2050,24,10,34,0.15913978494623657
2052,7,6,13,0.2222222222222222
2055,350,9,359,0.05668941540046356
2058,3,45,48,0.18585858585858586
2060,57,16,73,0.2612374405076679
2071,186,33,219,0.11234817813765183
2077,48,73,121,0.19964061096136568
2085,62,3,65,0.16923076923076924
2127,31,10,41,0.12944523470839261
2138,545,98,643,0.09383276813782519
2139,27,18,45,0.31016042780748665
2140,52,12,64,0.13265993265993267
2144,57,35,92,0.23363095238095238
2153,420,52,472,0.12844036697247707
2156,167,4,171,0.0896777872825777
2157,154,166,320,0.17129422301836095
2158,7,5,12,0.35555555555555557
2160,212,87,299,0.19452900041135335
2161,402,7,409,0.1202424601557967
2164,297,12,309,0.13099219620958752
2165,60,48,108,0.3082063619353114
2166,253,151,404,0.17868745938921377
2168,26,24,50,0.32388663967611336
2172,26,102,128,0.2122596611460118
2177,163,26,189,0.19073847409220726
2179,508,35,543,0.09857506361323155
2182,91,33,124,0.3223797250859107
2185,184,31,215,0.15086342229199373
2186,6,20,26,0.1645021645021645
2187,78,43,121,0.2620274914089347
2193,72,22,94,0.11044303797468355
2194,185,39,224,0.17428826040054407
2198,6,16,22,0.19117647058823528
2199,110,21,131,0.059684195277415614
2218,39,40,79,0.2422077922077922
2228,8,63,71,0.1691468253968254
2232,9,4,13,0.2878787878787879
2233,15,5,20,0.24761904761904763
2239,15,31,46,0.20161290322580644
2241,16,11,27,0.38333333333333336
2243,40,142,182,0.17613531899246185
2244,254,2,256,0.04375836419657029
2249,66,81,147,0.25446224256292904
2255,38,35,73,0.22928009679370842
2256,24,37,61,0.3515263644773358
2266,157,77,234,0.1755303690787562
2271,42,60,102,0.4057971014492754
2272,4,25,29,0.15
2274,55,106,161,0.20129678750368404
2277,78,21,99,0.283197139938713
2278,127,88,215,0.18595199754620045
2285,26,8,34,0.15343915343915343
2286,56,4,60,0.21566335476329632
2288,169,27,196,0.1684758458706278
2290,16,13,29,0.24615384615384617
2299,17,30,47,0.21337126600284495
2306,10,27,37,0.2045977011494253
2314,37,32,69,0.22714078374455732
2316,5,23,28,0.2535612535612536
2342,69,36,105,0.07709750566893424
2343,11,14,25,0.4485294117647059
2347,148,8,156,0.03143487858719647
2349,11,17,28,0.10256410256410256
2350,44,19,63,0.1624780829924021
2351,15,4,19,0.37254901960784315
2353,167,9,176,0.07894736842105263
2357,44,1,45,0.15353535353535352
2360,71,0,71,0.1818913480885312
2361,76,49,125,0.2637482900136799
2368,58,1,59,0.2250146113383986
2370,44,39,83,0.3270440251572327
2372,74,57,131,0.21055651176133103
2373,46,54,100,0.22339593114241002
2376,48,53,101,0.3602693602693603
2383,44,72,116,0.29836829836829837
2397,81,1,82,0.10328214393255043
2399,52,31,83,0.34316939890710385
2402,23,52,75,0.17119155354449472
2404,40,28,68,0.3426829268292683
2406,32,39,71,0.1865671641791045
2416,68,45,113,0.18223443223443223
2417,654,148,802,0.0677433826828174
2420,112,30,142,0.09371697005284792
2426,29,121,150,0.19251612903225807
2427,40,24,64,0.1510204081632653
2428,47,3,50,0.10204081632653061
2450,260,74,334,0.1654943596549436
2456,47,3,50,0.29931972789115646
2462,32,16,48,0.10256410256410256
2469,31,58,89,0.23403263403263402
2474,35,37,72,0.18316373728029603
2487,61,25,86,0.05886075949367089
2490,38,21,59,0.19556025369978858
2515,281,36,317,0.048707798707798705
2518,32,19,51,0.1987179487179487
2538,5,26,31,0.1476923076923077
2543,50,12,62,0.13847117794486216
2553,72,140,212,0.2691263487643578
2556,28,54,82,0.21453529000698812
2567,52,22,74,0.10230179028132992
2568,64,9,73,0.0875
2572,84,60,144,0.14227035100821508
2629,10,14,24,0.3
2633,30,26,56,0.20243902439024392
2634,181,1,182,0.09680785758133824
2647,27,38,65,0.16430976430976432
2656,66,80,146,0.2243801652892562
2662,335,11,346,0.06952975880617734
2665,46,28,74,0.24107744107744108
2668,122,9,131,0.12100290697674419
2669,29,24,53,0.2964705882352941
2670,430,47,477,0.08841554920850075
2679,21,28,49,0.22537878787878787
2680,104,48,152,0.17192234317136124
2687,107,65,172,0.14701614366043897
2689,120,26,146,0.1878419452887538
2690,88,8,96,0.08007320979180965
2692,108,89,197,0.21819376026272577
2694,87,4,91,0.19096133751306166
2695,71,16,87,0.18398072869617585
2697,226,14,240,0.0932806324110672
2698,47,7,54,0.3010204081632653
2700,165,49,214,0.1928140703517588
2703,48,32,80,0.1441891441891442
2739,73,27,100,0.23417721518987342
2753,353,74,427,0.16263296035364
2760,58,127,185,0.2313199105145414
2765,346,122,468,0.13018499783205664
2780,78,25,103,0.07941777323799795
2785,77,54,131,0.18427518427518427
2786,67,114,181,0.22120045623039636
2799,38,5,43,0.09957325746799431
2939,45,8,53,0.06938020351526364
2940,20,6,26,0.14492753623188406
2941,35,2,37,0.11596638655462185
2971,3,4,7,0.4666666666666667
2974,9,8,17,0.20833333333333334
2989,47,32,79,0.1334115805946792
2992,94,63,157,0.16993202718912434
2994,94,11,105,0.1310425160163075
3003,89,45,134,0.21643564356435643
3011,106,60,166,0.14005439005439005
3024,122,52,174,0.2166984625743463
3027,8,60,68,0.1746031746031746
3040,31,31,62,0.4366998577524893
3043,16,26,42,0.21182266009852216
3047,12,30,42,0.16358463726884778
3057,42,61,103,0.2464864864864865
3065,49,56,105,0.23591549295774647
3069,18,58,76,0.21584699453551912
3094,41,33,74,0.16540035067212155
3119,6,47,53,0.16003700277520813
3139,10,10,20,0.17647058823529413
3140,8,14,22,0.3202614379084967
3158,184,1,185,0.027967097532314925
3176,31,8,39,0.07575757575757576
3185,27,57,84,0.19863597612958228
3188,223,28,251,0.05506135508596744
3190,32,31,63,0.21746880570409982
3192,9,31,40,0.38095238095238093
3193,102,43,145,0.12338935574229692
3197,133,54,187,0.158256291730868
3199,88,49,137,0.2037280701754386
3200,9,22,31,0.3507692307692308
3202,93,29,122,0.1654986522911051
3205,31,24,55,0.4846153846153846
3208,49,26,75,0.23222060957910015
3211,42,1,43,0.2513842746400886
3215,26,13,39,0.20265151515151514
3216,45,33,78,0.3297035692679976
3226,50,36,86,0.23495495495495494
3228,59,62,121,0.2750837594780462
3235,5,3,8,0.35714285714285715
3264,90,26,116,0.16228070175438597
3268,24,14,38,0.32873563218390806
3273,26,206,232,0.14992025518341306
3279,12,61,73,0.18028846153846154
3280,51,16,67,0.2675832892649392
3281,2,68,70,0.18925831202046037
3282,54,42,96,0.09181784524250278
3284,12,50,62,0.1741654571843251
3298,133,1,134,0.02457636628885647
3300,45,76,121,0.19649122807017544
3311,76,32,108,0.23976023976023977
3322,32,32,64,0.2895467160037003
3324,25,52,77,0.13825136612021857
3331,10,34,44,0.23529411764705882
3334,67,26,93,0.056314699792960665
3336,99,69,168,0.16825396825396827
3337,4,18,22,0.2549019607843137
3340,10,37,47,0.2012820512820513
3348,5,4,9,0.21428571428571427
3350,21,16,37,0.2561576354679803
3353,10,4,14,0.23636363636363636
3356,12,31,43,0.2318548387096774
3360,133,46,179,0.17454735897052223
3368,27,52,79,0.18627450980392157
3369,78,44,122,0.0978120978120978
3372,62,45,107,0.22969187675070027
3374,226,61,287,0.13765545202916066
3375,5,67,72,0.2550482879719052
3378,19,51,70,0.2786885245901639
3379,42,9,51,0.08880666049953746
3380,26,35,61,0.24326530612244898
3393,291,31,322,0.0895962480555362
3394,19,34,53,0.2329268292682927
3397,5,6,11,0.21818181818181817
3398,52,2,54,0.12772133526850507
3410,61,20,81,0.1466198419666374
3413,56,10,66,0.05868118572292801
3419,431,6,437,0.06887776922418955
3422,12,35,47,0.38264580369843526
3440,202,78,280,0.13180653427290198
3457,43,24,67,0.2740740740740741
3459,20,55,75,0.2359208523592085
3469,50,68,118,0.16547497446373852
3471,87,39,126,0.1659871869539895
3472,64,15,79,0.17819990954319312
3477,25,33,58,0.22693602693602694
3484,11,0,11,0.18181818181818182
3492,12,28,40,0.09788359788359788
3497,6,10,16,0.21794871794871795
3506,43,46,89,0.22350877192982457
3510,12,21,33,0.2172043010752688
3536,31,59,90,0.19615384615384615
3541,5,35,40,0.25177809388335703
3549,546,49,595,0.0686666280573734
3556,14,10,24,0.13071895424836602
3583,6,30,36,0.25946969696969696
3586,20,43,63,0.3271276595744681
3595,131,89,220,0.16504559270516717
3603,203,189,392,0.2120146678170837
3604,157,25,182,0.21457244565629024
3606,74,108,182,0.24606971975393027
3609,177,72,249,0.12349145362297424
3619,12,13,25,0.2
3626,95,39,134,0.39291833238149626
3641,23,22,45,0.4650793650793651
3647,88,21,109,0.18977487902377446
3714,6,16,22,0.26666666666666666
3719,34,21,55,0.1758454106280193
3726,91,7,98,0.19050958391771855
3738,6,10,16,0.2878787878787879
3740,8,12,20,0.30303030303030304
3742,7,6,13,0.41818181818181815
3746,23,7,30,0.17753623188405798
3755,63,58,121,0.2599250936329588
3771,5,4,9,0.42857142857142855
3783,38,15,53,0.16767676767676767
3784,5,31,36,0.32661290322580644
3799,8,6,14,0.21818181818181817
3802,108,2,110,0.03271028037383177
3804,22,13,35,0.15913978494623657
3808,38,64,102,0.17928858290304073
3809,6,2,8,0.38095238095238093
3810,60,86,146,0.18412698412698414
3847,229,50,279,0.09596105301117923
3870,4,16,20,0.16842105263157894
3879,14,75,89,0.16302118933697882
3886,1,7,8,0.23809523809523808
3929,5,20,25,0.22380952380952382
3950,18,4,22,0.12105263157894737
3954,2,9,11,0.4727272727272727
3962,9,22,31,0.41595441595441596
3963,41,145,186,0.16649466804265567
3968,30,21,51,0.3258258258258258
3983,30,16,46,0.2798573975044563
3990,14,14,28,0.291005291005291
3998,67,4,71,0.24920850293984623
3999,38,2,40,0.30014224751066854
4014,80,74,154,0.21815903394850764
4036,11,37,48,0.1329268292682927
4052,5,9,14,0.16363636363636364
4061,39,43,82,0.24061510628674807
4076,62,1,63,0.043010752688172046
4118,132,33,165,0.10085253038273173
4120,96,27,123,0.22113022113022113
4122,99,81,180,0.18281631230393866
4123,61,71,132,0.1619427431989745
4134,76,8,84,0.12654012654012653
4138,12,15,27,0.14761904761904762
4143,34,7,41,0.2897897897897898
4161,18,23,41,0.17424242424242425
4166,9,23,32,0.21014492753623187
4168,8,12,20,0.16666666666666666
4176,6,10,16,0.3090909090909091
4179,5,5,10,0.6
4181,9,31,40,0.1053763440860215
4182,44,72,116,0.44907723855092274
4197,8,37,45,0.26794871794871794
4200,76,9,85,0.0683526999316473
4201,283,55,338,0.1309744310319133
4207,12,26,38,0.32386363636363635
4214,387,1,388,0.07173555046792786
4219,48,30,78,0.19579193454120397
4233,15,14,29,0.24285714285714285
4252,57,10,67,0.16065573770491803
4256,68,45,113,0.19171171171171172
4257,47,47,94,0.24151967435549526
4259,551,30,581,0.04838359315103501
4269,78,55,133,0.190755873340143
4272,68,121,189,0.1806615776081425
4289,138,42,180,0.21654626762985896
4290,15,42,57,0.14646464646464646
4299,168,142,310,0.15297059262576504
4302,20,26,46,0.26666666666666666
4304,309,244,553,0.15203151135811796
4305,116,27,143,0.13296616837136113
4308,31,97,128,0.1525917297612114
4315,13,42,55,0.15136054421768708
4316,7,18,25,0.24285714285714285
4318,67,50,117,0.22621251388374677
4322,62,100,162,0.31416871416871417
4336,215,100,315,0.11996052593388094
4342,40,78,118,0.24677835051546393
4344,364,274,638,0.14335235648709005
4345,161,132,293,0.26060301507537686
4346,31,63,94,0.25203252032520324
4351,47,165,212,0.22185389809699202
4356,21,25,46,0.26126126126126126
4360,39,133,172,0.2718978102189781
4361,85,72,157,0.265564738292011
4362,35,45,80,0.2305084745762712
4364,18,21,39,0.19704433497536947
4365,337,104,441,0.13123219373219372
4368,307,93,400,0.13642127246960542
4369,21,39,60,0.32377428307123035
4375,65,34,99,0.2535857716580608
4378,187,115,302,0.20857840919373813
4384,6,8,14,0.5454545454545454
4408,22,16,38,0.0773109243697479
4420,74,37,111,0.17030729359496483
4426,40,23,63,0.3
4427,20,30,50,0.3883357041251778
4429,56,62,118,0.27086834733893556
4431,58,24,82,0.1923497267759563
4433,107,31,138,0.16379444185685452
4434,21,22,43,0.38
4439,15,22,37,0.39886039886039887
4440,43,47,90,0.1773231031543052
4444,14,2,16,0.04395604395604396
4492,17,37,54,0.13963963963963963
4493,55,58,113,0.22278481012658227
4507,10,22,32,0.22660098522167488
4512,9,19,28,0.15789473684210525
4516,5,18,23,0.2046783625730994
4526,256,19,275,0.051867761878501145
4541,17,140,157,0.1198581560283688
4542,4,4,8,0.17857142857142858
4554,11,8,19,0.4230769230769231
4580,13,12,25,0.2857142857142857
4582,3,14,17,0.24175824175824176
4585,4,9,13,0.19444444444444445
4604,66,65,131,0.27879714576962283
4628,39,38,77,0.25594405594405595
4642,45,21,66,0.2026618269812462
4646,66,49,115,0.28945835760046595
4664,48,75,123,0.3473684210526316
4666,12,23,35,0.1746031746031746
4668,46,173,219,0.2052091554853986
4678,36,10,46,0.17117117117117117
4683,38,21,59,0.17333333333333334
4685,45,132,177,0.22701149425287356
4696,14,37,51,0.1806543385490754
4701,16,14,30,0.23645320197044334
4705,21,48,69,0.18867924528301888
4710,24,54,78,0.20300751879699247
4712,58,31,89,0.12100456621004566
4713,70,47,117,0.38461538461538464
4718,83,160,243,0.17220916568742656
4733,11,16,27,0.2807017543859649
4740,64,52,116,0.30496858937749854
4741,88,23,111,0.1439925198690977
4760,8,12,20,0.3088235294117647
4761,18,7,25,0.10476190476190476
4762,4,6,10,0.16666666666666666
4764,7,18,25,0.17894736842105263
4767,1,42,43,0.13704994192799072
4776,31,111,142,0.19655172413793104
4800,14,10,24,0.1
4820,72,101,173,0.24743467682217285
4822,18,9,27,0.1476923076923077
4826,18,9,27,0.1368421052631579
4828,12,15,27,0.1895424836601307
4830,138,74,212,0.20970072239422086
4831,12,16,28,0.21212121212121213
4844,7,15,22,0.3047619047619048
4848,12,67,79,0.20226917057902974
4851,13,10,23,0.25
4856,4,17,21,0.16911764705882354
4870,16,32,48,0.24774774774774774
4875,28,16,44,0.2056451612903226
4877,20,23,43,0.24307692307692308
4881,33,18,51,0.14714714714714713
4883,23,31,54,0.23573573573573572
4904,18,10,28,0.20915032679738563
4908,12,11,23,0.2571428571428571
4910,45,4,49,0.14242424242424243
4911,5,17,22,0.3137254901960784
4915,13,2,15,0.21794871794871795
4924,23,22,45,0.2733990147783251
4929,122,81,203,0.18235846105724116
4930,43,22,65,0.3224489795918367
4931,15,64,79,0.3096153846153846
4934,47,42,89,0.23243243243243245
4973,15,9,24,0.022058823529411766
4991,182,8,190,0.16862514688601646
4994,91,55,146,0.2483005366726297
4995,39,23,62,0.15614617940199335
5005,34,16,50,0.12427409988385599
5006,299,58,357,0.10554605887939221
5011,190,19,209,0.09344973906257621
5013,31,27,58,0.15761689291101055
5014,6,15,21,0.33088235294117646
5016,28,25,53,0.3545893719806763
5022,51,10,61,0.11978221415607986
5029,5,7,12,0.3611111111111111
5032,32,22,54,0.375
5039,4,7,11,0.5555555555555556
5061,97,39,136,0.20891276864728192
5062,108,43,151,0.28358955130608676
5064,40,30,70,0.17946345975948197
5066,91,45,136,0.23648648648648649
5070,37,62,99,0.26882716049382716
5072,13,94,107,0.16864501679731242
5078,15,25,40,0.3233333333333333
5079,154,161,315,0.16541143654114365
5080,9,48,57,0.2636734693877551
5082,63,213,276,0.16874135546334718
5092,42,77,119,0.2856303261827799
5095,67,35,102,0.27069133398247325
5103,87,5,92,0.14096016343207354
5115,90,123,213,0.23615874571288584
5116,41,181,222,0.1787131274797309
5125,69,69,138,0.24430852871219844
5137,82,95,177,0.2513886910696482
5161,23,60,83,0.33713784021071114
5163,24,22,46,0.2857142857142857
5169,4,0,4,0.0
5175,6,20,26,0.44155844155844154
5183,38,1,39,0.2546230440967283
5186,89,98,187,0.19207108680792892
5188,142,38,180,0.15367249858905105
5191,61,25,86,0.21553994732221246
5193,169,40,209,0.17445353776028177
5194,108,142,250,0.1780207871533422
5195,62,62,124,0.2499009900990099
5197,62,22,84,0.2722749886928991
5198,148,118,266,0.14686756542426646
5199,93,72,165,0.12762297901616787
5200,95,27,122,0.2714904143475572
5202,41,28,69,0.4573643410852713
5205,65,13,78,0.3132867132867133
5206,73,20,93,0.2569620253164557
5207,33,24,57,0.30857142857142855
5208,45,35,80,0.3379164463246959
5219,20,8,28,0.22529644268774704
5226,359,209,568,0.12367476329435476
5229,88,105,193,0.2682453416149068
5245,128,10,138,0.09176340519624102
5246,8,27,35,0.2481060606060606
5247,51,70,121,0.2284408909194746
5252,59,79,138,0.314987714987715
5253,49,28,77,0.08499743983614952
5268,1,17,18,0.41911764705882354
5281,58,125,183,0.26782151278795574
5282,24,39,63,0.19183673469387755
5289,90,69,159,0.43142639206712435
5294,27,50,77,0.4542372881355932
5304,60,92,152,0.17857142857142858
5306,13,47,60,0.26484975541579314
5310,12,9,21,0.1619047619047619
5313,20,12,32,0.3246753246753247
5325,35,47,82,0.31795946890286514
5331,3,18,21,0.3006535947712418
5333,40,25,65,0.16241496598639457
5366,13,34,47,0.23423423423423423
5375,77,54,131,0.2087912087912088
5380,104,111,215,0.19349593495934958
5388,57,50,107,0.354261796042618
5406,92,91,183,0.10907148407148406
5411,49,62,111,0.19414141414141414
5414,31,103,134,0.16691560866318148
5427,88,99,187,0.20362158167036215
5429,60,107,167,0.20448849396217816
5430,7,53,60,0.2557651991614256
5433,49,41,90,0.3797814207650273
5439,256,96,352,0.12797881729920565
5449,78,27,105,0.22346528973034996
5458,9,18,27,0.36257309941520466
5464,18,4,22,0.16666666666666666
5478,146,76,222,0.14904849600982198
5500,82,57,139,0.18429189857761286
5508,73,6,79,0.2117734172528693
5514,55,1,56,0.2713804713804714
5515,43,10,53,0.2721631205673759
5516,134,5,139,0.14368191721132897
5521,87,1,88,0.258098223615465
5529,4,36,40,0.3603174603174603
5533,3,106,109,0.13348615764415447
5551,1,3,4,0.3333333333333333
5555,18,118,136,0.12038244241634072
5584,17,58,75,0.12090395480225989
5586,22,66,88,0.1772300469483568
5587,54,34,88,0.1466325660699062
5604,12,47,59,0.13959183673469389
5618,7,11,18,0.4083333333333333
5638,8,13,21,0.2571428571428571
5643,9,24,33,0.2830687830687831
5650,7,160,167,0.12733802184647613
5676,12,33,45,0.21906116642958748
5677,26,25,51,0.20376522702104097
5686,17,8,25,0.04743083003952569
5704,84,120,204,0.20855614973262032
5716,436,48,484,0.10381417846525923
5721,6,28,34,0.21957671957671956
5730,15,11,26,0.14130434782608695
5741,89,19,108,0.08812529219261338
5744,118,145,263,0.2216105354058722
5752,177,26,203,0.20178632381385822
5757,17,25,42,0.31746031746031744
5762,157,79,236,0.20647905759162305
5788,27,20,47,0.1891891891891892
5802,43,34,77,0.2213352685050798
5803,21,18,39,0.20075757575757575
5813,50,98,148,0.17181409295352323
5816,76,74,150,0.21776232616940583
5819,16,124,140,0.17948387096774193
5824,13,104,117,0.1435609921848454
5833,15,22,37,0.4384057971014493
5877,33,152,185,0.1955334987593052
5904,38,40,78,0.19172932330827067
5907,79,92,171,0.18688024408848208
5915,6,26,32,0.23692307692307693
5921,17,40,57,0.27342995169082124
5923,10,34,44,0.1925133689839572
5930,19,27,46,0.2798573975044563
5934,9,14,23,0.27205882352941174
5949,12,15,27,0.1736842105263158
5963,67,85,152,0.2734990157480315
5970,30,73,103,0.19824561403508772
5979,48,28,76,0.10288461538461538
5980,58,145,203,0.14018745328043242
6019,66,50,116,0.07878787878787878
6039,51,102,153,0.2988795518207283
6069,18,25,43,0.1889483065953654
6071,7,61,68,0.21470121628767846
6078,171,75,246,0.17107531648687258
6080,183,103,286,0.21697360926523637
6081,236,125,361,0.1898576512455516
6095,24,76,100,0.15750808110490744
6103,13,34,47,0.26180836707152494
6104,21,35,56,0.07682926829268293
6105,12,11,23,0.30833333333333335
6113,5,19,24,0.22510822510822512
6114,33,97,130,0.13313131313131313
6139,45,30,75,0.14084507042253522
6148,151,13,164,0.14838709677419354
6150,20,29,49,0.12684989429175475
6166,120,9,129,0.06635195384211906
6168,28,5,33,0.03870967741935484
6175,35,50,85,0.17271407837445574
6189,6,35,41,0.23273273273273273
6202,13,62,75,0.2119815668202765
6212,41,142,183,0.16635761589403975
6218,34,148,182,0.15428276573787408
6224,14,127,141,0.23934108527131784
6232,5,39,44,0.26450742240215924
6236,91,54,145,0.14659051574939425
6239,50,42,92,0.356078431372549
6240,14,100,114,0.18922520464496478
6241,189,116,305,0.1858313507798044
6257,14,30,44,0.18634423897581792
6260,8,11,19,0.46153846153846156
6267,43,72,115,0.18661971830985916
6308,11,104,115,0.30325271059216014
6317,68,45,113,0.2552246603970742
6321,9,35,44,0.17777777777777778
6335,36,8,44,0.16025641025641027
6339,56,30,86,0.16637401229148377
6341,57,67,124,0.25850819961206134
6358,74,51,125,0.1593008739076155
6364,63,56,119,0.2658454647256439
6369,50,21,71,0.33376623376623377
6370,43,42,85,0.09361393323657474
6381,21,14,35,0.19458128078817735
6409,19,40,59,0.2663280116110305
6414,7,17,24,0.11688311688311688
6418,36,104,140,0.22192114889581357
6560,94,142,236,0.28093211168025395
6584,92,65,157,0.13754578754578756
6586,25,5,30,0.12535612535612536
6598,143,46,189,0.21139505655634688
6613,4,24,28,0.24216524216524216
6618,7,8,15,0.2
6643,89,52,141,0.2709209911173446
6644,94,4,98,0.19298245614035087
6645,38,36,74,0.33962264150943394
6647,18,22,40,0.45265151515151514
6648,64,42,106,0.3901330736773775
6650,30,59,89,0.2140921409214092
6652,61,16,77,0.30977982590885816
6653,74,85,159,0.24592454587796925
6656,31,68,99,0.22519754170324846
6657,41,29,70,0.38921205711263884
6658,51,36,87,0.3628415300546448
6659,41,10,51,0.36231884057971014
6661,76,18,94,0.24817136886102403
6663,41,1,42,0.25551684088269455
6665,53,33,86,0.3428462709284627
6666,32,25,57,0.32946298984034833
6673,49,77,126,0.32060050041701416
6676,17,39,56,0.21592442645074225
6680,19,28,47,0.25946969696969696
6682,15,24,39,0.43493761140819964
6686,19,25,44,0.44144144144144143
6697,80,22,102,0.28421052631578947
6703,146,100,246,0.1797657802392931
6707,5,85,90,0.21552604698672115
6719,28,76,104,0.1905225576111652
6720,108,40,148,0.14591377091377092
6724,23,91,114,0.13186813186813187
6749,211,76,287,0.1697310962997012
6757,13,45,58,0.19797979797979798
6766,10,18,28,0.29473684210526313
6793,24,0,24,0.07246376811594203
6820,3,30,33,0.19310344827586207
6840,26,14,40,0.09982174688057041
6851,2,0,2,0.0
6855,39,22,61,0.08333333333333333
6873,59,6,65,0.11396843950905904
6886,37,76,113,0.29780564263322884
6912,9,131,140,0.21113543947450736
6919,12,32,44,0.12685560053981107
6930,18,12,30,0.15692307692307692
6942,6,1,7,0.0
6948,55,24,79,0.11654135338345864
6971,17,0,17,0.051470588235294115
7001,20,62,82,0.15864621893178213
7006,57,64,121,0.27854274239816407
7014,3,29,32,0.13054187192118227
7017,32,29,61,0.1110204081632653
7033,26,105,131,0.16634491634491635
7053,20,90,110,0.23196368848542762
7057,50,117,167,0.1409961685823755
7060,35,27,62,0.15622895622895622
7117,47,43,90,0.17807816632383192
7183,3,13,16,0.10256410256410256
7196,101,50,151,0.26432727913948156
7212,8,31,39,0.28520499108734404
7214,14,65,79,0.2857657657657658
7223,8,2,10,0.24444444444444444
7254,10,10,20,0.11029411764705882
7269,9,13,22,0.28654970760233917
7274,176,26,202,0.10636442894507411
7277,13,25,38,0.28307692307692306
7279,143,161,304,0.21891838741396263
7280,16,11,27,0.2077922077922078
7283,21,21,42,0.20476190476190476
7289,57,95,152,0.21349557522123894
7292,69,61,130,0.23272727272727273
7295,52,29,81,0.3050921861281826
7296,38,128,166,0.1934224049331963
7315,37,74,111,0.2770533058796614
7319,6,57,63,0.22262552934059285
7334,71,5,76,0.2421752738654147
7353,23,10,33,0.06837606837606838
7369,6,4,10,0.19047619047619047
7370,33,44,77,0.28873611845584346
7371,9,7,16,0.23076923076923078
7377,22,115,137,0.21883289124668434
7393,1,92,93,0.1509794553272814
7399,53,24,77,0.03670634920634921
7402,24,24,48,0.12195121951219512
7403,8,17,25,0.17647058823529413
7404,65,100,165,0.28643371017471736
7406,85,81,166,0.33415233415233414
7411,139,31,170,0.23912198912198912
7416,26,11,37,0.18181818181818182
7419,22,0,22,0.12121212121212122
7420,48,76,124,0.33564356435643566
7423,77,5,82,0.07215189873417721
7436,24,33,57,0.20609579100145137
7437,79,20,99,0.08461898083216457
7445,15,77,92,0.22277722277722278
7446,9,1,10,0.2
7452,40,41,81,0.26666666666666666
7457,5,90,95,0.13406593406593406
7468,55,45,100,0.30562659846547313
7477,53,19,72,0.5338345864661654
7481,20,69,89,0.4215320910973085
7483,6,15,21,0.23529411764705882
7492,7,20,27,0.36363636363636365
7501,135,127,262,0.29918032786885246
7533,135,8,143,0.04893617021276596
7551,84,34,118,0.11214182642754071
7560,106,26,132,0.11454272863568216
7578,4,15,19,0.20833333333333334
7637,44,5,49,0.12050739957716702
7639,86,91,177,0.235595390524968
7644,44,3,47,0.1717171717171717
7654,17,24,41,0.18620689655172415
7672,52,0,52,0.13046757164404224
7682,57,18,75,0.17879499217527386
7687,43,36,79,0.2025383395029085
7691,17,1,18,0.125
7694,78,21,99,0.13286713286713286
7698,63,1,64,0.03422619047619048
7707,14,32,46,0.15615615615615616
7713,19,22,41,0.14942528735632185
7717,59,33,92,0.18179271708683473
7719,15,16,31,0.46842105263157896
7727,12,53,65,0.18922305764411027
7730,15,14,29,0.16666666666666666
7734,11,39,50,0.2968960863697706
7743,31,61,92,0.2746478873239437
7744,11,35,46,0.2880371660859466
7756,40,0,40,0.08076923076923077
7774,16,7,23,0.16842105263157894
7782,230,38,268,0.15122114419538307
7783,177,4,181,0.12557781201849
7785,126,63,189,0.2923836600329193
7789,5,19,24,0.2943722943722944
7821,88,113,201,0.2379313940152226
7825,78,50,128,0.14629629629629629
7830,19,86,105,0.21577847439916406
7861,3,11,14,0.2
7863,7,22,29,0.11594202898550725
7898,118,39,157,0.10912343470483005
7901,19,13,32,0.07076923076923076
7905,29,39,68,0.14183307731694828
7911,53,27,80,0.19754170324846357
7921,75,37,112,0.21976639712488769
7926,18,30,48,0.23873873873873874
7927,25,36,61,0.363265306122449
7932,195,13,208,0.0877101586549846
7937,308,41,349,0.12066611541641828
7942,238,123,361,0.1914366335418967
7949,77,82,159,0.28884974935645574
7951,29,20,49,0.20930232558139536
7959,10,6,16,0.23076923076923078
7960,158,69,227,0.1255050243447633
7961,43,6,49,0.09485815602836879
7962,178,103,281,0.2161709095161982
7968,5,11,16,0.08974358974358974
7976,7,34,41,0.22948717948717948
8005,269,79,348,0.1586994119681771
8006,63,15,78,0.23827791986359761
8007,27,37,64,0.3228803716608595
8021,48,1,49,0.05782312925170068
8054,18,18,36,0.35384615384615387
8122,155,45,200,0.19294045426642112
8123,19,39,58,0.3476621417797888
8126,92,142,234,0.21000546414911056
8131,21,42,63,0.19946808510638298
8134,29,24,53,0.2726045883940621
8136,17,20,37,0.18716577540106952
8144,33,19,52,0.18170731707317073
8152,14,23,37,0.24216524216524216
8154,15,29,44,0.3913978494623656
8157,13,22,35,0.14461538461538462
8163,80,39,119,0.13333333333333333
8170,14,55,69,0.1605769230769231
8178,6,36,42,0.17780938833570412
8182,8,22,30,0.25
8189,84,71,155,0.21431427429028388
8197,3,12,15,0.21212121212121213
8208,38,25,63,0.2585034013605442
8209,100,19,119,0.209140332993544
8212,14,16,30,0.4368421052631579
8218,10,9,19,0.26666666666666666
8220,1,8,9,0.2857142857142857
8223,22,1,23,0.030303030303030304
8254,27,87,114,0.23582474226804123
8266,9,4,13,0.4666666666666667
8268,40,18,58,0.09415584415584416
8293,12,0,12,0.045454545454545456
8294,185,37,222,0.0888385146804836
8296,137,52,189,0.21583850931677018
8303,108,60,168,0.18119205298013244
8306,65,64,129,0.20213577421815407
8308,19,94,113,0.22105263157894736
8315,12,53,65,0.22597402597402597
8329,27,16,43,0.2955665024630542
8334,20,60,80,0.2528846153846154
8338,14,18,32,0.2689655172413793
8343,5,26,31,0.17989417989417988
8353,10,43,53,0.18921775898520085
8355,13,23,36,0.15763546798029557
8359,6,9,15,0.28205128205128205
8379,51,172,223,0.22130584192439862
8381,244,70,314,0.18044872725161815
8383,154,64,218,0.1770440251572327
8384,28,201,229,0.2650248638408714
8385,262,89,351,0.1698415926603846
8386,6,76,82,0.24982456140350878
8394,72,63,135,0.4047128803477465
8398,183,99,282,0.18700138283161366
8399,18,25,43,0.3282051282051282
8400,5,1,6,0.5333333333333333
8404,109,45,154,0.2621595989703292
8406,21,30,51,0.20256410256410257
8412,10,57,67,0.3571011104617183
8413,48,47,95,0.3731481481481482
8417,46,21,67,0.21948051948051947
8421,57,8,65,0.18410286382232613
8428,12,11,23,0.2714285714285714
8439,4,8,12,0.13333333333333333
8446,24,23,47,0.2603129445234708
8459,10,6,16,0.06060606060606061
8467,15,1,16,0.05
8490,4,8,12,0.4
8498,28,1,29,0.029556650246305417
8499,2,33,35,0.26136363636363635
8512,28,114,142,0.247283789656671
8518,11,51,62,0.23308270676691728
8542,5,26,31,0.15692307692307692
8556,2,16,18,0.3161764705882353
8557,2,25,27,0.16
8558,2,1,3,0.3333333333333333
8570,11,35,46,0.34534534534534533
8575,26,19,45,0.2172043010752688
8581,67,41,108,0.20326864147088866
8582,79,28,107,0.04452690166975881
8588,12,24,36,0.24301075268817204
8600,19,10,29,0.14245014245014245
8612,6,37,43,0.2253711201079622
8618,35,56,91,0.2693972693972694
8619,43,35,78,0.31070889894419307
8629,15,27,42,0.4689655172413793
8682,9,78,87,0.12468354430379747
8691,3,6,9,0.23809523809523808
8732,14,9,23,0.08187134502923976
8742,20,41,61,0.16363636363636364
8755,29,4,33,0.20935960591133004
8938,19,39,58,0.2717171717171717
8942,138,23,161,0.12093848262517133
8956,4,5,9,0.07142857142857142
9065,5,30,35,0.17701149425287357
9096,22,61,83,0.17647058823529413
9097,116,41,157,0.2019047619047619
9101,95,68,163,0.1488927738927739
9102,37,23,60,0.24274099883855982
9104,114,28,142,0.23297347727575637
9106,33,21,54,0.2550607287449393
9107,54,56,110,0.279320987654321
9110,62,26,88,0.14620253164556962
9128,45,18,63,0.08013468013468013
9134,22,34,56,0.36486486486486486
9143,19,23,42,0.26436781609195403
9148,15,115,130,0.1563513115237253
9149,91,33,124,0.26626262626262626
9151,26,106,132,0.19550763701707097
9152,91,10,101,0.19208920681674732
9154,29,70,99,0.31100478468899523
9157,11,97,108,0.21026592455163884
9160,25,106,131,0.2648648648648649
9161,33,196,229,0.18422737796167676
9163,37,32,69,0.3656462585034014
9167,14,112,126,0.27149178255372947
9168,26,26,52,0.3724137931034483
9171,9,6,15,0.26666666666666666
9175,43,4,47,0.2515151515151515
9176,63,66,129,0.32603092783505155
9182,29,21,50,0.27419354838709675
9184,17,40,57,0.34690101757631825
9188,29,92,121,0.23975927004465153
9191,79,42,121,0.37237026647966337
9192,86,51,137,0.24125995154032537
9205,30,76,106,0.18209876543209877
9207,87,72,159,0.2714389534883721
9209,39,12,51,0.3239795918367347
9212,9,37,46,0.33001422475106684
9219,28,36,64,0.3520408163265306
9220,37,60,97,0.2300469483568075
9221,57,7,64,0.08766803039158387
9222,11,28,39,0.39655172413793105
9226,21,63,84,0.24
9227,51,43,94,0.3383116883116883
9229,45,55,100,0.38757062146892657
9236,6,13,19,0.2967032967032967
9237,81,50,131,0.3038245000970685
9249,6,62,68,0.2993125330512956
9251,93,64,157,0.2713178294573643
9254,61,68,129,0.20903010033444816
9282,12,42,54,0.23847517730496454
9299,17,55,72,0.1736111111111111
9345,1,8,9,0.32142857142857145
9356,39,6,45,0.17435897435897435
9358,12,6,18,0.2857142857142857
9365,4,11,15,0.22727272727272727
9399,38,12,50,0.30853658536585366
9438,13,87,100,0.1566152407667134
9442,18,39,57,0.2563265306122449
9447,25,75,100,0.13664596273291926
9451,35,135,170,0.17559912854030502
9466,20,13,33,0.18181818181818182
9480,26,41,67,0.18604651162790697
9481,73,19,92,0.2447840141052013
9483,8,22,30,0.28923076923076924
9490,22,28,50,0.18937198067632852
9506,12,17,29,0.2490118577075099
9508,74,112,186,0.20657276995305165
9520,22,5,27,0.19367588932806323
9531,1,19,20,0.23391812865497075
9532,33,14,47,0.10077519379844961
9563,25,91,116,0.15306930693069307
9570,14,144,158,0.21600969154785202
9574,92,34,126,0.07924090974938433
9600,40,89,129,0.14932614555256066
9626,20,77,97,0.2703296703296703
9634,22,56,78,0.27814207650273226
9648,12,51,63,0.2647058823529412
9649,16,71,87,0.23693605972086984
9656,48,18,66,0.19986023759608665
9672,48,27,75,0.16220238095238096
9673,10,89,99,0.166541822721598
9682,16,1,17,0.16666666666666666
9691,12,27,39,0.23655913978494625
9702,191,46,237,0.1819726370383618
9707,46,2,48,0.057971014492753624
9708,2,15,17,0.21904761904761905
9722,53,125,178,0.2199346405228758
9731,106,14,120,0.09123669123669123
9736,6,15,21,0.18333333333333332
9745,33,9,42,0.08246225319396051
9746,68,2,70,0.07370600414078675
9763,7,80,87,0.2367283950617284
9774,52,26,78,0.15784712799638173
9784,36,87,123,0.2711610486891386
9789,13,11,24,0.19298245614035087
9791,23,10,33,0.07692307692307693
9796,9,242,251,0.14760398598782437
9797,215,51,266,0.16634325861492139
9798,124,88,212,0.23458297006684103
9816,14,76,90,0.21389159363842908
9828,23,14,37,0.2439516129032258
9851,200,44,244,0.11073632250102838
9857,45,75,120,0.2955696202531646
9863,24,45,69,0.12442396313364056
9871,3,77,80,0.17019822282980177
9879,57,78,135,0.16953807740324595
9881,57,79,136,0.26264222503160556
9882,0,36,36,0.2714285714285714
9893,77,205,282,0.2527293844367015
9895,12,44,56,0.11690821256038647
9903,149,161,310,0.14593175853018373
9906,229,90,319,0.20925820527414152
9910,114,80,194,0.1918238993710692
9914,253,53,306,0.10299539170506912
9921,101,81,182,0.24902874902874902
9928,27,25,52,0.08045977011494253
9937,10,16,26,0.32748538011695905
9957,22,58,80,0.09254362771020624
9960,13,65,78,0.16736596736596737
9972,98,55,153,0.05971414728682171
9987,195,85,280,0.22491596939140385
9997,14,5,19,0.30994152046783624
10001,11,109,120,0.16036036036036036
10005,5,0,5,0.4
10008,11,12,23,0.2714285714285714
10012,19,31,50,0.32388663967611336
10025,82,116,198,0.2376158940397351
10033,44,31,75,0.26284153005464483
10035,13,89,102,0.20250255362614913
10044,30,9,39,0.13063063063063063
10053,59,83,142,0.22396059684195277
10061,9,35,44,0.2253968253968254
10064,15,43,58,0.26684397163120566
10065,50,42,92,0.27789473684210525
10110,64,36,100,0.10582895365504061
10128,280,24,304,0.17277008842752786
10133,23,17,40,0.09230769230769231
10152,86,31,117,0.16452124845706226
10159,83,45,128,0.2836528550814265
10231,22,85,107,0.20114942528735633
10239,11,138,149,0.18139773895169578
10260,107,135,242,0.25476127203472404
10298,68,73,141,0.1634795650543682
10329,3,28,31,0.1402116402116402
10403,11,28,39,0.3078817733990148
10412,9,75,84,0.19063063063063063
10427,18,24,42,0.3467741935483871
10444,47,24,71,0.3644067796610169
10445,155,45,200,0.19019242706393544
10446,111,91,202,0.3021256495040151
10459,3,33,36,0.11942959001782531
10468,20,141,161,0.2110435663627153
10469,3,24,27,0.427536231884058
10471,111,28,139,0.18926974664679583
10508,4,8,12,0.2857142857142857
10537,1,13,14,0.19230769230769232
10538,10,73,83,0.1537290715372907
10552,18,40,58,0.17483811285846437
10593,64,4,68,0.13125
10602,37,140,177,0.13591954022988506
10605,3,1,4,0.5
10606,36,18,54,0.1839323467230444
10632,16,28,44,0.22522522522522523
10635,2,4,6,0.3
10640,4,71,75,0.4024435394298408
10647,40,1,41,0.06025641025641026
10685,109,138,247,0.1334987593052109
10686,8,85,93,0.23824451410658307
10695,61,46,107,0.26640026640026643
10700,16,18,34,0.13846153846153847
10701,59,76,135,0.2636588616028936
10707,162,287,449,0.1714730521165394
10709,11,61,72,0.16641065028161803
10711,55,41,96,0.16557377049180327
10714,67,51,118,0.20253164556962025
10715,90,81,171,0.22419260129183793
10726,165,48,213,0.1735566642908054
10729,4,15,19,0.18333333333333332
10737,6,40,46,0.3269230769230769
10741,10,38,48,0.1767881241565452
10750,17,119,136,0.18886329765614415
10783,22,81,103,0.18401997503121098
10848,64,61,125,0.3319641523525019
10849,7,1,8,0.0
10862,29,21,50,0.14390243902439023
10892,81,48,129,0.2793370756482224
10895,175,53,228,0.18857944732297063
10898,7,34,41,0.2852852852852853
10902,60,43,103,0.14732142857142858
10907,115,34,149,0.24323326771653545
10911,38,59,97,0.29049897470950103
10913,57,35,92,0.21445221445221446
10923,126,100,226,0.2106508875739645
10927,83,52,135,0.2878848460615754
10928,39,23,62,0.3010204081632653
10939,52,67,119,0.24180581323438466
10940,12,36,48,0.20897435897435898
10942,6,1,7,0.0
10964,15,23,38,0.2761904761904762
10988,5,6,11,0.2857142857142857
11020,5,12,17,0.25757575757575757
11036,214,134,348,0.2091193588956158
11044,213,29,242,0.15575191307656533
11057,14,38,52,0.393154486586494
11108,13,42,55,0.25757575757575757
11111,5,7,12,0.19444444444444445
11112,44,141,185,0.31917631917631917
11125,43,94,137,0.27873227689741453
11135,36,94,130,0.18142014087188274
11146,4,13,17,0.23809523809523808
11147,9,102,111,0.16299477221807318
11170,229,92,321,0.13409920930397476
11176,180,28,208,0.28660273176402207
11178,19,116,135,0.21117005599764221
11180,112,39,151,0.2923666371942234
11185,59,223,282,0.23568151546544325
11197,88,58,146,0.2326007326007326
11199,12,23,35,0.31076923076923074
11213,36,54,90,0.23573309920983318
11221,14,12,26,0.22924901185770752
11227,30,1,31,0.09247311827956989
11234,98,92,190,0.3868456375838926
11239,29,14,43,0.051209103840682786
11249,106,65,171,0.2736525560953042
11265,20,62,82,0.19254658385093168
11267,66,97,163,0.2918801428349635
11276,28,26,54,0.11201079622132254
11285,30,49,79,0.4025974025974026
11286,36,11,47,0.07373737373737374
11310,7,78,85,0.18889970788704966
11321,2,74,76,0.3113661606812292
11326,80,92,172,0.22357159380060143
11329,65,81,146,0.19769263637658452
11332,44,46,90,0.303859649122807
11334,23,62,85,0.22703962703962705
11338,37,105,142,0.1692066657171343
11339,90,18,108,0.13636363636363635
11344,20,39,59,0.233843537414966
11363,50,70,120,0.19076154806491885
11364,46,1,47,0.22028985507246376
11369,75,11,86,0.21711621711621712
11376,52,24,76,0.1628222523744912
11382,57,93,150,0.31005056890012644
11397,14,57,71,0.27469316189362947
11407,47,16,63,0.278886872353297
11408,9,18,27,0.5052631578947369
11421,11,89,100,0.2397003745318352
11429,20,54,74,0.29448621553884713
11430,20,12,32,0.27076923076923076
11432,49,21,70,0.3085914669783752
11443,97,18,115,0.13757575757575757
11444,91,0,91,0.0778998778998779
11460,3,6,9,0.19047619047619047
11463,22,39,61,0.3769230769230769
11464,7,91,98,0.10981468771448182
11469,26,6,32,0.3415384615384615
11472,17,40,57,0.23205128205128206
11482,10,29,39,0.16344086021505377
11501,13,31,44,0.29233511586452765
11508,4,12,16,0.18181818181818182
11529,10,21,31,0.1623931623931624
11542,39,104,143,0.17447873227689742
11544,47,92,139,0.20266889074228525
11550,16,25,41,0.19076923076923077
11556,15,49,64,0.1414141414141414
11559,38,87,125,0.28949494949494947
11562,2,15,17,0.2426470588235294
11571,28,18,46,0.11149825783972125
11576,14,19,33,0.15608465608465608
11580,14,27,41,0.25132275132275134
11596,5,54,59,0.22851153039832284
11621,4,21,25,0.19047619047619047
11623,15,86,101,0.12539184952978055
11632,3,7,10,0.14285714285714285
11657,28,81,109,0.2372346528973035
11666,100,71,171,0.2841873938667466
11668,86,58,144,0.2581786030061892
11670,19,25,44,0.23931623931623933
11671,18,63,81,0.1466325660699062
11677,133,83,216,0.20319553338085056
11683,15,8,23,0.23684210526315788
11688,6,49,55,0.20816326530612245
11691,26,56,82,0.3008607198748044
11692,24,80,104,0.307843137254902
11697,16,71,87,0.2699530516431925
11699,17,18,35,0.19333333333333333
11700,53,58,111,0.3380281690140845
11711,135,89,224,0.2168749296408871
11714,76,114,190,0.2480536912751678
11744,35,49,84,0.34961555857078247
11752,11,66,77,0.18181818181818182
11762,16,22,38,0.11688311688311688
11789,1,3,4,0.0
11792,115,22,137,0.1279334700387332
11804,10,14,24,0.16993464052287582
11830,37,50,87,0.30465320456540823
11850,75,109,184,0.23400447427293064
11854,39,28,67,0.11756168359941944
11871,123,71,194,0.23336195792185488
11872,71,45,116,0.14244485673057103
11876,45,39,84,0.29265536723163843
11880,44,39,83,0.3672546359113523
11881,47,16,63,0.3030852994555354
11882,69,99,168,0.292393949010896
11907,19,6,25,0.1761904761904762
11921,68,37,105,0.27168262653898767
11929,4,3,7,0.2
11931,13,13,26,0.3007246376811594
11939,60,46,106,0.3519298245614035
11945,72,113,185,0.17001952296069944
11954,62,13,75,0.08502939846223428
11955,23,62,85,0.24168797953964194
11961,45,13,58,0.08408163265306122
11979,17,12,29,0.2246376811594203
11990,10,24,34,0.1632183908045977
12003,94,59,153,0.28421447319085114
12005,175,40,215,0.1951758793969849
12022,58,89,147,0.2830578512396694
12059,11,27,38,0.3839080459770115
12101,5,5,10,0.06666666666666667
12126,2,9,11,0.2
12130,11,139,150,0.19067882472137793
12158,33,67,100,0.29415221863062
12175,61,57,118,0.4323289070480082
12187,9,36,45,0.2496626180836707
12236,1,1,2,0.0
12266,41,2,43,0.08859357696567
12272,84,16,100,0.05554035567715458
12286,9,7,16,0.06593406593406594
12315,7,28,35,0.23885918003565063
12389,25,1,26,0.1076923076923077
12390,12,1,13,0.21794871794871795
12416,9,7,16,0.4835164835164835
12465,11,9,20,0.24242424242424243
12497,6,12,18,0.3956043956043956
12532,8,22,30,0.22333333333333333
12553,59,14,73,0.21915002560163852
12557,10,15,25,0.2222222222222222
12569,14,23,37,0.2762096774193548
12571,29,47,76,0.26195286195286194
12573,34,22,56,0.27564102564102566
12625,6,15,21,0.5672514619883041
12637,3,37,40,0.13663663663663664
12644,19,20,39,0.358695652173913
12648,43,60,103,0.23693570451436388
12657,30,61,91,0.23028846153846153
12662,55,70,125,0.22260352322123084
12665,64,24,88,0.2408675799086758
12669,19,18,37,0.23015873015873015
12684,49,13,62,0.14370748299319727
12687,44,28,72,0.3283996299722479
12706,7,27,34,0.15873015873015872
12716,9,12,21,0.2857142857142857
12734,18,25,43,0.19153225806451613
12735,32,58,90,0.2663952962460425
12736,10,46,56,0.14396135265700483
12746,53,50,103,0.2873684210526316
12748,156,59,215,0.17990224084301404
12751,127,99,226,0.26387849768068233
12755,314,3,317,0.11760186027701951
12767,125,33,158,0.2568408690546095
12780,25,4,29,0.1908831908831909
12793,13,21,34,0.09090909090909091
12801,65,6,71,0.19906759906759908
12814,53,132,185,0.17518248175182483
12818,41,69,110,0.21478521478521478
12827,32,56,88,0.15296803652968036
12830,10,27,37,0.17989417989417988
12832,73,66,139,0.23632538569424966
12844,49,107,156,0.16457528957528958
12856,25,16,41,0.37192118226600984
12857,20,30,50,0.3483483483483483
12860,13,34,47,0.1921921921921922
12875,49,94,143,0.1857349000206143
12882,50,49,99,0.366120218579235
12894,39,96,135,0.27942497753818507
12909,11,11,22,0.20952380952380953
12915,26,82,108,0.2507936507936508
12920,56,24,80,0.2613430127041742
12922,52,61,113,0.28851540616246496
12928,41,54,95,0.21389159363842908
12929,34,122,156,0.2567667322834646
12937,60,41,101,0.23328658251519402
12938,46,40,86,0.2875689711132749
12954,14,53,67,0.17592051431911163
12955,63,66,129,0.21482498284145504
12961,21,94,115,0.186371578334304
12965,37,17,54,0.3698781838316722
12970,5,0,5,0.0
13004,27,69,96,0.1800632911392405
13006,21,35,56,0.17717717717717718
13051,71,154,225,0.218793055938275
13061,2,3,5,0.16666666666666666
13062,17,73,90,0.25263157894736843
13074,49,62,111,0.2806736166800321
13082,66,1,67,0.15151515151515152
13091,32,64,96,0.34421052631578947
13102,78,212,290,0.22916001843775485
13118,9,2,11,0.23636363636363636
13128,147,60,207,0.2426589803638984
13134,254,114,368,0.15277301315037164
13151,17,125,142,0.15371269951422623
13154,10,1,11,0.14545454545454545
13164,23,15,38,0.42338709677419356
13186,17,24,41,0.23870967741935484
13205,9,17,26,0.14736842105263157
13211,3,55,58,0.1441077441077441
13223,50,61,111,0.20663861617578308
13224,11,15,26,0.1225296442687747
13229,23,17,40,0.4123076923076923
13234,16,33,49,0.1982281284606866
13240,78,64,142,0.4111450900441726
13244,6,67,73,0.2212467076382792
13248,155,70,225,0.21999136442141623
13256,85,3,88,0.1726811013098102
13272,11,19,30,0.16374269005847952
13301,47,14,61,0.17634252539912917
13311,6,44,50,0.18585858585858586
13320,14,67,81,0.29543459174714665
13352,12,63,75,0.16783216783216784
13367,67,27,94,0.2801038623823434
13377,5,39,44,0.21025641025641026
13383,119,105,224,0.1922283901665345
13384,14,31,45,0.18234610917537747
13385,20,96,116,0.27586876334692295
13390,75,42,117,0.2574055158324821
13394,4,16,20,0.18382352941176472
13396,45,78,123,0.32903040734366035
13403,5,15,20,0.2857142857142857
13425,109,188,297,0.3010027662517289
13441,5,22,27,0.18181818181818182
13446,31,27,58,0.11649659863945579
13461,5,39,44,0.1794871794871795
13486,265,181,446,0.2114222656391331
13494,26,37,63,0.296995108315863
13498,63,41,104,0.16700715015321757
13523,30,23,53,0.23697478991596638
13530,27,32,59,0.21881606765327696
13543,160,66,226,0.325350251123447
13551,31,91,122,0.4140491147915477
13553,121,82,203,0.3516629711751663
13556,119,92,211,0.2912442396313364
13560,14,23,37,0.20229885057471264
13562,22,90,112,0.1727293525509037
13570,36,67,103,0.28775128564749886
13572,5,8,13,0.3111111111111111
13586,14,27,41,0.24466571834992887
13603,43,31,74,0.2304147465437788
13609,61,121,182,0.2033434650455927
13611,66,59,125,0.4113384484228474
13614,5,42,47,0.24141749723145073
13618,69,52,121,0.40429470566456865
13620,40,55,95,0.34509271822704657
13627,23,14,37,0.2560483870967742
13633,124,100,224,0.19799691833590138
13638,57,20,77,0.2568973315241972
13640,34,6,40,0.2550607287449393
13641,56,13,69,0.15141242937853108
13644,73,67,140,0.1642915642915643
13659,29,27,56,0.09393939393939393
13662,75,39,114,0.25406162464985993
13668,18,25,43,0.1761904761904762
13670,12,3,15,0.14285714285714285
13699,17,28,45,0.18618618618618618
13706,8,15,23,0.2982456140350877
13707,11,0,11,0.14545454545454545
13763,48,14,62,0.29027576197387517
13777,22,74,96,0.2907092907092907
13781,3,11,14,0.4358974358974359
13786,108,151,259,0.21802773497688752
13809,28,14,42,0.373109243697479
13811,37,36,73,0.34015195791934544
13812,28,0,28,0.2777777777777778
13813,52,13,65,0.28009679370840895
13820,64,105,169,0.2699724517906336
13821,29,2,31,0.28045977011494255
13842,9,16,25,0.13333333333333333
13879,20,51,71,0.3413208649912332
13894,128,4,132,0.05629099582587955
13895,57,101,158,0.10542118432026688
13900,49,22,71,0.06838106370543542
13903,26,11,37,0.11051693404634581
13920,11,17,28,0.04285714285714286
14006,11,4,15,0.3939393939393939
14007,1,13,14,0.23076923076923078
14049,2,3,5,0.0
14066,13,9,22,0.1111111111111111
14075,59,13,72,0.14186507936507936
14124,18,146,164,0.20022062879205738
14164,15,18,33,0.1380952380952381
14165,14,18,32,0.34472934472934474
14166,117,165,282,0.23745727956254273
14178,5,11,16,0.2857142857142857
14201,93,52,145,0.30297482837528605
14213,13,19,32,0.31076923076923074
14368,2,11,13,0.24242424242424243
14370,10,28,38,0.21774193548387097
14474,25,40,65,0.16281221091581868
14475,28,60,88,0.29296668429402434
14486,9,79,88,0.1940928270042194
14543,11,11,22,0.3235294117647059
14553,4,2,6,0.7
14577,45,29,74,0.16273291925465838
14583,7,9,16,0.027777777777777776
14584,49,3,52,0.11904761904761904
14590,60,11,71,0.10445468509984639
14600,82,4,86,0.143696738172201
14604,25,32,57,0.14202898550724638
14649,9,5,14,0.4090909090909091
14668,7,12,19,0.3956043956043956
14723,77,41,118,0.29519331243469177
14729,41,8,49,0.24646464646464647
14731,88,64,152,0.22865013774104684
14733,10,14,24,0.26900584795321636
14734,9,34,43,0.23015873015873015
14739,3,63,66,0.159242191500256
14787,1,52,53,0.25188536953242835
14790,33,38,71,0.3383985973115137
14805,47,20,67,0.08065458796025717
14825,20,95,115,0.20578528441079402
14837,7,58,65,0.25529340592861466
14859,7,58,65,0.23290986085904417
14887,44,12,56,0.04070305272895467
14946,14,1,15,0.11428571428571428
14957,51,138,189,0.3027814569536424
14975,5,8,13,0.3333333333333333
14980,125,42,167,0.23072040622024753
14992,4,11,15,0.23636363636363636
15028,0,28,28,0.24867724867724866
15030,116,49,165,0.18336886993603413
15036,16,21,37,0.2608695652173913
15067,14,33,47,0.2518939393939394
15071,30,141,171,0.19971658006613133
15113,236,120,356,0.2318100465338265
15119,9,19,28,0.24
15120,10,17,27,0.21645021645021645
15131,11,13,24,0.18382352941176472
15158,17,144,161,0.22430341999813624
15171,14,11,25,0.26143790849673204
15177,54,40,94,0.19423423423423422
15182,63,61,124,0.3494124922696351
15194,3,16,19,0.10457516339869281
15196,141,79,220,0.2949160340464688
15203,96,133,229,0.28723770209838323
15210,116,114,230,0.2205188679245283
15217,48,60,108,0.40275829827021975
15240,9,19,28,0.2807017543859649
15247,59,161,220,0.2200850631625722
15260,10,70,80,0.1975438596491228
15261,87,16,103,0.23114035087719298
15291,19,25,44,0.2590011614401858
15310,13,31,44,0.28678678678678676
15313,4,25,29,0.19384615384615383
15342,3,10,13,0.35555555555555557
15349,22,119,141,0.18832467013194723
15354,14,20,34,0.2523809523809524
15359,44,51,95,0.30673076923076925
15401,5,15,20,0.1437908496732026
15404,14,4,18,0.11764705882352941
15462,8,9,17,0.19230769230769232
15498,24,16,40,0.2253968253968254
15518,25,15,40,0.3870967741935484
15520,39,52,91,0.2677966101694915
15538,33,4,37,0.1495798319327731
15556,8,11,19,0.07692307692307693
15595,6,47,53,0.3562925170068027
15606,10,14,24,0.14035087719298245
15724,72,133,205,0.2556753225543034
15726,42,45,87,0.08909995477159656
15759,32,124,156,0.28156211424082594
15769,58,25,83,0.29134615384615387
15778,1,12,13,0.2948717948717949
15780,2,21,23,0.2523809523809524
15783,27,71,98,0.20024089129780187
15801,40,111,151,0.26103225806451613
15835,35,185,220,0.2056064572425829
15846,33,51,84,0.3420523138832998
15869,10,51,61,0.18352941176470589
15893,21,16,37,0.2134387351778656
15896,23,84,107,0.14733470601692977
15908,2,9,11,0.3611111111111111
15915,8,52,60,0.20405310971348709
15921,11,13,24,0.29523809523809524
15924,25,1,26,0.27666666666666667
15926,36,40,76,0.18234610917537747
15969,31,19,50,0.3072463768115942
15971,114,46,160,0.32387787650945543
15972,8,13,21,0.4945054945054945
15975,17,36,53,0.23145071982281284
15996,3,63,66,0.30116550116550117
15998,69,36,105,0.09723609723609723
16003,161,114,275,0.29010095932302793
16006,208,71,279,0.2639285714285714
16017,61,89,150,0.22682813227759666
16022,25,15,40,0.45345345345345345
16065,20,33,53,0.25203252032520324
16069,39,27,66,0.19776380153738643
16073,4,40,44,0.3038461538461538
16077,26,6,32,0.1225071225071225
16078,4,32,36,0.44206773618538325
16080,54,49,103,0.21631701631701633
16091,55,53,108,0.30179253599764916
16106,73,114,187,0.3187529522909778
16107,184,190,374,0.23525403195275232
16108,65,107,172,0.3426031746031746
16142,30,29,59,0.41536273115220484
16150,13,8,21,0.6
16160,98,84,182,0.15655577299412915
16164,17,31,48,0.1763869132290185
16165,16,16,32,0.2573099415204678
16174,56,35,91,0.3710955710955711
16188,106,38,144,0.23909511311086115
16190,23,23,46,0.36507936507936506
16196,30,57,87,0.3352723426758329
16201,31,70,101,0.1370253164556962
16203,20,46,66,0.4332365747460087
16210,75,44,119,0.2672413793103448
16212,17,36,53,0.21829268292682927
16218,68,92,160,0.24851752021563342
16219,13,20,33,0.36363636363636365
16221,21,35,56,0.24390243902439024
16222,22,16,38,0.4126984126984127
16223,15,18,33,0.40350877192982454
16326,1,3,4,0.3333333333333333
16335,24,14,38,0.29894179894179895
16442,4,15,19,0.22794117647058823
16483,13,50,63,0.2784313725490196
16487,8,21,29,0.19666666666666666
16488,18,4,22,0.26666666666666666
16491,4,21,25,0.15217391304347827
16539,5,4,9,0.2
16596,8,29,37,0.21921182266009853
16597,1,7,8,0.14285714285714285
16598,38,95,133,0.16055341055341055
16604,61,66,127,0.21645628798503974
16618,87,3,90,0.10606060606060606
16623,16,29,45,0.20270270270270271
16627,10,104,114,0.24303586321934945
16649,28,28,56,0.22693877551020408
16681,41,84,125,0.258098223615465
16687,17,1,18,0.06535947712418301
16690,157,78,235,0.3109568779155763
16699,28,29,57,0.2534013605442177
16713,27,28,55,0.1989795918367347
16744,3,7,10,0.17857142857142858
16752,4,9,13,0.5833333333333334
16768,46,12,58,0.3363265306122449
16820,20,17,37,0.13068181818181818
16832,11,4,15,0.4358974358974359
16861,37,132,169,0.2413127413127413
16865,36,33,69,0.09993011879804332
16872,12,60,72,0.19672131147540983
16875,15,32,47,0.252361673414305
16877,7,5,12,0.14545454545454545
16883,9,58,67,0.3966155473294553
16901,7,101,108,0.20675596971461851
16924,17,49,66,0.19776380153738643
16934,24,24,48,0.22415795586527293
16950,6,16,22,0.16666666666666666
16953,20,81,101,0.2020850040096231
16954,9,15,24,0.43790849673202614
16970,18,170,188,0.15466101694915255
16973,22,74,96,0.22510822510822512
16974,17,32,49,0.32765151515151514
16976,9,56,65,0.45454545454545453
16981,77,25,102,0.33161216293746415
16986,5,44,49,0.2898989898989899
16996,32,5,37,0.03529411764705882
17012,51,51,102,0.3487611033193081
17017,52,42,94,0.41228070175438597
17021,42,37,79,0.3473998294970162
17030,34,55,89,0.1784037558685446
17037,7,46,53,0.221256038647343
17045,34,12,46,0.25675675675675674
17087,66,94,160,0.39060481503229594
17109,66,166,232,0.18995506212001056
17120,6,29,35,0.18548387096774194
17162,25,50,75,0.25084745762711863
17173,42,54,96,0.289810547875064
17175,80,110,190,0.2620689655172414
17179,13,22,35,0.13438735177865613
17182,107,84,191,0.3302908277404922
17205,5,32,37,0.2842741935483871
17218,31,18,49,0.19838056680161945
17232,5,16,21,0.20261437908496732
17240,66,110,176,0.2671437090041741
17242,3,36,39,0.09815078236130868
17260,15,43,58,0.2227450980392157
17280,23,23,46,0.15447154471544716
17294,9,30,39,0.2698412698412698
17305,4,2,6,0.06666666666666667
17312,43,62,105,0.24244854317027534
17316,8,9,17,0.17582417582417584
17333,15,46,61,0.21683673469387754
17355,10,8,18,0.1978021978021978
17365,21,137,158,0.17013739802490338
17447,4,11,15,0.2948717948717949
17462,11,20,31,0.19333333333333333
17465,36,52,88,0.3312020460358056
17489,26,23,49,0.1641025641025641
17496,31,36,67,0.2641509433962264
17508,36,87,123,0.14916405433646812
17511,12,66,78,0.1839332748024583
17515,14,51,65,0.15457184325108853
17525,12,35,47,0.2834008097165992
17526,43,36,79,0.2836065573770492
17528,46,29,75,0.30973986690865096
17560,6,93,99,0.15671471059254174
17565,6,12,18,0.15151515151515152
17571,26,100,126,0.22151793160967473
17575,46,7,53,0.18617021276595744
17603,4,0,4,0.0
17626,19,72,91,0.1887366818873668
17642,8,45,53,0.36328502415458935
17665,22,22,44,0.3058321479374111
17677,3,19,22,0.19473684210526315
17678,10,33,43,0.4264264264264264
17680,100,156,256,0.19654631083202512
17695,7,8,15,0.2878787878787879
17728,16,34,50,0.22606382978723405
17732,16,37,53,0.16951219512195123
17743,13,35,48,0.41919191919191917
17777,3,32,35,0.12121212121212122
17859,38,68,106,0.36550632911392406
17866,15,24,39,0.28615384615384615
17871,53,13,66,0.020833333333333332
17874,76,101,177,0.34444969296173833
17881,17,22,39,0.2560483870967742
17885,74,90,164,0.3278651173388015
17917,8,47,55,0.22606382978723405
17921,18,52,70,0.2903954802259887
17929,38,79,117,0.4475945017182131
17930,45,25,70,0.3403214535290007
17946,28,81,109,0.249737008205344
17951,19,49,68,0.2692307692307692
17985,10,37,47,0.2694541231126597
18038,127,68,195,0.3198581560283688
18052,162,61,223,0.2567626527050611
18065,9,33,42,0.2504201680672269
18069,33,100,133,0.15571321882001493
18076,57,144,201,0.0999015375293494
18081,5,11,16,0.16363636363636364
18093,62,31,93,0.29965899403239554
18099,11,26,37,0.1076923076923077
18105,19,139,158,0.21586255119368694
18107,107,15,122,0.16039823008849557
18108,39,80,119,0.26695526695526695
18114,12,3,15,0.25757575757575757
18116,53,103,156,0.2977475676396108
18124,121,98,219,0.28743370053039574
18125,98,124,222,0.29353577179664136
18126,103,81,184,0.37365900383141765
18130,127,131,258,0.30564550949913644
18131,6,36,42,0.23123123123123124
18132,205,52,257,0.2780337941628264
18143,76,67,143,0.3446244477172312
18145,18,66,84,0.2877237851662404
18149,14,46,60,0.2534013605442177
18150,21,103,124,0.5072689511941848
18153,66,68,134,0.3310891089108911
18157,41,16,57,0.283265306122449
18160,32,21,53,0.4777327935222672
18166,5,36,41,0.30317460317460315
18173,144,35,179,0.3072617130588145
18187,11,53,64,0.2697414395527603
18189,76,83,159,0.2711775504851823
18199,3,2,5,0.4
18215,89,44,133,0.4388432364096081
18217,106,236,342,0.25236894492368944
18227,12,175,187,0.2887662337662338
18231,23,30,53,0.2802275960170697
18237,120,46,166,0.33792967595784495
18284,61,8,69,0.15829941203075532
18288,12,35,47,0.23481781376518218
18289,15,7,22,0.25
18319,70,12,82,0.18456140350877193
18320,23,6,29,0.21428571428571427
18348,7,17,24,0.3567251461988304
18349,98,58,156,0.1968291250733999
18355,28,38,66,0.3784013605442177
18416,32,33,65,0.2776470588235294
18423,47,73,120,0.17058516196447232
18469,32,160,192,0.13764281880223908
18490,15,147,162,0.22210290827740492
18526,35,68,103,0.28298560094034675
18529,5,15,20,0.18382352941176472
18535,24,38,62,0.2331168831168831
18540,37,70,107,0.36542021473528324
18547,51,28,79,0.417910447761194
18581,4,33,37,0.22638146167557932
18585,23,47,70,0.2092343658679135
18595,15,51,66,0.2585858585858586
18606,12,7,19,0.2087912087912088
18625,53,26,79,0.36098310291858676
18630,46,47,93,0.3626331811263318
18648,1,11,12,0.19696969696969696
18654,47,39,86,0.3348088531187123
18668,17,40,57,0.2613556953179595
18694,25,26,51,0.08170731707317073
18702,30,28,58,0.4024822695035461
18714,27,19,46,0.34992887624466573
18722,24,18,42,0.26559714795008915
18725,8,7,15,0.22727272727272727
18730,10,27,37,0.15384615384615385
18737,38,87,125,0.38079896907216493
18740,3,24,27,0.18115942028985507
18748,8,45,53,0.1671497584541063
18760,5,27,32,0.26666666666666666
18770,1,0,1,0.0
18815,5,1,6,0.13333333333333333
18817,50,41,91,0.29464285714285715
18818,21,35,56,0.4130675526024363
18826,22,25,47,0.21921182266009853
18827,27,33,60,0.18173758865248227
18847,1,19,20,0.29239766081871343
18865,11,161,172,0.23975155279503105
18868,8,10,18,0.43636363636363634
18879,45,69,114,0.20146520146520147
18892,18,64,82,0.2375
18926,16,34,50,0.1757631822386679
18929,14,0,14,0.07692307692307693
18944,18,101,119,0.12633663366336634
19148,22,27,49,0.22109158186864014
19153,38,0,38,0.08534850640113797
19154,15,12,27,0.341991341991342
19174,35,12,47,0.34949494949494947
19181,3,11,14,0.18181818181818182
19190,4,7,11,0.4166666666666667
19193,36,129,165,0.22552176505664878
19210,10,100,110,0.17777777777777778
19212,7,41,48,0.16260162601626016
19214,47,58,105,0.2062421972534332
19218,48,115,163,0.24761904761904763
19232,9,61,70,0.3360655737704918
19242,12,43,55,0.31117021276595747
19245,5,98,103,0.19777777777777777
19250,57,124,181,0.35181099466813753
19255,61,59,120,0.378272521129664
19258,14,68,82,0.1585677749360614
19278,10,32,42,0.21512605042016808
19282,9,128,137,0.27458817829457366
19323,7,4,11,0.0
19339,28,39,67,0.33111849390919157
19343,101,97,198,0.2723838038209296
19345,3,18,21,0.3216374269005848
19348,86,180,266,0.28747597693786037
19367,29,21,50,0.19727891156462585
19373,18,9,27,0.16205533596837945
19396,6,16,22,0.37254901960784315
19399,4,125,129,0.19403174603174603
19411,73,22,95,0.22805507745266781
19514,6,20,26,0.14285714285714285
19527,5,17,22,0.0784313725490196
19559,4,17,21,0.23333333333333334
19571,5,7,12,0.36363636363636365
19604,76,29,105,0.2606358111266947
19624,9,32,41,0.3422459893048128
19628,4,46,50,0.2038647342995169
19658,5,14,19,0.12418300653594772
19666,2,16,18,0.16176470588235295
19669,11,16,27,0.22105263157894736
19672,8,45,53,0.09595959595959595
19690,10,65,75,0.2618724559023066
19700,25,98,123,0.17676767676767677
19701,3,24,27,0.14130434782608695
19710,5,103,108,0.2989010989010989
19724,15,4,19,0.11764705882352941
19733,3,27,30,0.22486772486772486
19778,18,49,67,0.24915254237288137
19782,7,11,18,0.41818181818181815
19791,4,7,11,0.3055555555555556
19796,6,14,20,0.17142857142857143
19837,22,101,123,0.16089024804621135
19840,19,32,51,0.3968705547652916
19844,71,17,88,0.2870175438596491
19861,69,5,74,0.21987577639751552
19863,5,14,19,0.24761904761904763
19869,28,33,61,0.19696969696969696
19872,24,40,64,0.1843137254901961
19878,22,16,38,0.23423423423423423
19880,57,64,121,0.3188514357053683
20008,45,41,86,0.5080745341614907
20021,13,49,62,0.31037414965986393
20053,35,19,54,0.32525252525252524
20055,9,101,110,0.23121723937099592
20067,23,34,57,0.40512820512820513
20068,17,91,108,0.21123321123321123
20073,12,63,75,0.2488479262672811
20076,10,16,26,0.3246753246753247
20080,47,130,177,0.19066004780290494
20081,16,43,59,0.29551020408163264
20111,58,38,96,0.29850746268656714
20115,9,28,37,0.15524193548387097
20122,36,31,67,0.24774774774774774
20128,43,55,98,0.2708516242317823
20134,36,27,63,0.45314009661835747
20139,18,1,19,0.1695906432748538
20163,23,27,50,0.32688172043010755
20170,33,91,124,0.18789263278126786
20173,10,59,69,0.24262295081967214
20199,16,10,26,0.2647058823529412
20218,18,34,52,0.45883940620782726
20220,13,22,35,0.31521739130434784
20223,53,32,85,0.34471153846153846
20230,7,2,9,0.09523809523809523
20245,24,19,43,0.396011396011396
20251,28,22,50,0.3865546218487395
20254,23,14,37,0.29734848484848486
20262,34,36,70,0.1928721174004193
20271,5,21,26,0.3241106719367589
20293,13,10,23,0.34065934065934067
20299,10,9,19,0.38461538461538464
20359,15,10,25,0.13043478260869565
20365,27,25,52,0.19797979797979798
20367,71,113,184,0.24224924012158056
20375,50,74,124,0.36409050837496326
20383,29,196,225,0.27034825870646767
20390,82,84,166,0.2847625968992248
20393,59,88,147,0.27149178255372947
20403,12,58,70,0.26240079365079366
20458,34,21,55,0.26666666666666666
20461,24,32,56,0.1702127659574468
20522,13,17,30,0.33766233766233766
20548,13,9,22,0.18095238095238095
20554,44,117,161,0.17380645161290323
20556,3,9,12,0.19444444444444445
20559,8,6,14,0.24242424242424243
20562,44,77,121,0.13658201784488674
20592,6,3,9,0.9333333333333333
20601,2,22,24,0.12121212121212122
20689,37,75,112,0.18230683090705488
20697,11,27,38,0.13763440860215054
20703,14,21,35,0.2813852813852814
20712,9,34,43,0.18018018018018017
20716,13,12,25,0.11666666666666667
20772,4,49,53,0.22108843537414966
20790,28,5,33,0.11290322580645161
20802,40,7,47,0.05094130675526024
20863,1,20,21,0.28421052631578947
20869,7,2,9,0.10714285714285714
20871,1,44,45,0.16701902748414377
20876,7,131,138,0.18979875086745315
20880,6,30,36,0.27741935483870966
20885,4,13,17,0.2967032967032967
20922,8,17,25,0.20952380952380953
20951,26,15,41,0.21957671957671956
20952,11,21,32,0.3046153846153846
20959,11,22,33,0.20652173913043478
20982,3,3,6,0.0
21006,10,21,31,0.12380952380952381
21057,25,81,106,0.24100046750818138
21121,7,19,26,0.16666666666666666
21123,1,9,10,0.2222222222222222
21174,5,8,13,0.14545454545454545
21199,4,14,18,0.34558823529411764
21250,2,6,8,0.13333333333333333
21299,12,5,17,0.47435897435897434
21309,20,47,67,0.30601092896174864
21337,14,40,54,0.2724252491694352
21345,31,26,57,0.3224101479915433
21371,16,43,59,0.25354609929078015
21386,97,147,244,0.14198675496688742
21423,18,39,57,0.43607843137254904
21426,12,25,37,0.3125
21432,47,35,82,0.4073446327683616
21448,27,59,86,0.2985507246376812
21450,2,8,10,0.2857142857142857
21469,63,4,67,0.0642243328810493
21578,19,9,28,0.13438735177865613
21585,36,104,140,0.1923013923013923
21586,41,73,114,0.4562104562104562
21588,8,93,101,0.10929451287793952
21590,5,16,21,0.2679738562091503
21686,7,10,17,0.11538461538461539
21692,46,28,74,0.17650273224043717
21717,2,6,8,0.13333333333333333
21720,5,4,9,0.7
21731,153,139,292,0.28547922665569725
21744,4,3,7,0.5
21778,1,17,18,0.3161764705882353
21833,35,10,45,0.24024024024024024
21846,29,13,42,0.0962566844919786
21856,7,41,48,0.1524390243902439
21861,5,42,47,0.15961945031712474
21929,74,19,93,0.11944444444444445
21933,21,20,41,0.1800356506238859
21949,50,9,59,0.21038961038961038
21980,9,7,16,0.38095238095238093
21983,15,19,34,0.3412698412698413
21985,9,10,19,0.25833333333333336
22199,8,94,102,0.21802791123312742
22250,6,25,31,0.24876847290640394
22252,23,74,97,0.1691965938541281
22273,17,70,87,0.3448692152917505
22339,3,24,27,0.20652173913043478
22360,5,34,39,0.20677361853832443
22365,10,19,29,0.2046783625730994
22418,5,7,12,0.25
22437,3,3,6,0.0
22455,31,151,182,0.16512134161090058
22458,25,25,50,0.28012684989429176
22498,11,10,21,0.21568627450980393
22510,52,38,90,0.42956349206349204
22518,49,62,111,0.21642644703729125
22566,15,90,105,0.1822721598002497
22573,8,20,28,0.18253968253968253
22580,12,8,20,0.225
22590,22,22,44,0.1794871794871795
22593,27,3,30,0.07692307692307693
22595,15,9,24,0.22529644268774704
22596,35,23,58,0.1453529000698812
22606,20,11,31,0.18153846153846154
22608,1,6,7,0.0
22627,3,31,34,0.2838709677419355
22634,10,8,18,0.3939393939393939
22645,5,51,56,0.11137254901960784
22668,41,32,73,0.4024390243902439
22675,19,25,44,0.18776671408250356
22678,48,11,59,0.16653061224489796
22681,30,7,37,0.14453781512605043
22700,16,37,53,0.17101449275362318
22713,3,3,6,0.5
22714,68,110,178,0.24422657952069718
22721,9,28,37,0.25882352941176473
22722,25,51,76,0.3972027972027972
22734,35,18,53,0.2057142857142857
22762,7,33,40,0.32196969696969696
22775,35,34,69,0.4479385045422781
22779,96,10,106,0.19881188118811882
22781,79,3,82,0.21940928270042195
22784,41,30,71,0.2125874125874126
22798,7,8,15,0.3626373626373626
22804,25,17,42,0.4426450742240216
22806,28,57,85,0.2639240506329114
22809,30,88,118,0.25853202431042543
22832,53,46,99,0.266358024691358
22875,9,39,48,0.13630229419703105
22902,9,56,65,0.29135338345864664
22962,14,75,89,0.27341162300511895
22969,10,74,84,0.2336842105263158
22990,102,42,144,0.1967016491754123
22997,49,111,160,0.26282820205251234
23003,70,30,100,0.28187042842215254
23014,7,13,20,0.24836601307189543
23019,13,54,67,0.3347435219460603
23020,10,4,14,0.20512820512820512
23048,0,18,18,0.1830065359477124
23049,7,45,52,0.30064754856614245
23087,1,40,41,0.2951219512195122
23096,6,1,7,0.19047619047619047
23117,6,1,7,0.06666666666666667
23118,19,91,110,0.2024310425432445
23129,7,65,72,0.2067603160667252
23130,7,24,31,0.30114942528735633
23132,26,16,42,0.1873015873015873
23197,54,18,72,0.15844155844155844
23210,4,17,21,0.17647058823529413
23236,8,58,66,0.13502824858757062
23276,4,50,54,0.23673469387755103
23283,9,12,21,0.29411764705882354
23303,7,74,81,0.21693693693693694
23314,4,37,41,0.145748987854251
23371,1,19,20,0.25263157894736843
23389,19,6,25,0.2761904761904762
23395,44,111,155,0.34267486899065847
23399,26,53,79,0.4015195791934541
23417,17,41,58,0.30917874396135264
23430,70,71,141,0.35077366902701285
23434,12,54,66,0.2957334891876096
23455,37,38,75,0.39420289855072466
23460,23,16,39,0.5688405797101449
23461,3,3,6,0.3333333333333333
23472,28,51,79,0.363382250174703
23537,7,7,14,0.5357142857142857
23538,1,15,16,0.12380952380952381
23539,5,8,13,0.17857142857142858
23576,67,1,68,0.13871817383669885
23604,1,0,1,0.0
23663,4,8,12,0.13333333333333333
23668,28,33,61,0.2956259426847662
23688,27,2,29,0.05026455026455026
23690,14,0,14,0.32967032967032966
23796,35,72,107,0.2797531589773729
23816,8,20,28,0.25296442687747034
23823,59,34,93,0.13846153846153847
23854,13,20,33,0.5652173913043478
23946,54,79,133,0.368640350877193
23951,14,59,73,0.2855631940772078
23956,176,187,363,0.2177121771217712
23960,14,194,208,0.1930866453479519
23991,1,53,54,0.3389238294898672
24012,26,31,57,0.18383167220376523
24048,14,22,36,0.21428571428571427
24079,6,3,9,0.26666666666666666
24099,38,8,46,0.3252032520325203
24156,35,43,78,0.21598639455782312
24192,30,25,55,0.2713178294573643
24194,2,1,3,0.0
24197,40,23,63,0.24818577648766327
24205,5,20,25,0.19523809523809524
24227,64,123,187,0.22154525386313464
24251,41,32,73,0.09990749306197964
24257,26,88,114,0.18824653607262304
24335,39,74,113,0.20196353436185133
24371,2,10,12,0.24444444444444444
24389,5,44,49,0.10887949260042283
24418,52,55,107,0.1545041432771986
24453,7,32,39,0.2903225806451613
24595,8,10,18,0.2
24610,37,46,83,0.4097693351424695
24642,9,9,18,0.05714285714285714
24644,13,58,71,0.17846339987900786
24673,2,25,27,0.23333333333333334
24676,20,12,32,0.1111111111111111
24703,10,5,15,0.22727272727272727
24714,4,56,60,0.33959899749373434
24742,68,39,107,0.21953601953601953
24765,25,15,40,0.40463458110516937
24792,2,6,8,0.4666666666666667
24804,36,26,62,0.2529699510831586
24821,5,11,16,0.18181818181818182
24831,4,6,10,0.14285714285714285
24857,41,50,91,0.35844155844155845
24882,5,24,29,0.2553846153846154
24883,15,48,63,0.23308270676691728
24917,41,105,146,0.2153392330383481
24927,7,18,25,0.16883116883116883
24954,12,80,92,0.20883534136546184
24959,19,120,139,0.25726744186046513
25006,16,61,77,0.22163461538461537
25019,2,3,5,0.1
25033,3,56,59,0.2974025974025974
25053,57,124,181,0.20178341606913036
25063,28,59,87,0.2830508474576271
25094,19,10,29,0.16666666666666666
25125,9,43,52,0.26215644820295986
25152,1,6,7,0.26666666666666666
25195,6,6,12,0.5357142857142857
25206,8,12,20,0.17647058823529413
25227,25,36,61,0.19946808510638298
25247,2,13,15,0.24358974358974358
25268,8,42,50,0.2311265969802555
25274,16,102,118,0.15019988577955454
25281,6,63,69,0.09831029185867896
25288,12,28,40,0.17204301075268819
25309,1,15,16,0.4166666666666667
25388,46,7,53,0.16046099290780141
25391,26,52,78,0.31641604010025065
25396,60,47,107,0.2981012658227848
25399,9,15,24,0.3157894736842105
25432,11,60,71,0.19326923076923078
25440,12,7,19,0.4725274725274725
25478,8,73,81,0.13513513513513514
25505,8,78,86,0.2699367088607595
25522,11,25,36,0.2328042328042328
25527,5,5,10,0.3333333333333333
25529,4,11,15,0.16363636363636364
25568,3,19,22,0.08187134502923976
25620,8,96,104,0.1900990099009901
25623,12,29,41,0.3058823529411765
25674,5,47,52,0.16666666666666666
25675,25,87,112,0.22191011235955055
25699,6,55,61,0.2074074074074074
25710,12,33,45,0.21212121212121213
25798,59,39,98,0.1844049247606019
25801,8,35,43,0.24761904761904763
25810,34,47,81,0.36700158646218933
25812,55,12,67,0.28287551139684397
25819,41,15,56,0.3617021276595745
25886,15,43,58,0.3458937198067633
25938,4,27,31,0.23931623931623933
25965,5,6,11,0.21428571428571427
26015,4,29,33,0.15024630541871922
26033,3,61,64,0.2083553675304072
26056,7,16,23,0.14619883040935672
26061,9,43,52,0.13691026827012026
26078,52,31,83,0.16228497241155468
26104,5,15,20,0.1
26118,1,27,28,0.24867724867724866
26126,58,25,83,0.26427962489343565
26129,91,109,200,0.3071327350023618
26135,40,37,77,0.33954802259887007
26152,64,10,74,0.12629399585921325
26153,26,24,50,0.396854764107308
26155,5,34,39,0.29747899159663865
26162,65,164,229,0.3223551552628041
26164,47,23,70,0.3183500793231095
26171,36,30,66,0.4447278911564626
26173,25,58,83,0.37736815156169995
26177,29,62,91,0.39133654202147355
26190,5,3,8,0.6666666666666666
26233,18,21,39,0.3433333333333333
26245,62,43,105,0.34572230014025246
26332,3,27,30,0.11576354679802955
26339,10,30,40,0.15913978494623657
26345,1,7,8,0.07142857142857142
26346,7,7,14,0.3888888888888889
26368,33,7,40,0.1763869132290185
26398,106,114,220,0.28539931406173447
26487,36,26,62,0.12594268476621417
26498,3,7,10,0.047619047619047616
26527,24,23,47,0.4318181818181818
26528,36,35,71,0.3333333333333333
26530,47,14,61,0.33843537414965985
26538,50,5,55,0.17889587700908455
26542,11,6,17,0.32051282051282054
26549,5,5,10,0.42857142857142855
26551,7,5,12,0.3333333333333333
26555,8,21,29,0.3903133903133903
26584,4,28,32,0.28078817733990147
26622,4,18,22,0.24836601307189543
26630,13,8,21,0.2916666666666667
26637,8,29,37,0.30303030303030304
26660,3,3,6,0.3
26681,5,15,20,0.21904761904761905
26720,10,82,92,0.17014399059653249
26728,22,14,36,0.2860215053763441
26733,10,43,53,0.20606060606060606
26747,19,12,31,0.2619047619047619
26752,2,15,17,0.25833333333333336
26755,61,39,100,0.22266773589949213
26799,25,6,31,0.14193548387096774
26809,9,33,42,0.19429590017825313
26871,6,11,17,0.19696969696969696
26890,8,27,35,0.1724137931034483
27004,24,1,25,0.15579710144927536
27011,3,8,11,0.25
27019,4,2,6,0.16666666666666666
27025,13,1,14,0.0
27030,30,3,33,0.17943548387096775
27050,11,52,63,0.2383116883116883
27065,6,11,17,0.2857142857142857
27067,9,10,19,0.2
27074,4,31,35,0.38446969696969696
27110,4,70,74,0.21159420289855072
27116,1,19,20,0.5473684210526316
27143,30,57,87,0.23787258912916423
27144,32,39,71,0.3826530612244898
27145,72,16,88,0.26712106458941903
27148,37,52,89,0.2616487455197133
27251,19,20,39,0.09956709956709957
27263,35,0,35,0.05042016806722689
27279,4,37,41,0.12802275960170698
27307,90,61,151,0.3321440706761808
27309,33,145,178,0.28879800045444215
27314,49,34,83,0.3093601269169751
27316,33,20,53,0.3803191489361702
27369,18,17,35,0.3165322580645161
27381,19,52,71,0.18330308529945555
27412,11,64,75,0.13690476190476192
27420,3,9,12,0.1111111111111111
27483,54,36,90,0.3989145183175034
27484,44,5,49,0.23478260869565218
27509,3,58,61,0.17664851784633998
27516,3,7,10,0.17857142857142858
27519,23,32,55,0.23404255319148937
27520,6,7,13,0.39285714285714285
27523,1,0,1,0.0
27617,68,31,99,0.28730099962976674
27679,3,10,13,0.21818181818181817
27724,6,13,19,0.325
27738,8,27,35,0.19959677419354838
27778,36,18,54,0.37272727272727274
27794,64,127,191,0.33042137718396714
27817,71,70,141,0.26442577030812325
27819,26,99,125,0.2781926811053025
27840,11,41,52,0.25624421831637373
27841,39,47,86,0.3643574828133263
27848,26,26,52,0.3641025641025641
27850,34,27,61,0.3681972789115646
27853,72,39,111,0.36295283663704714
27856,45,36,81,0.30701754385964913
27857,16,34,50,0.31126596980255516
27859,10,49,59,0.21333333333333335
27864,50,110,160,0.2585396825396825
27868,29,74,103,0.2231784279977051
27872,56,32,88,0.3363774733637747
27875,3,1,4,1.0
27877,19,10,29,0.4421052631578947
27887,5,7,12,0.39285714285714285
28070,12,26,38,0.1913978494623656
28086,11,25,36,0.2721774193548387
28089,24,33,57,0.25120772946859904
28137,19,21,40,0.33048433048433046
28264,5,16,21,0.24836601307189543
28304,51,31,82,0.35176651305683565
28316,5,9,14,0.23636363636363636
28345,5,6,11,0.5
28366,5,42,47,0.18484848484848485
28375,20,94,114,0.14890350877192982
28383,9,55,64,0.1494949494949495
28413,0,42,42,0.27409988385598144
28445,4,12,16,0.16666666666666666
28448,2,8,10,0.1111111111111111
28483,7,37,44,0.19743589743589743
28524,12,11,23,0.34065934065934067
28586,29,2,31,0.13763440860215054
28589,43,160,203,0.10423572744014734
28594,33,38,71,0.3435374149659864
28602,32,37,69,0.3200354609929078
28605,12,28,40,0.5476190476190477
28623,14,20,34,0.4057971014492754
28625,29,64,93,0.24228395061728394
28630,9,5,14,0.1388888888888889
28631,32,15,47,0.4637096774193548
28635,26,27,53,0.43993993993993996
28636,25,57,82,0.27348551360842843
28639,24,60,84,0.34108937070333156
28640,15,9,24,0.27450980392156865
28644,35,46,81,0.36721113127646704
28648,10,16,26,0.45263157894736844
28655,15,3,18,0.10833333333333334
28668,32,54,86,0.275
28672,24,19,43,0.47293447293447294
28683,10,2,12,0.28888888888888886
28687,6,15,21,0.4666666666666667
28698,18,41,59,0.28061224489795916
28704,24,86,110,0.218213058419244
28705,48,63,111,0.2951082598235766
28711,25,20,45,0.5770114942528736
28784,9,96,105,0.13445017182130584
28786,5,8,13,0.17777777777777778
28789,4,42,46,0.14285714285714285
28835,9,14,23,0.16911764705882354
28836,8,18,26,0.24242424242424243
28865,9,32,41,0.36174242424242425
28867,32,49,81,0.2847457627118644
28897,36,100,136,0.441747572815534
28917,7,15,22,0.3333333333333333
28919,37,42,79,0.38285714285714284
28960,40,97,137,0.21391752577319587
28961,33,91,124,0.22170452339351582
28962,27,76,103,0.1610960554049985
28965,27,90,117,0.22169135212613472
28970,38,69,107,0.24310425432445068
28995,50,61,111,0.273972602739726
28997,50,18,68,0.33722969023962596
29005,14,94,108,0.21469298245614035
29020,11,67,78,0.286215978928885
29021,25,107,132,0.19961206136483867
29049,4,16,20,0.05
29112,4,9,13,0.4090909090909091
29140,7,1,8,0.14285714285714285
29144,15,6,21,0.08088235294117647
29146,12,9,21,0.16666666666666666
29147,17,1,18,0.0
29184,10,32,42,0.30303030303030304
29233,34,10,44,0.1593172119487909
29237,10,25,35,0.11076923076923077
29248,9,15,24,0.1619047619047619
29252,13,25,38,0.36666666666666664
29256,19,22,41,0.49230769230769234
29259,38,55,93,0.22962382445141066
29261,12,32,44,0.24924924924924924
29270,20,10,30,0.16
29297,26,57,83,0.21945945945945947
29306,1,28,29,0.1748768472906404
29332,2,15,17,0.20952380952380953
29335,17,21,38,0.4804597701149425
29352,8,9,17,0.2761904761904762
29384,35,88,123,0.2691151202749141
29385,11,66,77,0.2912709181365898
29388,9,35,44,0.4189189189189189
29402,44,147,191,0.1529874213836478
29419,12,43,55,0.3324829931972789
29430,14,135,149,0.21390034909552522
29439,10,50,60,0.26995645863570394
29445,17,106,123,0.24951737451737452
29461,9,6,15,0.17777777777777778
29467,27,152,179,0.22865435781665727
29489,14,111,125,0.31604197901049474
29501,9,55,64,0.29135338345864664
29505,12,43,55,0.16943521594684385
29555,50,58,108,0.3718079673135853
29604,13,72,85,0.3150684931506849
29614,4,72,76,0.24804381846635368
29765,14,14,28,0.05263157894736842
29799,38,51,89,0.19627329192546583
29887,3,44,47,0.2251585623678647
29916,9,9,18,0.36363636363636365
29984,9,2,11,0.4444444444444444
30008,31,25,56,0.2941970310391363
30048,8,20,28,0.15714285714285714
30140,3,7,10,0.6785714285714286
30149,2,14,16,0.26373626373626374
30162,19,16,35,0.24074074074074073
30185,31,4,35,0.02217741935483871
30228,10,27,37,0.21975806451612903
30269,39,78,117,0.22719449225473323
30374,10,21,31,0.22134387351778656
30481,4,4,8,0.3
30482,3,22,25,0.2028985507246377
30488,1,0,1,0.0
30489,2,9,11,0.2222222222222222
30552,15,100,115,0.30867792661619103
30578,86,42,128,0.21316526610644257
30605,15,10,25,0.17647058823529413
30616,2,10,12,0.2909090909090909
30657,2,42,44,0.17770034843205576
30771,9,12,21,0.36764705882352944
30792,2,56,58,0.2349624060150376
30793,23,73,96,0.22661064425770308
30794,46,49,95,0.27883167720566093
30920,32,55,87,0.15974025974025974
30979,7,6,13,0.16666666666666666
30982,6,18,24,0.3157894736842105
31197,2,24,26,0.16666666666666666
31212,18,35,53,0.22179487179487178
31215,2,21,23,0.1422924901185771
31248,13,8,21,0.08571428571428572
31329,14,27,41,0.24516129032258063
31337,19,27,46,0.2672268907563025
31362,7,31,38,0.5463709677419355
31382,13,57,70,0.3268112109994712
31387,26,31,57,0.28012684989429176
31396,7,15,22,0.1523809523809524
31403,35,114,149,0.2701586032253765
31408,6,19,25,0.48221343873517786
31410,2,13,15,0.45054945054945056
31411,6,7,13,0.16666666666666666
31418,40,75,115,0.31121134020618557
31423,16,55,71,0.3169482846902202
31432,4,64,68,0.2400793650793651
31462,47,103,150,0.3205882352941177
31471,9,48,57,0.17469387755102042
31484,1,1,2,0.0
31488,31,24,55,0.23784355179704017
31490,7,14,21,0.43790849673202614
31544,2,30,32,0.11264367816091954
31617,13,0,13,0.038461538461538464
31634,1,25,26,0.24
31700,15,18,33,0.1380952380952381
31734,6,65,71,0.13942307692307693
31743,4,17,21,0.2647058823529412
31755,1,14,15,0.18681318681318682
31775,4,6,10,0.19047619047619047
31917,2,11,13,0.10606060606060606
31926,20,49,69,0.30566919929865577
31929,19,27,46,0.40463458110516937
31949,28,12,40,0.21921182266009853
32101,21,38,59,0.3893877551020408
32113,18,107,125,0.2052613361024576
32118,37,53,90,0.3030753968253968
32244,3,11,14,0.3076923076923077
32284,17,47,64,0.19984917043740574
32297,24,32,56,0.29082125603864734
32314,6,55,61,0.14675324675324675
32334,65,6,71,0.2041773231031543
32409,3,15,18,0.16666666666666666
32440,95,79,174,0.2684873949579832
32469,5,8,13,0.21428571428571427
32498,2,9,11,0.17777777777777778
32529,2,2,4,0.0
32592,4,51,55,0.33381712626995647
32611,7,32,39,0.19607843137254902
32645,3,91,94,0.2828475871954133
32664,21,57,78,0.5158953722334004
32688,6,11,17,0.21666666666666667
32692,7,14,21,0.21052631578947367
32735,17,16,33,0.029411764705882353
32740,18,119,137,0.10938612733228885
32747,2,42,44,0.18931475029036005
32789,3,24,27,0.09333333333333334
32841,3,3,6,0.3333333333333333
32844,1,2,3,1.0
32894,6,33,39,0.42857142857142855
32950,6,58,64,0.20734463276836157
33033,29,25,54,0.5047619047619047
33034,17,35,52,0.2167019027484144
33128,13,24,37,0.38768115942028986
33146,18,17,35,0.2676923076923077
33177,11,60,71,0.18030690537084398
33196,14,42,56,0.3388704318936877
33214,28,22,50,0.42328042328042326
33219,12,30,42,0.36088709677419356
33227,1,4,5,0.6666666666666666
33228,5,49,54,0.17431972789115646
33250,2,10,12,0.08888888888888889
33256,20,45,65,0.2828282828282828
33259,6,22,28,0.3203463203463203
33349,1,21,22,0.2619047619047619
33420,7,9,16,0.044444444444444446
33678,2,36,38,0.11428571428571428
33730,9,19,28,0.19523809523809524
33784,34,185,219,0.13969750336682896
33806,56,60,116,0.26619644723093
33807,3,2,5,0.0
33809,14,14,28,0.27485380116959063
33871,3,8,11,0.25
33947,50,27,77,0.3056497175141243
33952,38,28,66,0.36347517730496454
33954,44,49,93,0.2649122807017544
33958,6,12,18,0.5054945054945055
34005,11,20,31,0.2676923076923077
34050,2,3,5,0.3333333333333333
34148,13,21,34,0.11428571428571428
34226,12,4,16,0.16666666666666666
34280,10,9,19,0.48717948717948717
34290,7,14,21,0.175
34294,8,17,25,0.2426470588235294
34298,34,20,54,0.32727272727272727
34394,4,40,44,0.14102564102564102
34399,5,17,22,0.13725490196078433
34427,15,128,143,0.15348837209302327
34574,3,4,7,0.5
34608,8,31,39,0.1935483870967742
34616,15,19,34,0.42153846153846153
34618,39,27,66,0.31641604010025065
34677,11,3,14,0.03296703296703297
34719,7,2,9,0.10714285714285714
34929,11,26,37,0.14153846153846153
35006,6,6,12,0.14285714285714285
35059,6,35,41,0.3423076923076923
35088,23,26,49,0.7492877492877493
35124,5,16,21,0.15441176470588236
35140,6,17,23,0.2647058823529412
35156,16,123,139,0.1952530815630737
35180,36,34,70,0.277526395173454
35184,4,8,12,0.07142857142857142
35280,7,28,35,0.2671957671957672
35333,18,7,25,0.21578947368421053
35339,5,12,17,0.22727272727272727
35340,9,19,28,0.22
35344,15,34,49,0.18716577540106952
35390,36,104,140,0.2452352392376383
35391,27,28,55,0.19163292847503374
35401,25,96,121,0.31030619865571324
35404,6,16,22,0.19852941176470587
35475,3,18,21,0.3006535947712418
35640,1,15,16,0.29523809523809524
35726,107,153,260,0.266928011404134
35809,12,58,70,0.24915254237288137
35840,7,13,20,0.28205128205128205
35904,4,25,29,0.28205128205128205
35922,1,48,49,0.2570921985815603
35975,11,14,25,0.3216374269005848
35987,6,26,32,0.22507122507122507
35989,2,2,4,0.0
35993,7,21,28,0.21212121212121213
36015,5,5,10,0.9333333333333333
36029,7,3,10,0.6666666666666666
36082,19,67,86,0.3573059360730594
36083,76,31,107,0.30542210020590255
36124,5,13,18,0.13333333333333333
36233,6,12,18,0.2948717948717949
36258,6,12,18,0.3619047619047619
36264,22,79,101,0.2421972534332085
36268,44,117,161,0.3596757852077001
36269,25,42,67,0.49113475177304966
36271,11,130,141,0.1262477980035232
36282,89,83,172,0.43613138686131386
36289,74,58,132,0.27663366336633666
36292,73,47,120,0.45321436742164267
36293,41,10,51,0.4059196617336152
36294,6,9,15,0.16483516483516483
36297,78,48,126,0.4165050255686828
36298,39,12,51,0.47674418604651164
36300,44,110,154,0.40438709677419354
36303,16,19,35,0.391304347826087
36304,103,51,154,0.40707411573553304
36313,9,15,24,0.08496732026143791
36332,5,7,12,0.2
36358,24,18,42,0.33497536945812806
36428,6,9,15,0.4
36473,7,84,91,0.16246498599439776
36474,2,33,35,0.1268939393939394
36514,14,27,41,0.18160919540229886
36535,6,42,48,0.3526570048309179
36540,14,133,147,0.3465481886534518
36567,18,102,120,0.41267723102585485
36596,6,19,25,0.12380952380952381
36606,0,9,9,0.05555555555555555
36613,13,2,15,0.0380952380952381
36652,6,20,26,0.08947368421052632
36666,22,18,40,0.1645021645021645
36712,3,30,33,0.21839080459770116
36717,7,17,24,0.38095238095238093
36720,16,55,71,0.1820931639443436
36729,2,19,21,0.1761904761904762
36747,3,44,47,0.28383838383838383
36754,3,11,14,0.45454545454545453
36757,4,15,19,0.25
36799,32,37,69,0.15764705882352942
36808,45,113,158,0.21013852048334808
36869,4,13,17,0.26373626373626374
36874,6,5,11,0.2222222222222222
36961,10,8,18,0.20512820512820512
36969,4,5,9,0.21428571428571427
36981,19,16,35,0.45666666666666667
36989,75,9,84,0.0717154331612163
37043,4,6,10,0.3333333333333333
37049,4,20,24,0.1368421052631579
37153,25,62,87,0.2289002557544757
37176,9,44,53,0.1511627906976744
37219,45,43,88,0.3580669710806697
37221,43,1,44,0.2219873150105708
37231,34,41,75,0.2939068100358423
37341,56,1,57,0.2518796992481203
37343,6,12,18,0.45
37435,47,0,47,0.22201665124884365
37489,25,15,40,0.22916666666666666
37582,3,7,10,0.1111111111111111
37650,4,56,60,0.17906836055656383
37655,8,0,8,0.14285714285714285
37657,4,14,18,0.1978021978021978
37665,12,12,24,0.1695906432748538
37720,46,35,81,0.516734693877551
37726,50,37,87,0.40134680134680134
37727,27,34,61,0.5282392026578073
37728,46,38,84,0.5178451178451179
37733,26,41,67,0.386892177589852
37737,54,42,96,0.46616541353383456
37741,32,63,95,0.39807692307692305
37742,19,34,53,0.47368421052631576
37756,21,23,44,0.32976827094474154
37761,64,26,90,0.3192982456140351
37766,2,44,46,0.13107822410147993
37795,13,93,106,0.25252525252525254
37805,14,110,124,0.18252212389380532
37811,8,10,18,0.10606060606060606
37820,66,55,121,0.2327556914712878
37901,2,2,4,0.0
37914,8,3,11,0.1111111111111111
38053,10,54,64,0.11363636363636363
38070,3,4,7,0.2857142857142857
38082,6,9,15,0.14102564102564102
38089,12,20,32,0.08421052631578947
38090,3,11,14,0.09090909090909091
38224,19,0,19,0.0935672514619883
38226,60,17,77,0.23630672926447574
38228,10,7,17,0.15151515151515152
38236,9,15,24,0.28421052631578947
38252,1,2,3,1.0
38316,1,8,9,0.2777777777777778
38382,4,8,12,0.1111111111111111
38445,3,21,24,0.17391304347826086
38460,13,21,34,0.19
38472,1,10,11,0.044444444444444446
38603,8,8,16,0.5833333333333334
38634,3,8,11,0.39285714285714285
38789,2,22,24,0.16017316017316016
38804,26,31,57,0.4396135265700483
38834,19,34,53,0.3838383838383838
38899,7,2,9,0.39285714285714285
38900,18,6,24,0.3157894736842105
38914,2,37,39,0.22072072072072071
38942,32,28,60,0.492600422832981
38977,11,9,20,0.3137254901960784
39029,32,9,41,0.3940620782726046
39031,11,27,38,0.36186186186186187
39041,14,20,34,0.37566137566137564
39064,3,46,49,0.2618357487922705
39072,17,42,59,0.32728592162554426
39086,69,14,83,0.24
39089,21,17,38,0.49047619047619045
39103,13,1,14,0.3626373626373626
39132,4,32,36,0.17943548387096775
39225,4,6,10,0.5333333333333333
39263,5,41,46,0.23902439024390243
39336,4,18,22,0.3567251461988304
39356,4,21,25,0.2971014492753623
39411,9,3,12,0.24444444444444444
39412,15,86,101,0.3193979933110368
39420,6,44,50,0.2987588652482269
39421,5,12,17,0.4485294117647059
39434,49,27,76,0.23114754098360657
39456,19,18,37,0.5185185185185185
39497,23,15,38,0.27832512315270935
39563,3,14,17,0.09523809523809523
39574,20,66,86,0.21066271751203258
39582,16,64,80,0.24950396825396826
39657,5,9,14,0.5909090909090909
39660,22,36,58,0.3909191583610188
39688,19,48,67,0.1386066763425254
39797,21,75,96,0.3227848101265823
39867,15,30,45,0.25889046941678523
39869,5,21,26,0.4857142857142857
39874,18,23,41,0.38446969696969696
39889,35,32,67,0.43186582809224316
39892,37,54,91,0.40326340326340326
39893,3,37,40,0.4174174174174174
39898,3,55,58,0.38922558922558925
39919,3,13,16,0.31868131868131866
39928,9,7,16,0.5277777777777778
39965,9,9,18,0.32051282051282054
39992,8,7,15,0.23636363636363636
40036,3,26,29,0.25071225071225073
40049,10,23,33,0.09116809116809117
40084,7,39,46,0.1700404858299595
40233,9,34,43,0.2571428571428571
40240,33,50,83,0.4519230769230769
40374,6,30,36,0.2731182795698925
40384,6,6,12,0.38181818181818183
40396,8,40,48,0.1548780487804878
40415,21,115,136,0.15270785659801678
40441,37,23,60,0.34512195121951217
40445,15,47,62,0.4132730015082956
40451,35,1,36,0.326984126984127
40458,11,28,39,0.35698924731182796
40468,6,84,90,0.2280112044817927
40478,14,2,16,0.225
40505,41,28,69,0.41791979949874686
40507,17,39,56,0.30313588850174217
40550,12,56,68,0.15454545454545454
40575,4,34,38,0.1865546218487395
40592,7,58,65,0.3581920903954802
40649,0,7,7,0.42857142857142855
40698,20,9,29,0.23544973544973544
40699,28,4,32,0.15862068965517243
40725,3,11,14,0.16363636363636364
40737,2,2,4,0.3333333333333333
40754,7,23,30,0.2608695652173913
40815,4,61,65,0.2540983606557377
40817,127,141,268,0.2723247656833995
40863,6,39,45,0.19933554817275748
40912,5,3,8,0.6
40926,48,89,137,0.2803738317757009
40934,20,19,39,0.3230769230769231
40958,1,6,7,0.0
40971,7,45,52,0.19090909090909092
41067,5,9,14,0.2087912087912088
41069,27,40,67,0.2508735150244584
41073,24,96,120,0.20222634508348794
41130,59,20,79,0.2296626984126984
41170,27,40,67,0.3431372549019608
41180,11,43,54,0.2404040404040404
41183,34,97,131,0.34496314496314495
41186,30,81,111,0.3831932773109244
41189,37,109,146,0.4331600693056111
41243,8,14,22,0.13186813186813187
41254,9,59,68,0.21917007597895968
41367,6,30,36,0.13725490196078433
41477,14,14,28,0.2608695652173913
41526,4,17,21,0.14619883040935672
41551,6,35,41,0.33063427800269907
41777,6,58,64,0.11242937853107345
41791,5,37,42,0.2019914651493599
41809,13,16,29,0.1736842105263158
41812,31,43,74,0.2687074829931973
41831,3,26,29,0.30153846153846153
41855,17,47,64,0.26445578231292516
42042,15,130,145,0.22679833913141062
42046,39,119,158,0.2388364104765994
42051,11,28,39,0.39039039039039036
42092,3,57,60,0.4853107344632768
42094,9,10,19,0.26373626373626374
42095,20,46,66,0.10799319727891156
42112,4,4,8,0.0
42118,2,31,33,0.2540322580645161
42134,9,65,74,0.2537313432835821
42182,10,12,22,0.5
42211,4,9,13,0.2545454545454545
42291,28,76,104,0.2681318681318681
42302,5,33,38,0.3396825396825397
42303,12,60,72,0.25191256830601094
42326,6,26,32,0.14153846153846153
42368,5,9,14,0.2909090909090909
42418,5,23,28,0.35384615384615387
42492,14,23,37,0.10967741935483871
42574,61,51,112,0.24649859943977592
42578,44,52,96,0.28497241155469005
42619,2,139,141,0.16312056737588654
42623,15,1,16,0.25
42630,35,152,187,0.27208884533725297
42648,68,176,244,0.17420037007665873
42653,5,42,47,0.40310077519379844
42658,7,16,23,0.4052631578947368
42660,23,24,47,0.4080338266384778
42670,13,13,26,0.32105263157894737
42691,22,48,70,0.39592760180995473
42710,22,36,58,0.4064230343300111
42736,6,28,34,0.39314516129032256
42890,2,9,11,0.1388888888888889
42984,12,51,63,0.22082459818308875
43017,6,49,55,0.20211161387631976
43130,4,21,25,0.15584415584415584
43140,1,10,11,0.37777777777777777
43147,11,13,24,0.39920948616600793
43149,73,160,233,0.2773017815857473
43159,9,2,11,0.09090909090909091
43167,57,12,69,0.19150025601638504
43168,22,112,134,0.16551724137931034
43169,11,30,41,0.25133689839572193
43187,7,46,53,0.2950680272108844
43280,6,1,7,0.4666666666666667
43347,27,115,142,0.30890322580645163
43398,3,49,52,0.1828231292517007
43500,3,9,12,0.3055555555555556
43544,9,11,20,0.4411764705882353
43673,13,21,34,0.09230769230769231
43720,10,61,71,0.17028027498677947
43724,4,1,5,0.5
43735,5,23,28,0.23715415019762845
43741,13,20,33,0.11692307692307692
43766,7,14,21,0.475
43837,16,8,24,0.3241106719367589
43845,25,29,54,0.4235294117647059
43852,13,35,48,0.23809523809523808
43863,27,23,50,0.37516869095816463
43876,31,22,53,0.2564102564102564
43892,5,15,20,0.13333333333333333
43921,21,15,36,0.3399014778325123
44041,14,15,29,0.31666666666666665
44133,52,54,106,0.2829153605015674
44134,29,12,41,0.4153846153846154
44135,58,6,64,0.19871420222092342
44136,13,13,26,0.5294117647058824
44146,6,2,8,0.2857142857142857
44287,11,37,48,0.19568151147098514
44302,20,100,120,0.1553398058252427
44377,9,25,34,0.17
44445,1,43,44,0.1982281284606866
44499,9,21,30,0.23809523809523808
44511,13,36,49,0.44950213371266
44611,20,25,45,0.25133689839572193
44620,67,83,150,0.49076230399006365
44655,10,104,114,0.31392632524708
44658,8,91,99,0.43034128097241703
44689,14,21,35,0.3722943722943723
44693,9,31,40,0.2172043010752688
44694,13,18,31,0.543859649122807
44697,4,16,20,0.1695906432748538
44701,6,33,39,0.32954545454545453
44712,15,26,41,0.3694581280788177
44714,3,4,7,0.0
44737,22,35,57,0.3463414634146341
44750,1,14,15,0.3516483516483517
44778,6,7,13,0.4666666666666667
44807,3,32,35,0.19696969696969696
44817,14,32,46,0.35285285285285284
44827,5,7,12,0.41818181818181815
44840,12,29,41,0.4403361344537815
44926,10,16,26,0.25
44937,4,9,13,0.17777777777777778
45000,3,16,19,0.25833333333333336
45112,10,14,24,0.24836601307189543
45137,43,67,110,0.2739495798319328
45210,18,135,153,0.19033915724563208
45224,2,3,5,0.0
45250,17,4,21,0.1368421052631579
45305,8,4,12,0.10909090909090909
45356,42,24,66,0.45852187028657615
45360,1,1,2,0.0
45395,11,6,17,0.24358974358974358
45462,8,9,17,0.14545454545454545
45605,24,54,78,0.2881944444444444
45618,9,7,16,0.509090909090909
45638,2,6,8,0.3333333333333333
45655,1,4,5,0.6666666666666666
45683,3,11,14,0.21818181818181817
45707,12,27,39,0.1455026455026455
45711,13,20,33,0.29473684210526313
45713,4,10,14,0.24444444444444444
45793,0,36,36,0.3142857142857143
45799,7,1,8,0.07142857142857142
45810,6,31,37,0.3064516129032258
45831,14,13,27,0.4033333333333333
45846,14,73,87,0.15017543859649124
45848,14,41,55,0.2821461609620722
45858,4,24,28,0.3333333333333333
45909,10,41,51,0.2765957446808511
45952,13,0,13,0.038461538461538464
45980,11,22,33,0.3852813852813853
45981,10,19,29,0.4057971014492754
45983,17,72,89,0.28324324324324324
46021,6,5,11,0.1111111111111111
46027,5,4,9,0.3333333333333333
46040,6,32,38,0.2518939393939394
46042,25,32,57,0.5581395348837209
46080,4,9,13,0.1111111111111111
46150,7,42,49,0.27167019027484146
46158,14,32,46,0.25882352941176473
46170,54,139,193,0.24666945957268538
46175,31,6,37,0.45276292335115864
46225,10,9,19,0.5128205128205128
46319,4,33,37,0.30634920634920637
46328,34,40,74,0.3098982423681776
46336,2,15,17,0.1619047619047619
46339,22,25,47,0.5014245014245015
46342,13,58,71,0.2903954802259887
46344,3,14,17,0.35
46413,4,17,21,0.09803921568627451
46454,8,10,18,0.41818181818181815
46465,6,15,21,0.14285714285714285
46480,14,29,43,0.3315508021390374
46484,31,31,62,0.14153561517113783
46503,15,16,31,0.47953216374269003
46518,31,25,56,0.37322695035460995
46528,42,111,153,0.19864426760978485
46531,27,17,44,0.3078817733990148
46535,13,63,76,0.18757763975155278
46540,8,16,24,0.39473684210526316
46590,38,56,94,0.2395295467584624
46593,1,15,16,0.3142857142857143
46609,5,12,17,0.26373626373626374
46658,26,40,66,0.3468013468013468
46676,12,13,25,0.275
46682,13,5,18,0.30718954248366015
46795,53,39,92,0.5131694468832309
46799,10,100,110,0.2491089108910891
46861,7,16,23,0.45098039215686275
46919,13,20,33,0.4420289855072464
46922,25,49,74,0.3072261072261072
46973,7,33,40,0.3693181818181818
46990,5,16,21,0.49264705882352944
47003,12,25,37,0.33004926108374383
47009,7,14,21,0.1523809523809524
47038,18,65,83,0.2759615384615385
47042,7,15,22,0.28104575163398693
47074,3,20,23,0.12105263157894737
47208,8,44,52,0.21877551020408162
47215,8,4,12,0.03571428571428571
47223,11,41,52,0.13902439024390245
47232,11,28,39,0.15024630541871922
47257,8,8,16,0.2
47283,12,31,43,0.2571428571428571
47299,3,52,55,0.1425339366515837
47312,3,24,27,0.24333333333333335
47329,4,12,16,0.2692307692307692
47335,5,108,113,0.12215426435609922
47388,23,23,46,0.23931623931623933
47419,11,62,73,0.2744579587519831
47470,18,52,70,0.29219600725952816
47477,13,50,63,0.27215686274509804
47490,10,1,11,0.09090909090909091
47491,39,39,78,0.31245791245791243
47517,10,14,24,0.3508771929824561
47559,12,89,101,0.17134831460674158
47561,7,105,112,0.19712488769092543
47579,5,8,13,0.07272727272727272
47594,7,26,33,0.5073891625615764
47656,23,9,32,0.37471264367816093
47658,8,17,25,0.4502923976608187
47674,14,16,30,0.5543478260869565
47685,11,54,65,0.2577132486388385
47706,8,17,25,0.20261437908496732
47727,23,91,114,0.2244120940649496
47735,3,76,79,0.14912280701754385
47759,61,113,174,0.3075214217708664
47768,24,25,49,0.292358803986711
47772,2,2,4,0.0
47800,22,58,80,0.26705446853516657
47828,6,2,8,0.047619047619047616
47885,21,22,43,0.18233618233618235
47926,7,6,13,0.28888888888888886
47990,10,67,77,0.16400304414003045
48038,2,21,23,0.20952380952380953
48046,25,39,64,0.3212669683257919
48050,6,13,19,0.32051282051282054
48140,7,12,19,0.1794871794871795
48143,3,33,36,0.24621212121212122
48167,5,16,21,0.2631578947368421
48207,20,70,90,0.2400932400932401
48225,14,74,88,0.2743428359866716
48247,7,56,63,0.3983050847457627
48349,4,24,28,0.4492307692307692
48357,12,21,33,0.40476190476190477
48370,17,6,23,0.11688311688311688
48501,16,20,36,0.2684729064039409
48592,3,18,21,0.15789473684210525
48634,7,43,50,0.26763285024154587
48635,14,28,42,0.3349206349206349
48636,3,0,3,0.3333333333333333
48643,28,13,41,0.1781512605042017
48673,0,31,31,0.22580645161290322
48682,26,23,49,0.4794871794871795
48727,12,51,63,0.15184513006654568
48786,60,50,110,0.288662486938349
48799,5,9,14,0.16666666666666666
48915,23,25,48,0.19838056680161945
48933,20,15,35,0.64
48954,12,28,40,0.3465909090909091
48971,13,1,14,0.21978021978021978
48995,5,11,16,0.28205128205128205
48998,1,2,3,0.0
49004,19,40,59,0.5072463768115942
49007,76,79,155,0.4338935574229692
49035,32,30,62,0.3719512195121951
49039,7,9,16,0.509090909090909
49093,77,176,253,0.2626514611546686
49098,5,33,38,0.5597147950089126
49125,62,54,116,0.45524691358024694
49138,19,34,53,0.6410256410256411
49205,3,98,101,0.19082684620239848
49207,7,34,41,0.22103386809269163
49524,4,88,92,0.1797752808988764
49610,7,13,20,0.5166666666666667
49772,1,12,13,0.2564102564102564
49780,18,16,34,0.296551724137931
49783,3,15,18,0.225
49865,7,19,26,0.15789473684210525
49895,28,45,73,0.2901960784313726
50176,7,15,22,0.45588235294117646
50178,14,26,40,0.3201058201058201
50179,11,21,32,0.2608695652173913
50182,55,34,89,0.3702435312024353
50185,2,28,30,0.17701149425287357
50197,7,6,13,0.6060606060606061
50229,16,41,57,0.30917874396135264
50263,5,8,13,0.2727272727272727
50325,10,36,46,0.2777777777777778
50329,48,33,81,0.39514066496163686
50373,2,28,30,0.2671957671957672
50382,4,13,17,0.25274725274725274
50402,2,10,12,0.15555555555555556
50424,15,47,62,0.4336734693877551
50551,2,10,12,0.4222222222222222
50554,13,21,34,0.3952569169960474
50557,6,20,26,0.2554112554112554
50561,18,14,32,0.4789473684210526
50572,9,22,31,0.4426877470355731
50578,7,1,8,0.32142857142857145
50598,25,62,87,0.28928884986830555
50605,23,61,84,0.4008461131676362
50607,9,94,103,0.27339281628917866
50617,9,61,70,0.28365384615384615
50623,5,14,19,0.3142857142857143
50627,4,57,61,0.19298245614035087
50644,9,53,62,0.18658280922431866
50653,15,41,56,0.2909090909090909
50657,3,5,8,0.26666666666666666
50690,7,4,11,0.26666666666666666
50693,5,10,15,0.1282051282051282
50701,3,25,28,0.34
50778,6,9,15,0.038461538461538464
50793,2,31,33,0.2623655913978495
50814,2,11,13,0.42424242424242425
50848,10,34,44,0.3077816492450639
50853,15,37,52,0.24738675958188153
50887,5,40,45,0.37564102564102564
50892,4,21,25,0.23550724637681159
50904,5,23,28,0.18972332015810275
50911,12,105,117,0.34120966319873036
50925,32,81,113,0.31179775280898875
50973,3,10,13,0.26666666666666666
51001,4,6,10,0.2222222222222222
51099,6,29,35,0.2721774193548387
51169,13,121,134,0.3117079889807163
51171,5,21,26,0.3203463203463203
51177,35,61,96,0.3082706766917293
51204,7,26,33,0.1737891737891738
51226,2,34,36,0.2857142857142857
51235,10,56,66,0.3057644110275689
51241,23,53,76,0.3640810621942697
51257,10,11,21,0.22727272727272727
51260,11,10,21,0.38461538461538464
51303,2,42,44,0.34219269102990035
51332,15,15,30,0.17753623188405798
51409,1,5,6,0.3
51430,6,32,38,0.2518939393939394
51564,6,22,28,0.1471861471861472
51570,6,13,19,0.2692307692307692
51573,3,4,7,0.23809523809523808
51574,4,8,12,0.25
51597,6,26,32,0.18461538461538463
51631,7,46,53,0.16751700680272108
51637,17,12,29,0.3233333333333333
51651,5,71,76,0.2522831050228311
51804,10,11,21,0.8496732026143791
51934,18,38,56,0.36469344608879495
51996,9,7,16,0.21818181818181817
52062,2,21,23,0.2761904761904762
52090,20,37,57,0.26876876876876876
52122,11,17,28,0.2597402597402597
52184,2,38,40,0.1721194879089616
52278,3,14,17,0.2857142857142857
52285,30,60,90,0.35432667690732206
52308,10,34,44,0.2281639928698752
52440,18,7,25,0.43478260869565216
52444,1,7,8,0.6666666666666666
52447,9,75,84,0.25274725274725274
52469,13,2,15,0.0989010989010989
52544,7,13,20,0.21794871794871795
52627,14,28,42,0.14039408866995073
52654,1,12,13,0.11538461538461539
52673,1,10,11,0.23636363636363636
52764,5,2,7,0.0
52780,13,21,34,0.17391304347826086
52802,6,7,13,0.4642857142857143
52908,5,94,99,0.22620380739081747
53000,10,8,18,0.509090909090909
53015,13,21,34,0.2857142857142857
53422,7,79,86,0.29503407984420643
53505,6,32,38,0.34274193548387094
53542,16,30,46,0.221505376344086
53562,6,8,14,0.2222222222222222
53606,1,10,11,0.2222222222222222
53628,2,7,9,0.19047619047619047
53654,4,5,9,0.4
53701,5,5,10,0.5333333333333333
53741,8,19,27,0.14210526315789473
53784,5,5,10,0.4
53828,3,5,8,0.4
53861,14,39,53,0.3829268292682927
53920,17,5,22,0.3333333333333333
54221,6,0,6,0.06666666666666667
54264,15,16,31,0.4901185770750988
54267,1,4,5,0.2
54275,49,94,143,0.3436783636043026
54282,23,13,36,0.301994301994302
54317,3,133,136,0.21348826611984506
54400,18,71,89,0.20348101265822785
54525,1,4,5,0.16666666666666666
54569,10,23,33,0.3230769230769231
54649,5,15,20,0.13970588235294118
54723,13,12,25,0.35294117647058826
54731,7,14,21,0.13333333333333333
54785,4,6,10,0.5333333333333333
54786,4,4,8,1.0
54800,3,9,12,0.2222222222222222
54839,9,36,45,0.4096728307254623
54843,18,13,31,0.42857142857142855
54859,7,17,24,0.2426470588235294
54916,15,34,49,0.27927927927927926
54917,53,98,151,0.40033361134278567
54960,18,91,109,0.28197088465845466
55010,6,22,28,0.11067193675889328
55131,4,6,10,0.17857142857142858
55271,16,28,44,0.3441295546558704
55351,8,24,32,0.19658119658119658
55380,19,50,69,0.3611922852133255
55428,13,31,44,0.17142857142857143
55475,16,12,28,0.10461538461538461
55595,3,10,13,0.4222222222222222
55597,19,27,46,0.2087087087087087
55601,4,25,29,0.21693121693121692
55650,4,39,43,0.4097560975609756
55707,2,8,10,0.16666666666666666
55757,4,22,26,0.35144927536231885
55770,8,87,95,0.2938871473354232
55787,15,38,53,0.48582995951417
55822,6,7,13,0.2222222222222222
56004,11,8,19,0.41818181818181815
56023,3,11,14,0.23076923076923078
56042,21,54,75,0.18542199488491048
56060,10,34,44,0.3167220376522702
56164,0,86,86,0.199452804377565
56285,4,73,77,0.2800608828006088
56290,4,6,10,0.14285714285714285
56340,26,106,132,0.3734553775743707
56352,7,99,106,0.17316017316017315
56455,1,1,2,0.0
56476,12,59,71,0.25960061443932414
56481,15,44,59,0.33636363636363636
56521,16,2,18,0.10457516339869281
56571,6,40,46,0.18461538461538463
56604,5,50,55,0.30857142857142855
56616,9,10,19,0.3939393939393939
56636,5,67,72,0.3075531433740389
56718,10,20,30,0.23157894736842105
56724,13,15,28,0.47058823529411764
56732,4,7,11,0.3333333333333333
56751,8,10,18,0.5272727272727272
56802,14,18,32,0.39473684210526316
56876,15,76,91,0.28876844323998796
56917,2,9,11,0.23636363636363636
56938,17,51,68,0.15309200603318251
57057,5,8,13,0.1388888888888889
57100,11,6,17,0.0380952380952381
57360,27,18,45,0.23025210084033612
57398,7,22,29,0.30303030303030304
57651,3,19,22,0.17894736842105263
57743,10,1,11,0.2545454545454545
57770,10,30,40,0.26814516129032256
57780,6,28,34,0.296551724137931
57782,11,29,40,0.21171171171171171
57812,3,25,28,0.5333333333333333
57826,3,4,7,0.3333333333333333
57970,1,14,15,0.34065934065934067
58221,8,26,34,0.4700854700854701
58256,3,62,65,0.34003172924378633
58290,8,20,28,0.16996047430830039
58328,11,15,26,0.3006535947712418
58337,2,18,20,0.3368421052631579
58418,5,6,11,0.2222222222222222
58466,6,15,21,0.23333333333333334
58472,2,9,11,0.2222222222222222
58503,5,7,12,0.45454545454545453
58514,38,61,99,0.30727848101265826
58606,8,27,35,0.23809523809523808
58614,4,9,13,0.21818181818181817
58619,4,45,49,0.1285024154589372
58630,5,6,11,0.2222222222222222
58763,0,15,15,0.38095238095238093
58794,7,37,44,0.3121951219512195
58834,1,22,23,0.35064935064935066
58837,17,8,25,0.46190476190476193
58843,5,140,145,0.34093211752786223
58896,7,31,38,0.3118279569892473
59071,2,5,7,0.4
59084,4,5,9,0.2
59085,17,57,74,0.2781954887218045
59095,11,14,25,0.4789473684210526
59108,4,45,49,0.39903381642512076
59132,12,13,25,0.34558823529411764
59226,4,23,27,0.2
59583,1,80,81,0.18449367088607596
59584,9,11,20,0.28205128205128205
59661,12,54,66,0.2779220779220779
59784,27,91,118,0.21434707903780068
59790,2,23,25,0.23715415019762845
59809,5,12,17,0.47435897435897434
59876,14,19,33,0.49
59905,1,121,122,0.19104683195592287
60279,3,188,191,0.23341677096370464
60308,7,9,16,0.2
60315,1,6,7,0.13333333333333333
60336,7,27,34,0.1282051282051282
60356,6,11,17,0.09090909090909091
60378,1,14,15,0.25274725274725274
60434,7,20,27,0.31333333333333335
60457,3,10,13,0.15555555555555556
60553,29,61,90,0.23860727086533537
60627,12,8,20,0.17582417582417584
60632,1,19,20,0.23391812865497075
60718,1,1,2,0.0
60739,12,17,29,0.14210526315789473
60741,39,88,127,0.3118556701030928
60744,1,12,13,0.2727272727272727
60780,3,1,4,0.0
60821,4,6,10,0.25
60932,2,2,4,0.0
60951,4,22,26,0.0735930735930736
61039,2,9,11,0.25
61199,6,20,26,0.24110671936758893
61221,28,28,56,0.39313399778516056
61405,9,44,53,0.29393939393939394
61959,1,8,9,0.14285714285714285
61978,4,3,7,0.3
61986,3,38,41,0.11806543385490754
62042,3,7,10,0.32142857142857145
62071,15,37,52,0.25853658536585367
62076,29,38,67,0.33024976873265494
62116,8,86,94,0.26192259675405744
62125,27,16,43,0.2571428571428571
62258,8,23,31,0.37
62331,4,6,10,0.4666666666666667
62337,2,4,6,0.3333333333333333
62525,4,27,31,0.2698412698412698
62541,11,38,49,0.3953488372093023
62591,7,26,33,0.17846153846153845
62620,9,13,22,0.11538461538461539
62827,1,12,13,0.3939393939393939
63103,6,25,31,0.3446153846153846
63112,10,13,23,0.2426470588235294
63129,6,4,10,0.4
63285,3,14,17,0.13186813186813187
63323,2,1,3,0.0
63375,3,13,16,0.21904761904761905
63474,4,39,43,0.16951219512195123
63525,12,4,16,0.0380952380952381
63561,1,125,126,0.17187096774193547
63578,2,28,30,0.23015873015873015
63579,3,13,16,0.2948717948717949
63586,10,22,32,0.4311594202898551
63644,6,7,13,0.3090909090909091
63658,4,42,46,0.2547065337763012
63694,2,24,26,0.18769230769230769
63789,1,1,2,0.0
63793,13,11,24,0.3974358974358974
63835,2,30,32,0.11264367816091954
63863,2,2,4,0.3333333333333333
63934,15,21,36,0.4891304347826087
64073,7,54,61,0.23097643097643097
64119,2,35,37,0.1873015873015873
64354,1,6,7,0.0
64371,3,23,26,0.4426877470355731
64413,13,23,36,0.21739130434782608
64494,6,67,73,0.2791922739244952
64518,9,63,72,0.21378968253968253
64547,6,11,17,0.48717948717948717
64591,4,25,29,0.2857142857142857
64763,4,11,15,0.3939393939393939
64772,17,13,30,0.5652173913043478
64851,1,29,30,0.27586206896551724
64871,5,13,18,0.41904761904761906
64882,24,84,108,0.3066905005107252
64934,6,39,45,0.23205128205128206
64964,3,11,14,0.16363636363636364
65040,9,11,20,0.24358974358974358
65041,13,20,33,0.15862068965517243
65274,2,5,7,0.06666666666666667
65390,3,36,39,0.2746031746031746
65486,1,22,23,0.2077922077922078
65515,6,54,60,0.1376659678546471
65564,4,18,22,0.26143790849673204
65610,2,4,6,0.06666666666666667
65641,2,11,13,0.24242424242424243
65728,14,16,30,0.2413793103448276
65746,3,5,8,0.26666666666666666
65762,6,20,26,0.1774891774891775
65795,18,57,75,0.3384180790960452
65855,8,4,12,0.3888888888888889
65857,2,4,6,0.2
65885,7,24,31,0.28774928774928776
65887,21,131,152,0.16290726817042606
65889,2,7,9,0.14285714285714285
65910,10,22,32,0.20553359683794467
65912,2,23,25,0.10144927536231885
65932,28,26,54,0.3588039867109635
65935,11,32,43,0.3048128342245989
65997,6,25,31,0.21333333333333335
66063,10,58,68,0.23785310734463277
66066,5,25,30,0.25666666666666665
66067,5,8,13,0.6388888888888888
66068,18,18,36,0.5169230769230769
66072,9,30,39,0.4576612903225806
66073,11,19,30,0.4714285714285714
66104,14,67,81,0.29151138716356106
66105,4,4,8,0.38095238095238093
66113,4,14,18,0.4166666666666667
66159,6,43,49,0.15282392026578073
66235,20,16,36,0.3415384615384615
66238,6,15,21,0.3088235294117647
66243,1,35,36,0.2957983193277311
66394,8,30,38,0.1889483065953654
66463,6,66,72,0.32727272727272727
66473,6,16,22,0.19852941176470587
66477,3,2,5,0.4
66479,6,5,11,0.5
66481,4,19,23,0.2982456140350877
66482,3,6,9,0.5333333333333333
66496,5,14,19,0.2
66505,6,16,22,0.26666666666666666
66507,3,12,15,0.12121212121212122
66510,7,6,13,0.35555555555555557
66511,5,7,12,0.3888888888888889
66538,1,19,20,0.3157894736842105
66609,7,14,21,0.31666666666666665
66644,2,12,14,0.42424242424242425
66732,8,21,29,0.4415954415954416
66745,4,0,4,0.5
66803,5,58,63,0.18753781004234724
66811,7,5,12,0.3181818181818182
66815,1,6,7,0.3333333333333333
66937,8,10,18,0.24358974358974358
66941,12,3,15,0.4380952380952381
67125,1,52,53,0.3114630467571644
67171,1,18,19,0.2222222222222222
67346,5,19,24,0.17543859649122806
67347,2,4,6,0.3
67396,15,7,22,0.19883040935672514
67467,11,24,35,0.213768115942029
67470,2,6,8,0.2
67476,6,14,20,0.3660130718954248
67504,12,154,166,0.12877674342642495
67647,9,31,40,0.17540322580645162
67677,5,18,23,0.13725490196078433
67692,3,16,19,0.23333333333333334
67721,9,5,14,0.7333333333333333
67738,3,14,17,0.25833333333333336
67747,20,177,197,0.21527614571092832
67816,44,143,187,0.2552149464901143
68135,3,84,87,0.1368330464716007
68193,10,11,21,0.46153846153846156
68387,10,13,23,0.4166666666666667
68392,26,35,61,0.3262411347517731
68465,1,17,18,0.49264705882352944
68644,13,64,77,0.5163690476190477
68677,13,53,66,0.26484975541579314
68878,4,25,29,0.30666666666666664
68970,9,191,200,0.227169689119171
68977,3,3,6,0.3333333333333333
69020,3,28,31,0.23891625615763548
69030,17,15,32,0.2683982683982684
69031,15,33,48,0.26450742240215924
69091,2,2,4,0.16666666666666666
69162,13,76,89,0.24342324342324342
69245,7,9,16,0.13333333333333333
69269,11,24,35,0.31216931216931215
69270,22,24,46,0.43951612903225806
69376,8,55,63,0.5084745762711864
69392,5,34,39,0.2492063492063492
69405,1,27,28,0.17094017094017094
69447,5,52,57,0.2487770789657582
69471,32,25,57,0.42819148936170215
69782,1,2,3,0.0
69806,4,5,9,0.4
70030,3,76,79,0.31954887218045114
70035,35,48,83,0.4716346153846154
70122,5,6,11,0.6
70126,6,49,55,0.16816326530612244
70137,7,13,20,0.5128205128205128
70190,5,1,6,0.0
70275,10,81,91,0.20555555555555555
70281,70,36,106,0.22702702702702704
70355,39,40,79,0.6074074074074074
70359,4,72,76,0.3112633181126332
70375,14,32,46,0.2912912912912913
70380,22,59,81,0.28239026969857217
70384,6,22,28,0.4743083003952569
70388,14,16,30,0.40350877192982454
70416,3,22,25,0.18181818181818182
70453,3,4,7,0.26666666666666666
70458,13,14,27,0.30434782608695654
70647,4,12,16,0.1794871794871795
70692,3,14,17,0.18095238095238095
70865,5,1,6,0.06666666666666667
70887,8,11,19,0.15
71004,11,49,60,0.3062409288824383
71279,6,13,19,0.19852941176470587
71395,4,11,15,0.5151515151515151
71430,0,38,38,0.16927453769559034
71665,3,32,35,0.11693548387096774
71810,5,13,18,0.225
72124,2,5,7,0.7333333333333333
72167,1,23,24,0.1422924901185771
72193,38,4,42,0.18492176386913228
72241,3,7,10,0.5357142857142857
72288,5,19,24,0.15584415584415584
72289,5,18,23,0.3263157894736842
72329,16,78,94,0.32735821334116955
72366,0,55,55,0.18855218855218855
72413,6,1,7,0.047619047619047616
72689,2,5,7,0.1
73171,5,17,22,0.25146198830409355
73193,15,10,25,0.3952380952380952
73195,5,29,34,0.4112903225806452
73230,8,32,40,0.3137254901960784
73264,6,8,14,0.21794871794871795
73345,5,17,22,0.39869281045751637
73346,18,9,27,0.42391304347826086
73347,21,15,36,0.3471264367816092
73350,17,48,65,0.3502722323049002
73351,1,35,36,0.4588235294117647
73353,5,16,21,0.36666666666666664
73355,22,25,47,0.22994652406417113
73357,28,61,89,0.2898926323583858
73359,9,66,75,0.218612818261633
73361,18,37,55,0.2541062801932367
73366,30,32,62,0.2948717948717949
73367,20,75,95,0.24475524475524477
73369,5,19,24,0.35177865612648224
73415,5,3,8,0.2
73468,1,39,40,0.28879892037786775
73470,9,21,30,0.4266666666666667
73473,5,75,80,0.23603603603603604
73475,9,5,14,0.22727272727272727
73645,1,14,15,0.14285714285714285
73710,7,50,57,0.40816326530612246
73790,5,28,33,0.3522167487684729
73908,12,32,44,0.35988620199146515
73949,4,14,18,0.26143790849673204
73994,2,34,36,0.1443850267379679
74073,1,5,6,0.0
74077,1,37,38,0.15765765765765766
74171,1,7,8,0.14285714285714285
74216,2,6,8,0.4666666666666667
74261,5,6,11,0.23809523809523808
74274,20,12,32,0.21921182266009853
74322,22,45,67,0.4016326530612245
74343,2,5,7,0.2
74355,5,1,6,0.26666666666666666
74567,5,23,28,0.20948616600790515
74571,3,11,14,0.32727272727272727
74581,3,65,68,0.31655011655011656
74620,2,7,9,0.2857142857142857
74766,23,27,50,0.3549257759784076
74783,14,33,47,0.20317460317460317
74836,6,7,13,0.4888888888888889
75040,1,12,13,0.3181818181818182
75051,3,10,13,0.19696969696969696
75079,12,74,86,0.2007992007992008
75080,13,45,58,0.2802960222016651
75089,1,12,13,0.3333333333333333
75091,8,132,140,0.18794818413139025
75104,5,42,47,0.12659698025551683
75105,9,16,25,0.22077922077922077
75139,7,13,20,0.4444444444444444
75141,11,14,25,0.13186813186813187
75349,2,117,119,0.2353374594753905
75350,10,146,156,0.1817666509211148
75480,1,7,8,0.2857142857142857
75534,9,43,52,0.2917547568710359
75548,10,40,50,0.24390243902439024
75561,11,25,36,0.24923076923076923
75567,4,63,67,0.16490384615384615
75791,5,9,14,0.16363636363636364
75871,1,24,25,0.35507246376811596
75920,3,27,30,0.245014245014245
76071,10,26,36,0.27350427350427353
76171,22,36,58,0.4012820512820513
76290,1,72,73,0.1717527386541471
76405,3,75,78,0.20216216216216215
76427,6,30,36,0.3314393939393939
76472,9,45,54,0.28122109158186864
76500,4,20,24,0.3368421052631579
76670,7,11,18,0.4166666666666667
76771,5,2,7,0.2
76796,8,43,51,0.22591362126245848
76825,17,64,81,0.3435897435897436
76831,14,25,39,0.5292307692307693
76834,45,61,106,0.2590990990990991
76843,25,39,64,0.5180023228803716
76860,10,31,41,0.31048387096774194
76960,14,2,16,0.3516483516483517
77086,9,79,88,0.2074001947419669
77167,27,14,41,0.6324786324786325
77171,33,24,57,0.40853658536585363
77173,15,35,50,0.3195121951219512
77180,6,3,9,0.4666666666666667
77189,13,40,53,0.35517970401691334
77190,1,20,21,0.4142857142857143
77194,37,135,172,0.1895593869731801
77227,35,53,88,0.3142857142857143
77232,25,40,65,0.27070707070707073
77239,45,41,86,0.32393483709273185
77245,35,18,53,0.3427450980392157
77316,3,75,78,0.23027027027027028
77332,24,79,103,0.31225534477566996
77447,1,57,58,0.2161654135338346
77512,1,7,8,0.14285714285714285
77638,11,49,60,0.3248979591836735
78073,2,6,8,0.2
78175,8,10,18,0.4583333333333333
78178,9,17,26,0.3438735177865613
78276,1,13,14,0.08791208791208792
78297,5,27,32,0.21937321937321938
78351,2,50,52,0.19058823529411764
78362,33,81,114,0.3781121751025992
78455,3,21,24,0.16666666666666666
78461,7,16,23,0.051470588235294115
78536,5,1,6,0.3333333333333333
78547,4,21,25,0.18181818181818182
78551,1,9,10,0.08888888888888889
78626,1,0,1,0.0
78657,13,22,35,0.16615384615384615
78666,3,28,31,0.1693121693121693
78714,3,4,7,0.06666666666666667
78866,4,21,25,0.15151515151515152
78869,6,40,46,0.20256410256410257
78887,6,16,22,0.19166666666666668
79139,14,70,84,0.2929984779299848
79187,11,72,83,0.2454054054054054
79268,6,12,18,0.15151515151515152
79397,5,8,13,0.4642857142857143
79401,4,30,34,0.1425287356321839
79477,13,35,48,0.27801268498942916
79530,14,22,36,0.24923076923076923
79539,25,36,61,0.3633633633633634
79581,10,12,22,0.11904761904761904
79740,7,144,151,0.19716394716394717
79760,12,116,128,0.36019283746556474
79841,3,8,11,0.10714285714285714
79869,13,31,44,0.10121457489878542
79953,1,89,90,0.14938712972420837
79970,22,27,49,0.2215909090909091
80130,1,2,3,1.0
80254,1,8,9,0.39285714285714285
80298,10,82,92,0.27762722071665163
80485,1,11,12,0.34545454545454546
80501,4,30,34,0.2160919540229885
80502,14,20,34,0.36243386243386244
80687,1,18,19,0.30718954248366015
80892,6,53,59,0.30774410774410776
80984,3,30,33,0.3586206896551724
81181,10,61,71,0.1885245901639344
81222,6,40,46,0.29152148664343785
81227,2,55,57,0.2895622895622896
81336,1,6,7,0.6
81480,2,8,10,0.25
81576,7,24,31,0.43333333333333335
81664,4,19,23,0.13450292397660818
81683,5,22,27,0.5714285714285714
81789,12,197,209,0.18305190096343105
81795,4,16,20,0.06666666666666667
81841,5,22,27,0.17316017316017315
81842,3,24,27,0.2210144927536232
81851,1,14,15,0.23076923076923078
81869,10,18,28,0.29411764705882354
81883,6,12,18,0.14166666666666666
81925,4,12,16,0.16666666666666666
81941,17,96,113,0.2865388579674294
81986,3,57,60,0.16040100250626566
82038,12,38,50,0.39591836734693875
82043,2,9,11,0.3333333333333333
82507,4,5,9,0.47619047619047616
82622,9,13,22,0.175
82623,1,15,16,0.3523809523809524
82707,4,26,30,0.12807881773399016
82792,6,18,24,0.4263157894736842
82804,6,47,53,0.2960222016651249
82948,2,13,15,0.2692307692307692
82961,7,23,30,0.17666666666666667
83025,3,10,13,0.4393939393939394
83086,6,24,30,0.24
83093,3,24,27,0.42028985507246375
83096,23,63,86,0.3593350383631714
83114,5,100,105,0.14385556202679092
83150,4,10,14,0.2
83232,1,8,9,0.25
83261,3,10,13,0.10909090909090909
83284,3,69,72,0.3619047619047619
83297,2,18,20,0.1568627450980392
83362,11,13,24,0.34558823529411764
83374,23,24,47,0.16307692307692306
83376,1,1,2,0.0
83393,15,40,55,0.3001107419712071
83411,3,12,15,0.2909090909090909
83434,7,14,21,0.20952380952380953
83519,25,23,48,0.08620689655172414
83654,4,20,24,0.20476190476190476
83678,9,10,19,0.2
83700,12,41,53,0.48414376321353064
84018,6,25,31,0.38
84034,18,119,137,0.3189004415325452
84062,2,19,21,0.3391812865497076
84096,2,12,14,0.21212121212121213
84225,7,17,24,0.35294117647058826
84229,10,22,32,0.35
84376,20,132,152,0.27426775894961286
84392,1,57,58,0.300125313283208
84440,5,14,19,0.2875816993464052
84446,3,12,15,0.3181818181818182
84474,2,17,19,0.16176470588235295
84741,4,26,30,0.12923076923076923
84831,6,9,15,0.5757575757575758
84841,3,19,22,0.34502923976608185
84872,14,41,55,0.3404255319148936
84935,5,20,25,0.2943722943722944
85140,4,27,31,0.50997150997151
85143,3,62,65,0.134152585765489
85147,6,78,84,0.28497241155469005
85173,4,23,27,0.39492753623188404
85188,12,19,31,0.20948616600790515
85193,19,18,37,0.12857142857142856
85208,5,9,14,0.4
85221,16,11,27,0.32748538011695905
85231,6,20,26,0.3952569169960474
85246,9,39,48,0.26045883940620784
85371,2,1,3,0.0
85470,15,21,36,0.44
85520,5,22,27,0.25691699604743085
85586,7,13,20,0.21578947368421053
85589,15,34,49,0.3792172739541161
85698,2,13,15,0.16483516483516483
85962,1,9,10,0.3888888888888889
86021,3,8,11,0.3055555555555556
86039,4,43,47,0.3023255813953488
86097,10,69,79,0.1888320545609548
86130,5,14,19,0.24761904761904763
86249,1,38,39,0.2603129445234708
86297,0,29,29,0.4458128078817734
86424,4,0,4,0.3333333333333333
86551,5,35,40,0.19663865546218487
86585,7,91,98,0.28595848595848594
86684,1,41,42,0.18902439024390244
86831,1,25,26,0.2633333333333333
87012,2,72,74,0.22809076682316118
87071,4,50,54,0.4180392156862745
87083,1,19,20,0.5368421052631579
87137,11,9,20,0.24242424242424243
87144,1,2,3,0.0
87203,4,45,49,0.30404040404040406
87208,7,12,19,0.3076923076923077
87214,1,1,2,0.0
87330,18,21,39,0.2572463768115942
87362,3,5,8,0.38095238095238093
87365,3,73,76,0.18493150684931506
87396,3,16,19,0.22794117647058823
87497,3,27,30,0.3333333333333333
87535,5,7,12,0.047619047619047616
87598,17,25,42,0.5444444444444444
87830,6,40,46,0.29036004645760743
88017,4,18,22,0.5631578947368421
88039,22,33,55,0.40620782726045884
88045,35,62,97,0.31569425599276346
88105,4,42,46,0.23809523809523808
88136,3,77,80,0.20912420912420912
88154,6,57,63,0.2764670296430732
88215,14,64,78,0.10673903211216644
88225,7,18,25,0.2573099415204678
88238,15,37,52,0.27167019027484146
88359,4,2,6,0.0
88387,2,12,14,0.6373626373626373
88399,5,30,35,0.23440860215053763
88522,3,3,6,0.3333333333333333
88657,9,32,41,0.373109243697479
88660,16,25,41,0.38571428571428573
88664,9,16,25,0.33088235294117646
88672,15,22,37,0.2
88675,9,49,58,0.2211764705882353
88817,19,31,50,0.1568627450980392
88819,1,20,21,0.2631578947368421
88831,3,24,27,0.23384615384615384
88835,4,9,13,0.5833333333333334
89176,6,8,14,0.3055555555555556
89299,1,24,25,0.2753623188405797
89324,2,11,13,0.38181818181818183
89428,0,50,50,0.19673469387755102
89445,9,3,12,0.6444444444444445
89523,4,11,15,0.41818181818181815
89629,8,168,176,0.23838038209295695
89659,3,5,8,0.2
89723,4,23,27,0.20553359683794467
89728,3,40,43,0.3621951219512195
89730,7,47,54,0.4220408163265306
89738,6,1,7,0.06666666666666667
89740,5,21,26,0.24675324675324675
89750,8,5,13,0.2222222222222222
89805,34,91,125,0.33768146433831264
89809,3,26,29,0.2804232804232804
89991,1,41,42,0.34146341463414637
90082,3,12,15,0.16666666666666666
90134,3,70,73,0.25508607198748046
90240,3,34,37,0.2638146167557932
90258,7,4,11,0.2222222222222222
90381,1,28,29,0.19576719576719576
90466,4,58,62,0.35511191772534784
90489,1,57,58,0.19987468671679198
90515,3,30,33,0.1975806451612903
90534,3,75,78,0.22234234234234235
90593,1,2,3,1.0
90640,7,55,62,0.2807017543859649
90641,27,60,87,0.252414398595259
90746,10,17,27,0.43478260869565216
90748,3,3,6,0.5
90847,7,17,24,0.2426470588235294
90879,1,7,8,0.23809523809523808
91086,3,45,48,0.25507246376811593
91362,5,57,62,0.21052631578947367
91370,2,16,18,0.2833333333333333
91458,3,21,24,0.32857142857142857
91555,6,30,36,0.5080645161290323
91566,3,10,13,0.2
91582,9,96,105,0.13402061855670103
91814,2,3,5,0.2
91888,6,3,9,0.2
91898,5,10,15,0.23636363636363636
91909,0,4,4,0.3333333333333333
91969,2,20,22,0.25263157894736843
91989,7,24,31,0.5760869565217391
92114,1,2,3,0.0
92146,2,17,19,0.11764705882352941
92174,14,69,83,0.4405797101449275
92196,7,90,97,0.14652014652014653
92221,6,119,125,0.13249299719887955
92260,6,69,75,0.3175618073316283
92272,2,11,13,0.25757575757575757
92301,12,31,43,0.3186344238975818
92313,1,45,46,0.2570048309178744
92348,8,33,41,0.25210084033613445
92389,4,4,8,0.6666666666666666
92409,13,17,30,0.5263157894736842
92548,4,9,13,0.15384615384615385
92580,8,39,47,0.2726045883940621
92846,5,15,20,0.09523809523809523
92879,2,4,6,0.0
92894,12,66,78,0.4401656314699793
92965,9,100,109,0.24728726442033125
92983,3,22,25,0.4199134199134199
93057,6,33,39,0.36363636363636365
93060,14,28,42,0.3487903225806452
93064,19,18,37,0.20526315789473684
93067,13,58,71,0.22263352723426758
93086,2,2,4,0.0
93097,16,38,54,0.22201665124884365
93141,10,17,27,0.3137254901960784
93194,0,8,8,0.14285714285714285
93219,3,26,29,0.2123076923076923
93220,6,117,123,0.18272914824638964
93249,2,42,44,0.2757475083056478
93326,8,100,108,0.1911288787359604
93422,9,22,31,0.09090909090909091
93644,3,6,9,0.26666666666666666
93717,5,69,74,0.1453537936913896
93861,6,8,14,0.045454545454545456
93873,20,17,37,0.11375661375661375
93876,5,12,17,0.08823529411764706
93953,12,55,67,0.19675324675324676
94095,1,22,23,0.19913419913419914
94096,11,54,65,0.17777777777777778
94211,1,1,2,0.0
94243,9,36,45,0.3396825396825397
94300,16,13,29,0.27898550724637683
94508,1,29,30,0.3891625615763547
94533,3,5,8,0.42857142857142855
94642,6,45,51,0.4514338575393155
94735,4,17,21,0.2647058823529412
94804,1,8,9,0.4642857142857143
94852,10,73,83,0.3786149162861492
94872,1,9,10,0.19444444444444445
94903,1,32,33,0.16129032258064516
94906,8,6,14,0.42857142857142855
95121,10,21,31,0.4308300395256917
95139,15,18,33,0.2761904761904762
95283,8,20,28,0.30952380952380953
95292,12,15,27,0.5416666666666666
95522,1,13,14,0.358974358974359
95555,6,6,12,0.2909090909090909
95676,7,47,54,0.2579787234042553
95694,2,17,19,0.3382352941176471
95712,4,33,37,0.26136363636363635
95772,1,22,23,0.2510822510822511
95773,3,71,74,0.2740442655935614
95842,10,41,51,0.26356589147286824
95940,3,5,8,0.42857142857142855
95942,14,0,14,0.14285714285714285
96362,3,13,16,0.20512820512820512
96573,2,8,10,0.3055555555555556
96680,2,21,23,0.26406926406926406
96791,15,31,46,0.2823529411764706
97132,7,21,28,0.15714285714285714
97368,1,18,19,0.3137254901960784
97643,5,70,75,0.18799171842650103
97780,3,14,17,0.2087912087912088
97795,20,8,28,0.2648221343873518
98053,2,4,6,0.1
98112,2,11,13,0.10606060606060606
98175,6,14,20,0.22058823529411764
98191,3,47,50,0.3333333333333333
98274,2,4,6,0.0
98363,0,28,28,0.18253968253968253
98583,1,3,4,0.0
98645,10,15,25,0.2761904761904762
98704,10,73,83,0.2601801801801802
98818,2,102,104,0.1634634051640458
98828,3,2,5,0.0
98929,0,58,58,0.24682395644283123
98973,5,69,74,0.26749482401656316
99540,4,54,58,0.16352201257861634
99591,2,21,23,0.15714285714285714
99598,2,26,28,0.27350427350427353
99612,4,21,25,0.20553359683794467
99613,1,9,10,0.2777777777777778
99688,3,8,11,0.1111111111111111
99717,2,4,6,0.3333333333333333
99719,1,23,24,0.3794466403162055
99828,7,28,35,0.09359605911330049
99895,11,44,55,0.4222222222222222
99940,2,62,64,0.18561607615018508
99941,3,17,20,0.16911764705882354
100064,1,10,11,0.23636363636363636
100495,1,3,4,0.3333333333333333
100549,2,16,18,0.35
100565,3,58,61,0.42598870056497173
100589,3,34,37,0.30303030303030304
100822,7,14,21,0.2222222222222222
101006,1,19,20,0.1286549707602339
101064,5,50,55,0.1510204081632653
101154,1,5,6,0.3333333333333333
101162,1,3,4,0.0
101178,1,5,6,0.26666666666666666
101187,1,6,7,0.26666666666666666
101295,4,30,34,0.22298850574712645
101425,5,38,43,0.27125506072874495
101442,14,41,55,0.37514518002322883
101555,2,22,24,0.2683982683982684
101587,4,38,42,0.2503556187766714
101589,11,13,24,0.21904761904761905
101782,6,29,35,0.4039408866995074
102191,1,17,18,0.22058823529411764
102203,2,23,25,0.3794466403162055
102214,2,3,5,0.16666666666666666
102500,3,11,14,0.24242424242424243
102757,1,1,2,0.0
103030,1,10,11,0.15555555555555556
103046,1,5,6,0.4
103136,1,23,24,0.4384057971014493
103238,9,14,23,0.21212121212121213
103302,1,1,2,0.0
103430,6,50,56,0.363265306122449
103516,20,17,37,0.4656084656084656
103519,8,46,54,0.442512077294686
103521,19,22,41,0.2821969696969697
103529,3,37,40,0.2361308677098151
103831,5,1,6,0.6666666666666666
103975,4,37,41,0.2631578947368421
104091,1,5,6,0.2
104109,2,2,4,0.0
104286,5,20,25,0.23157894736842105
104431,4,17,21,0.3567251461988304
104432,8,24,32,0.30153846153846153
104440,2,38,40,0.24182076813655762
104441,13,106,119,0.2997577016268605
104451,5,27,32,0.20105820105820105
104464,3,5,8,0.3
104495,9,30,39,0.3084677419354839
104506,17,102,119,0.18294308014467922
104595,2,11,13,0.07272727272727272
104642,2,9,11,0.3333333333333333
104774,5,6,11,0.3333333333333333
104817,2,11,13,0.23636363636363636
104852,9,1,10,0.15555555555555556
105041,1,17,18,0.14705882352941177
105291,8,22,30,0.28
105408,5,13,18,0.4358974358974359
105738,3,5,8,0.2
106290,5,28,33,0.18518518518518517
106291,2,2,4,1.0
106361,15,2,17,0.4852941176470588
106697,2,15,17,0.1523809523809524
106870,18,107,125,0.24845706224651737
106949,3,28,31,0.3994708994708995
107132,3,42,45,0.20557491289198607
107144,6,33,39,0.24064171122994651
107379,1,54,55,0.2697414395527603
107418,4,6,10,0.5333333333333333
107495,3,23,26,0.2427536231884058
107843,3,6,9,0.38095238095238093
107849,2,4,6,0.6
108134,2,43,45,0.1716500553709856
108193,4,10,14,0.20512820512820512
108298,2,22,24,0.16883116883116883
108345,1,43,44,0.22702104097452935
108389,14,35,49,0.26884779516358465
108550,3,3,6,0.5
108551,3,14,17,0.20833333333333334
108679,20,14,34,0.38961038961038963
108738,1,47,48,0.2904717853839038
108752,6,12,18,0.24175824175824176
108827,3,26,29,0.1753846153846154
108981,0,8,8,0.07142857142857142
109165,1,60,61,0.19548022598870057
109239,2,30,32,0.19153225806451613
109289,7,12,19,0.45714285714285713
109382,23,20,43,0.5846560846560847
109392,6,36,42,0.34285714285714286
109395,10,52,62,0.28754208754208754
109399,10,26,36,0.3448275862068966
109508,6,16,22,0.16666666666666666
109528,4,1,5,0.0
109594,3,14,17,0.19047619047619047
109732,1,4,5,0.4
110017,6,88,94,0.33401430030643514
110063,3,27,30,0.1737891737891738
110096,7,17,24,0.1871345029239766
110108,1,11,12,0.43636363636363634
110137,4,11,15,0.18181818181818182
110177,9,26,35,0.3620689655172414
110185,2,10,12,0.28888888888888886
110224,2,10,12,0.25757575757575757
110435,7,43,50,0.1406423034330011
110485,5,30,35,0.2897727272727273
110495,4,1,5,0.2
110524,1,16,17,0.39166666666666666
110569,0,124,124,0.1854183057959612
110604,1,8,9,0.5
110708,10,1,11,0.2909090909090909
110910,1,21,22,0.13333333333333333
110968,2,16,18,0.23529411764705882
111066,1,13,14,0.2857142857142857
111201,8,32,40,0.36185383244206776
111288,1,7,8,0.25
111392,1,26,27,0.28
111403,8,12,20,0.3161764705882353
111593,1,7,8,0.38095238095238093
111895,3,56,59,0.30137844611528825
111933,5,12,17,0.23333333333333334
112080,5,12,17,0.08333333333333333
112317,1,4,5,0.0
112626,2,18,20,0.5424836601307189
112633,7,23,30,0.5026455026455027
113077,5,18,23,0.4502923976608187
113241,3,48,51,0.2774822695035461
113277,3,5,8,0.2
113369,24,51,75,0.3927527761542957
113476,11,37,48,0.3738738738738739
113572,2,15,17,0.17647058823529413
113720,1,5,6,0.2
113932,1,19,20,0.12280701754385964
113937,2,10,12,0.21818181818181817
114146,0,16,16,0.2
114243,8,26,34,0.28774928774928776
114427,5,6,11,0.13333333333333333
114443,3,20,23,0.23376623376623376
114468,3,39,42,0.2280487804878049
114625,4,30,34,0.41839080459770117
114676,2,35,37,0.33949579831932775
114771,9,51,60,0.13333333333333333
115040,13,25,38,0.3476923076923077
115124,1,11,12,0.4
115381,3,3,6,0.3333333333333333
115398,1,9,10,0.4
115432,4,29,33,0.20689655172413793
115775,3,82,85,0.14888123924268504
115917,3,21,24,0.3619047619047619
115921,1,7,8,0.38095238095238093
115940,1,34,35,0.3315508021390374
116045,3,9,12,0.1111111111111111
116070,7,69,76,0.18551307847082496
116427,5,19,24,0.1871345029239766
116497,1,9,10,0.4166666666666667
116844,9,17,26,0.27450980392156865
116925,1,1,2,0.0
117793,17,71,88,0.2865296803652968
117874,19,25,44,0.2367816091954023
118103,1,24,25,0.3442028985507246
118104,2,29,31,0.19310344827586207
118139,9,29,38,0.2832512315270936
118248,3,1,4,0.0
118325,6,7,13,0.7857142857142857
118383,3,31,34,0.1827956989247312
118426,2,14,16,0.10989010989010989
118735,1,12,13,0.2692307692307692
118754,1,28,29,0.291005291005291
118781,1,6,7,0.13333333333333333
118786,2,5,7,0.8
118795,2,5,7,0.7
118964,9,40,49,0.2987179487179487
119434,4,1,5,0.0
119556,2,0,2,0.0
119565,1,7,8,0.47619047619047616
119661,12,41,53,0.34249471458773784
119932,1,7,8,0.8571428571428571
119954,2,5,7,0.4
119958,2,7,9,0.23809523809523808
120031,1,13,14,0.23076923076923078
120066,2,17,19,0.18382352941176472
120094,10,29,39,0.1471264367816092
120147,4,35,39,0.4069069069069069
120309,2,10,12,0.18181818181818182
120396,10,22,32,0.23809523809523808
120435,5,15,20,0.1619047619047619
120462,1,38,39,0.25604551920341395
120696,2,69,71,0.1577152600170503
120700,2,2,4,0.3333333333333333
120892,7,10,17,0.17582417582417584
120900,2,3,5,0.0
121052,0,53,53,0.23222060957910015
121078,2,18,20,0.27485380116959063
121195,6,57,63,0.16636418632788869
121700,0,13,13,0.1794871794871795
121790,1,2,3,0.0
122030,9,30,39,0.4756302521008403
122165,1,26,27,0.36923076923076925
122176,4,68,72,0.3880597014925373
122337,1,5,6,0.3
122375,15,47,62,0.3552941176470588
122528,9,93,102,0.19440089585666293
122541,1,13,14,0.15384615384615385
122715,1,3,4,0.16666666666666666
122726,1,24,25,0.3433333333333333
122740,4,26,30,0.2953846153846154
122757,1,156,157,0.2108354011579818
122949,3,19,22,0.21578947368421053
123103,2,6,8,0.26666666666666666
123232,13,16,29,0.20588235294117646
123423,2,3,5,0.16666666666666666
123440,14,16,30,0.4095238095238095
123467,2,9,11,0.13333333333333333
123775,4,6,10,0.5333333333333333
124286,1,24,25,0.2717391304347826
124330,2,33,35,0.10037878787878787
124353,7,32,39,0.42245989304812837
124457,0,24,24,0.20652173913043478
124520,3,37,40,0.34684684684684686
124588,1,3,4,0.6666666666666666
124597,4,13,17,0.23076923076923078
124718,3,16,19,0.2833333333333333
125196,1,19,20,0.23976608187134502
125212,5,14,19,0.29523809523809524
125225,4,17,21,0.23976608187134502
125256,4,13,17,0.37362637362637363
125261,5,45,50,0.41352657004830917
125268,8,30,38,0.19080459770114944
125349,3,6,9,0.5238095238095238
125652,3,2,5,0.3333333333333333
125731,4,23,27,0.13043478260869565
125732,1,3,4,0.0
125794,0,26,26,0.19384615384615383
125869,6,33,39,0.17803030303030304
125979,2,7,9,0.35714285714285715
126126,19,22,41,0.2955665024630542
126225,3,3,6,0.16666666666666666
126314,2,14,16,0.3626373626373626
126416,2,2,4,0.0
126552,3,22,25,0.3438735177865613
126579,4,17,21,0.3660130718954248
126638,11,44,55,0.26734505087881594
126649,2,6,8,0.3333333333333333
126919,5,7,12,0.3333333333333333
127655,3,7,10,0.23809523809523808
127681,2,37,39,0.19519519519519518
127682,6,17,23,0.34558823529411764
127734,9,80,89,0.30884513664413754
128057,1,7,8,0.14285714285714285
128201,17,2,19,0.3333333333333333
128650,2,47,49,0.29521276595744683
129125,1,20,21,0.32105263157894737
129153,0,2,2,1.0
129218,2,11,13,0.36363636363636365
129425,8,22,30,0.13768115942028986
129951,1,54,55,0.3829489867225716
130429,1,1,2,0.0
130457,11,75,86,0.3365765765765766
130565,4,12,16,0.5047619047619047
130594,1,14,15,0.3626373626373626
130704,0,24,24,0.16666666666666666
130904,5,21,26,0.23809523809523808
130986,2,28,30,0.15517241379310345
131499,2,47,49,0.29879740980573544
131501,2,21,23,0.5
131555,3,76,79,0.2733333333333333
131560,3,60,63,0.1497175141242938
131770,4,20,24,0.2714285714285714
131910,0,11,11,0.38181818181818183
131916,2,1,3,0.0
132150,4,25,29,0.27666666666666667
132410,4,47,51,0.3681972789115646
132444,2,71,73,0.3055555555555556
132483,7,12,19,0.07575757575757576
132513,2,21,23,0.15714285714285714
132596,4,24,28,0.2826086956521739
132684,7,40,47,0.4205128205128205
132728,2,20,22,0.5368421052631579
132736,5,40,45,0.32868757259001163
132743,8,14,22,0.375
132960,13,43,56,0.3580018501387604
133010,11,7,18,0.27472527472527475
133112,9,50,59,0.15535444947209653
133116,5,39,44,0.12435897435897436
133349,4,21,25,0.2463768115942029
133415,1,29,30,0.37438423645320196
133439,1,61,62,0.24262295081967214
133443,6,93,99,0.24365133836650651
133618,2,3,5,0.0
133684,0,6,6,0.0
133746,6,15,21,0.37142857142857144
133750,2,90,92,0.1822721598002497
133837,1,9,10,0.6944444444444444
133868,0,59,59,0.2261835184102864
133974,2,2,4,0.5
134426,7,25,32,0.22
134443,7,26,33,0.31216931216931215
134480,13,26,39,0.38746438746438744
134519,5,28,33,0.20899470899470898
134558,1,10,11,0.16363636363636364
134637,1,6,7,0.13333333333333333
134846,3,21,24,0.26406926406926406
134957,5,41,46,0.3333333333333333
135185,5,1,6,0.7
135422,3,3,6,0.6666666666666666
135607,3,77,80,0.34005468215994533
135656,7,33,40,0.3126050420168067
135800,2,2,4,0.0
135821,1,49,50,0.35374149659863946
135929,1,14,15,0.21978021978021978
136050,8,8,16,0.3333333333333333
136236,3,2,5,0.2
136386,8,15,23,0.325
136420,5,53,58,0.1683599419448476
136446,2,42,44,0.1997677119628339
136719,3,16,19,0.3897058823529412
136879,2,2,4,0.16666666666666666
136888,7,8,15,0.6785714285714286
136904,4,50,54,0.2808163265306122
137119,1,2,3,0.0
137174,2,0,2,0.0
137199,3,29,32,0.432183908045977
137586,1,12,13,0.2727272727272727
137637,2,24,26,0.17391304347826086
137649,2,9,11,0.2222222222222222
137650,6,18,24,0.1286549707602339
137693,1,23,24,0.3201581027667984
138030,1,2,3,1.0
138170,2,12,14,0.2878787878787879
138202,2,47,49,0.24699352451433856
138529,4,94,98,0.1574468085106383
138663,7,24,31,0.24923076923076923
138769,11,22,33,0.4131054131054131
138795,4,39,43,0.16869095816464239
139097,1,53,54,0.1806966618287373
139113,4,48,52,0.4033687943262411
139150,2,52,54,0.1817496229260935
139151,5,28,33,0.12962962962962962
139488,5,28,33,0.12962962962962962
139558,1,1,2,0.0
139812,2,1,3,0.0
139896,1,22,23,0.19047619047619047
139996,1,1,2,0.0
140044,1,10,11,0.23636363636363636
140375,2,21,23,0.22857142857142856
140416,1,2,3,1.0
141252,2,11,13,0.2545454545454545
141503,1,7,8,0.5714285714285714
141889,4,85,89,0.17647058823529413
142227,3,32,35,0.39015151515151514
142231,1,12,13,0.23076923076923078
142234,1,9,10,0.05555555555555555
142319,4,1,5,0.4
142322,3,4,7,0.5
142360,1,30,31,0.296551724137931
142605,4,14,18,0.26666666666666666
142628,2,12,14,0.21794871794871795
143209,2,22,24,0.2727272727272727
143367,1,4,5,0.16666666666666666
143368,1,6,7,0.4
143825,4,57,61,0.3283208020050125
143828,1,33,34,0.32575757575757575
143854,2,15,17,0.15833333333333333
143867,4,44,48,0.2868686868686869
143887,2,111,113,0.2882882882882883
143940,12,8,20,0.24166666666666667
143977,14,15,29,0.3382352941176471
143996,2,5,7,0.1
144026,3,45,48,0.293719806763285
144159,3,60,63,0.26994535519125684
144412,5,43,48,0.28903654485049834
144461,4,42,46,0.24363233665559247
144560,4,31,35,0.2709677419354839
144570,0,36,36,0.23809523809523808
144804,1,43,44,0.22702104097452935
145033,2,24,26,0.29347826086956524
145233,0,18,18,0.37254901960784315
145323,5,24,29,0.2
145333,2,5,7,0.1
145672,1,32,33,0.1774193548387097
145759,4,9,13,0.38181818181818183
145836,1,11,12,0.34545454545454546
145894,6,56,62,0.2299498746867168
145895,7,30,37,0.25517241379310346
146033,5,17,22,0.38235294117647056
146082,0,20,20,0.16842105263157894
146316,4,62,66,0.22427035330261136
146452,3,11,14,0.16666666666666666
146465,7,13,20,0.14102564102564102
146466,1,1,2,0.0
146661,1,0,1,0.0
146890,1,39,40,0.203778677462888
147126,3,39,42,0.4564102564102564
147136,11,48,59,0.28627450980392155
147138,2,103,105,0.24176660955644394
147381,20,14,34,0.341991341991342
147390,2,81,83,0.18333333333333332
147646,1,2,3,0.0
147720,3,117,120,0.28668694770389685
147767,4,61,65,0.13879781420765028
148366,13,8,21,0.358974358974359
148473,3,33,36,0.13446969696969696
148853,16,21,37,0.6218487394957983
148858,5,6,11,0.25
149433,2,6,8,0.2
149699,2,53,55,0.25616835994194487
150173,9,14,23,0.19883040935672514
150202,13,51,64,0.34711779448621555
150578,3,2,5,0.0
150677,4,72,76,0.19140030441400305
150678,1,9,10,0.05555555555555555
151469,4,23,27,0.213768115942029
151735,1,3,4,0.0
151850,6,14,20,0.4
151885,1,18,19,0.32679738562091504
151949,0,2,2,1.0
152202,3,25,28,0.6123076923076923
152264,7,19,26,0.19883040935672514
152512,9,33,42,0.29545454545454547
152791,2,19,21,0.2631578947368421
152834,1,56,57,0.22857142857142856
152982,2,55,57,0.3925925925925926
153049,1,23,24,0.1422924901185771
153110,4,44,48,0.16578014184397163
153143,2,5,7,0.3
153148,1,6,7,0.13333333333333333
153197,2,34,36,0.22638146167557932
153209,2,51,53,0.22926093514328807
153628,6,33,39,0.11174242424242424
153756,2,21,23,0.34285714285714286
153793,4,35,39,0.21176470588235294
153807,2,8,10,0.3055555555555556
153950,7,10,17,0.21666666666666667
153971,8,25,33,0.3475783475783476
154216,4,13,17,0.5384615384615384
154385,1,7,8,0.2857142857142857
154663,1,2,3,0.0
155144,1,9,10,0.1388888888888889
155145,1,16,17,0.24166666666666667
155251,1,19,20,0.2631578947368421
155490,3,17,20,0.13071895424836602
155638,6,1,7,0.5238095238095238
155640,6,67,73,0.20332480818414322
155716,10,17,27,0.2490118577075099
155771,17,31,48,0.38743961352657
156223,1,20,21,0.2619047619047619
156286,3,13,16,0.44761904761904764
156320,0,27,27,0.245014245014245
156354,1,7,8,0.047619047619047616
156470,2,44,46,0.23737373737373738
156773,4,22,26,0.329004329004329
156780,1,7,8,0.14285714285714285
156886,3,23,26,0.3241106719367589
157019,0,11,11,0.2
157606,4,7,11,0.21428571428571427
157884,2,16,18,0.24166666666666667
158057,3,38,41,0.15519568151147098
158138,0,59,59,0.20689655172413793
158210,3,11,14,0.12121212121212122
158334,0,4,4,0.8333333333333334
158577,5,17,22,0.18128654970760233
158692,1,4,5,0.3333333333333333
158733,1,17,18,0.1323529411764706
158742,1,21,22,0.07142857142857142
158743,1,15,16,0.3
158778,3,69,72,0.28005115089514065
158780,5,32,37,0.3407258064516129
158918,5,21,26,0.19480519480519481
159259,1,65,66,0.5600961538461539
159956,2,8,10,0.32142857142857145
159960,1,8,9,0.19444444444444445
160050,2,11,13,0.16666666666666666
160170,2,6,8,0.26666666666666666
160171,1,37,38,0.16516516516516516
160435,2,28,30,0.18253968253968253
160541,5,81,86,0.14423366455886782
160610,1,7,8,0.09523809523809523
160613,4,0,4,0.6666666666666666
160623,1,4,5,0.4
160627,6,31,37,0.2923387096774194
160723,3,12,15,0.25757575757575757
161283,1,9,10,0.3611111111111111
161446,1,4,5,0.16666666666666666
161585,3,22,25,0.2727272727272727
161618,0,1,1,0.0
161904,2,27,29,0.358974358974359
162417,2,20,22,0.18421052631578946
162605,7,15,22,0.3235294117647059
162874,18,37,55,0.2414431082331175
162876,3,34,37,0.33689839572192515
162949,1,17,18,0.4117647058823529
163479,4,89,93,0.3153728294177732
163604,1,10,11,0.1111111111111111
163640,5,46,51,0.5333333333333333
163652,2,14,16,0.1978021978021978
163687,2,58,60,0.205686630369026
163817,3,14,17,0.16483516483516483
164025,3,8,11,0.35714285714285715
164123,1,33,34,0.2840909090909091
164186,2,4,6,0.4666666666666667
164436,1,23,24,0.1067193675889328
164533,3,11,14,0.2909090909090909
164669,3,3,6,0.0
164749,2,13,15,0.5256410256410257
165397,0,23,23,0.32806324110671936
165968,2,27,29,0.43304843304843305
166318,7,28,35,0.34656084656084657
166851,3,7,10,0.14285714285714285
166997,5,27,32,0.30687830687830686
167171,2,6,8,0.3333333333333333
167495,7,36,43,0.21746031746031746
167535,3,6,9,0.35714285714285715
167554,4,24,28,0.4492307692307692
167632,1,3,4,0.5
167748,3,24,27,0.43666666666666665
167830,1,16,17,0.2833333333333333
168073,2,0,2,0.0
168378,1,14,15,0.17582417582417584
168383,0,13,13,0.15384615384615385
168510,2,11,13,0.41818181818181815
168720,2,56,58,0.2857142857142857
168735,1,12,13,0.038461538461538464
170426,2,2,4,1.0
170529,5,36,41,0.29429429429429427
170561,2,54,56,0.2697414395527603
170599,1,8,9,0.10714285714285714
170861,4,9,13,0.5384615384615384
171053,1,43,44,0.2912513842746401
171055,1,1,2,0.0
171245,1,1,2,0.0
171373,7,15,22,0.12380952380952381
171515,8,17,25,0.19852941176470587
171784,3,25,28,0.23
171803,3,7,10,0.35714285714285715
171937,1,6,7,0.0
172359,7,13,20,0.47435897435897434
173082,3,12,15,0.4358974358974359
173302,1,6,7,0.3333333333333333
173984,3,9,12,0.25
174022,1,27,28,0.22792022792022792
174436,5,18,23,0.0915032679738562
174511,3,8,11,0.25
174878,3,4,7,0.5
174946,1,2,3,0.0
175790,1,7,8,0.5357142857142857
175955,1,4,5,0.6666666666666666
176513,1,126,127,0.17117460317460317
176561,0,34,34,0.22638146167557932
176868,6,21,27,0.45454545454545453
176870,1,18,19,0.2549019607843137
177174,2,19,21,0.3684210526315789
177323,1,17,18,0.30718954248366015
177329,1,12,13,0.13636363636363635
177903,0,2,2,1.0
177949,0,1,1,0.0
178119,2,10,12,0.3787878787878788
178362,4,3,7,0.3333333333333333
178845,1,48,49,0.21897163120567376
179360,0,24,24,0.2210144927536232
179424,2,15,17,0.4857142857142857
179436,1,2,3,0.3333333333333333
179661,4,23,27,0.42292490118577075
179735,5,7,12,0.32727272727272727
180026,2,38,40,0.310099573257468
180275,4,13,17,0.1282051282051282
180544,4,8,12,0.5277777777777778
180565,4,62,66,0.29349550502379695
181986,3,66,69,0.2219114219114219
182090,3,6,9,0.2
182216,2,4,6,0.16666666666666666
182532,15,35,50,0.43174603174603177
182736,1,9,10,0.19444444444444445
182959,4,4,8,0.2
183260,2,36,38,0.25873015873015875
184880,4,52,56,0.1975867269984917
185457,2,31,33,0.23790322580645162
185593,2,26,28,0.23384615384615384
185829,3,78,81,0.11921411921411922
186116,2,2,4,0.0
187452,1,14,15,0.0989010989010989
187548,3,58,61,0.2863822326125073
187783,2,30,32,0.4436781609195402
187841,1,53,54,0.2808417997097242
188247,7,48,55,0.26684397163120566
188279,2,15,17,0.37142857142857144
188292,2,9,11,0.08333333333333333
189179,4,23,27,0.23715415019762845
189230,1,14,15,0.4065934065934066
189540,1,5,6,0.1
189632,2,26,28,0.30153846153846153
190535,5,10,15,0.38181818181818183
191006,2,51,53,0.3192156862745098
191138,1,4,5,0.5
191157,2,14,16,0.2967032967032967
191188,1,5,6,0.5
191293,2,14,16,0.3238095238095238
191294,1,9,10,0.28888888888888886
191328,1,1,2,0.0
191453,1,7,8,0.5714285714285714
191937,1,6,7,0.8666666666666667
192589,4,4,8,0.09523809523809523
193437,1,21,22,0.19047619047619047
193441,1,5,6,0.0
194488,1,2,3,0.3333333333333333
194987,2,2,4,0.0
195293,2,15,17,0.09523809523809523
195303,2,19,21,0.19883040935672514
195475,3,14,17,0.37362637362637363
195892,1,1,2,0.0
196083,1,33,34,0.19318181818181818
196096,1,10,11,0.2
196231,2,28,30,0.2962962962962963
196315,2,71,73,0.1778672032193159
196332,2,33,35,0.38636363636363635
196431,1,7,8,0.03571428571428571
196454,2,8,10,0.1388888888888889
196727,5,37,42,0.36186186186186187
196820,0,56,56,0.40974025974025974
197260,1,2,3,1.0
197361,1,5,6,0.2
197852,1,31,32,0.22365591397849463
198355,5,10,15,0.15555555555555556
198374,2,10,12,0.37777777777777777
198576,1,3,4,0.3333333333333333
199282,1,41,42,0.25609756097560976
199429,2,17,19,0.4338235294117647
199700,3,105,108,0.2512820512820513
200621,0,22,22,0.3333333333333333
200770,2,30,32,0.3632183908045977
201044,1,38,39,0.24893314366998578
201278,1,41,42,0.3304878048780488
202343,1,17,18,0.5147058823529411
202475,1,6,7,0.26666666666666666
202709,1,5,6,0.2
202858,1,19,20,0.19298245614035087
203338,0,19,19,0.19298245614035087
203617,1,2,3,0.3333333333333333
203727,1,3,4,0.0
204188,1,10,11,0.26666666666666666
205159,1,10,11,0.13333333333333333
205497,4,5,9,0.06666666666666667
205852,0,8,8,0.35714285714285715
205871,0,15,15,0.26666666666666666
206564,1,5,6,0.1
206632,0,21,21,0.3904761904761905
207067,1,14,15,0.5164835164835165
207222,0,39,39,0.1349527665317139
207702,3,6,9,0.8666666666666667
208650,1,16,17,0.11666666666666667
208701,1,16,17,0.14166666666666666
208957,1,36,37,0.25396825396825395
209813,3,25,28,0.3292307692307692
209965,0,10,10,0.2
210207,1,19,20,0.26900584795321636
210267,2,3,5,1.0
210605,1,12,13,0.5
211971,2,23,25,0.33992094861660077
212200,2,16,18,0.20833333333333334
212449,2,19,21,0.2222222222222222
212450,2,8,10,0.1388888888888889
213028,3,4,7,0.3333333333333333
213607,3,6,9,0.2
214134,1,19,20,0.30409356725146197
214580,1,44,45,0.30655391120507397
215028,3,49,52,0.23554421768707484
215296,2,63,65,0.25396825396825395
215360,2,10,12,0.38181818181818183
215513,3,16,19,0.48333333333333334
215565,2,26,28,0.39384615384615385
215905,2,13,15,0.10256410256410256
216168,3,62,65,0.19566367001586463
216707,0,10,10,0.2
217366,2,12,14,0.20512820512820512
217367,1,19,20,0.3508771929824561
217559,1,12,13,0.25757575757575757
218345,1,26,27,0.1753846153846154
218368,1,44,45,0.3192389006342495
219084,2,18,20,0.1568627450980392
219174,0,32,32,0.07459677419354839
219346,5,20,25,0.23157894736842105
221066,0,11,11,0.14545454545454545
221298,4,17,21,0.3382352941176471
221307,2,51,53,0.26509803921568625
221814,3,37,40,0.2987987987987988
222721,0,26,26,0.3507692307692308
222722,1,12,13,0.2692307692307692
223457,1,9,10,0.17777777777777778
223585,2,8,10,0.25
223586,1,2,3,0.0
224266,0,17,17,0.2647058823529412
224417,2,9,11,0.1111111111111111
224770,0,77,77,0.3332194121667806
225503,5,21,26,0.3241106719367589
225514,2,32,34,0.3870967741935484
225585,4,17,21,0.2867647058823529
225738,5,6,11,0.09523809523809523
228437,0,19,19,0.14619883040935672
230442,3,2,5,0.3333333333333333
230630,4,38,42,0.28591749644381226
231013,1,3,4,0.8333333333333334
231038,2,5,7,0.1
232987,4,37,41,0.32574679943101
233177,2,12,14,0.3787878787878788
233691,1,8,9,0.4722222222222222
235110,2,65,67,0.24711538461538463
235232,4,28,32,0.10582010582010581
236352,0,150,150,0.14487695749440715
236518,1,1,2,0.0
238636,1,8,9,0.21428571428571427
239795,0,6,6,0.26666666666666666
240048,2,10,12,0.17777777777777778
240394,1,37,38,0.22372372372372373
240530,5,7,12,0.2222222222222222
241656,4,54,58,0.16701607267645002
242254,3,8,11,0.17857142857142858
245627,4,20,24,0.24736842105263157
245689,1,4,5,0.5
246063,0,51,51,0.38901960784313727
247199,1,1,2,0.0
247667,1,7,8,0.35714285714285715
247668,1,10,11,0.18181818181818182
247956,1,13,14,0.20512820512820512
248754,5,9,14,0.2777777777777778
248755,4,5,9,0.6
249607,1,9,10,0.1388888888888889
249846,2,51,53,0.30693815987933637
254187,1,19,20,0.39473684210526316
254735,5,10,15,0.17777777777777778
256458,1,3,4,0.3333333333333333
256944,1,3,4,0.3333333333333333
256945,2,5,7,0.0
257086,1,16,17,0.25833333333333336
257466,1,3,4,0.0
258280,2,6,8,0.5333333333333333
258654,1,71,72,0.26369327073552423
259289,1,1,2,0.0
259673,1,11,12,0.14545454545454545
260696,1,14,15,0.18681318681318682
262735,1,8,9,0.25
264448,1,3,4,0.0
264474,1,5,6,0.1
265054,0,12,12,0.19696969696969696
265605,0,37,37,0.13963963963963963
266019,1,23,24,0.4980237154150198
266578,1,13,14,0.10256410256410256
266969,1,10,11,0.4222222222222222
269437,0,20,20,0.38421052631578945
269958,1,26,27,0.37846153846153846
270368,1,53,54,0.3113207547169811
270369,1,21,22,0.3523809523809524
270422,4,12,16,0.22727272727272727
271005,1,1,2,0.0
271955,1,12,13,0.12121212121212122
274072,4,4,8,1.0
274077,4,5,9,1.0
275779,1,11,12,0.2
275780,1,2,3,0.0
276474,1,52,53,0.17345399698340874
279419,1,13,14,0.1794871794871795
279421,1,0,1,0.0
280268,1,5,6,0.2
285937,1,46,47,0.17198067632850242
286243,1,8,9,0.2857142857142857
286537,5,5,10,1.0
286540,5,5,10,0.8
286542,3,12,15,0.22727272727272727
287236,1,4,5,0.5
292860,2,3,5,0.6666666666666666
292861,3,7,10,0.2857142857142857
293030,1,92,93,0.19756330625895843
293042,1,6,7,0.26666666666666666
293698,0,35,35,0.35294117647058826
295390,1,23,24,0.25691699604743085
295627,2,2,4,0.6666666666666666
295896,0,6,6,0.13333333333333333
296004,0,54,54,0.3172606568832984
296471,0,11,11,0.18181818181818182
296589,0,30,30,0.39770114942528734
298036,1,19,20,0.5421052631578948
299382,0,7,7,0.38095238095238093
300431,1,16,17,0.125
306650,2,12,14,0.4696969696969697
311074,0,52,52,0.2171945701357466
311352,1,9,10,0.17777777777777778
316194,0,3,3,0.0
316978,1,23,24,0.11067193675889328
317028,0,4,4,0.6666666666666666
317161,1,21,22,0.13852813852813853
317733,1,14,15,0.3956043956043956
325201,0,11,11,0.4
326633,2,8,10,0.17857142857142858
327998,1,7,8,0.23809523809523808
329263,0,5,5,0.0
330020,0,10,10,0.28888888888888886
331138,0,20,20,0.14210526315789473
332484,2,11,13,0.6363636363636364
333132,1,38,39,0.18349928876244664
334590,0,22,22,0.2554112554112554
334993,1,2,3,0.0
335038,3,74,77,0.2850796001480933
340108,0,14,14,0.21978021978021978
341142,2,31,33,0.35080645161290325
342502,0,21,21,0.20952380952380953
343958,0,11,11,0.23636363636363636
344584,0,188,188,0.18443508931619068
346371,1,31,32,0.28817204301075267
352769,0,2,2,0.0
354470,1,30,31,0.25057471264367814
357697,0,6,6,0.2
360224,1,5,6,0.4
361788,1,6,7,0.6190476190476191
362326,2,10,12,0.35555555555555557
363455,1,3,4,0.0
363483,1,7,8,0.23809523809523808
364421,0,21,21,0.28095238095238095
370122,0,27,27,0.23931623931623933
385202,1,1,2,0.0
391144,1,18,19,0.17647058823529413
400871,0,7,7,0.14285714285714285
408794,0,7,7,0.2857142857142857
427872,0,20,20,0.22105263157894736
428284,1,54,55,0.22895622895622897
430163,0,58,58,0.2982456140350877
444636,0,10,10,0.17777777777777778
445939,0,126,126,0.16977777777777778
446879,0,18,18,0.30718954248366015
