node,activity_count,retweet_ratio,mention_ratio,reply_ratio,activity_span
4,0.125,0.4666666666666667,0.4666666666666667,0.13333333333333333,0.4034112995576972
9,0.008333333333333333,1.0,0.0,0.0,0.0
16,0.0,0.0,0.0,0.0,0.0
19,0.008333333333333333,0.0,1.0,0.0,0.0
20,0.05,0.3333333333333333,0.6666666666666666,0.0,0.36824420156119225
49,0.025,0.0,1.0,0.0,0.47486263399532835
61,0.008333333333333333,1.0,0.0,0.0,0.0
65,0.041666666666666664,0.0,0.8,0.4,0.0004430031763152642
66,0.0,0.0,0.0,0.0,0.0
71,0.05,0.5,0.5,0.0,0.6766181872940386
83,0.008333333333333333,1.0,0.0,0.0,0.0
102,0.008333333333333333,1.0,0.0,0.0,0.0
115,0.008333333333333333,1.0,0.0,0.0,0.0
150,0.0,0.0,0.0,0.0,0.0
191,0.016666666666666666,0.0,1.0,0.0,0.0
193,0.0,0.0,0.0,0.0,0.0
202,0.0,0.0,0.0,0.0,0.0
205,0.06666666666666667,0.375,0.625,0.0,0.6212760592678717
208,0.0,0.0,0.0,0.0,0.0
210,0.016666666666666666,0.0,0.5,1.0,0.0
221,0.0,0.0,0.0,0.0,0.0
276,0.008333333333333333,1.0,0.0,0.0,0.0
287,0.016666666666666666,0.5,0.5,0.0,0.0
292,0.0,0.0,0.0,0.0,0.0
297,0.0,0.0,0.0,0.0,0.0
301,0.008333333333333333,0.0,1.0,0.0,0.0
325,0.008333333333333333,0.0,1.0,0.0,0.0
329,0.016666666666666666,0.5,0.5,0.0,0.00601818939523938
331,0.008333333333333333,1.0,0.0,0.0,0.0
337,0.008333333333333333,1.0,0.0,0.0,0.0
339,0.025,0.6666666666666666,0.3333333333333333,0.0,0.09211139166033389
340,0.08333333333333333,0.5,0.4,0.2,0.07727866475690857
342,0.008333333333333333,0.0,1.0,0.0,0.0
352,0.0,0.0,0.0,0.0,0.0
355,0.008333333333333333,1.0,0.0,0.0,0.0
359,0.008333333333333333,1.0,0.0,0.0,0.0
367,0.008333333333333333,0.0,1.0,0.0,0.0
370,0.008333333333333333,1.0,0.0,0.0,0.0
371,0.016666666666666666,0.5,0.5,0.0,0.0
380,0.0,0.0,0.0,0.0,0.0
381,0.0,0.0,0.0,0.0,0.0
385,0.008333333333333333,1.0,0.0,0.0,0.0
393,0.008333333333333333,1.0,0.0,0.0,0.0
399,0.008333333333333333,1.0,0.0,0.0,0.0
400,0.06666666666666667,0.125,0.5,0.75,0.0980963120423322
403,0.041666666666666664,0.8,0.2,0.0,0.1784970110418104
409,0.016666666666666666,1.0,0.0,0.0,0.06620883835111767
419,0.016666666666666666,0.0,1.0,0.0,9.805603902630354e-05
425,0.0,0.0,0.0,0.0,0.0
431,0.008333333333333333,0.0,1.0,0.0,0.0
437,0.025,0.0,1.0,0.0,0.0010365924125637803
440,0.0,0.0,0.0,0.0,0.0
441,0.058333333333333334,0.5714285714285714,0.42857142857142855,0.0,0.1835889210683906
456,0.09166666666666666,0.09090909090909091,0.9090909090909091,0.0,0.3207202916466761
461,0.041666666666666664,0.2,0.8,0.0,0.23364652899131855
471,0.016666666666666666,0.5,0.5,0.0,0.0
476,0.0,0.0,0.0,0.0,0.0
477,0.016666666666666666,0.0,1.0,0.0,0.14928506641545644
479,0.09166666666666666,0.0,0.9090909090909091,0.18181818181818182,0.5041043456335296
486,0.041666666666666664,0.0,0.6,0.8,0.09465384467223019
494,0.0,0.0,0.0,0.0,0.0
496,0.008333333333333333,0.0,1.0,0.0,0.0
498,0.008333333333333333,0.0,1.0,0.0,0.0
503,0.025,0.3333333333333333,0.6666666666666666,0.0,0.0007967053170887163
510,0.041666666666666664,0.4,0.6,0.0,0.585587163063691
514,0.025,0.6666666666666666,0.3333333333333333,0.0,0.30561440863453465
515,0.025,1.0,0.0,0.0,0.23132470206723144
519,0.016666666666666666,1.0,0.0,0.0,1.7510006968982774e-05
521,0.0,0.0,0.0,0.0,0.0
524,0.008333333333333333,0.0,1.0,0.0,0.0
526,0.016666666666666666,0.0,0.5,1.0,0.0
527,0.075,0.5555555555555556,0.4444444444444444,0.0,0.303404645755049
529,0.025,0.6666666666666666,0.3333333333333333,0.0,0.0029521871749704958
533,0.008333333333333333,0.0,1.0,0.0,0.0
534,0.008333333333333333,0.0,1.0,0.0,0.0
538,0.008333333333333333,0.0,1.0,0.0,0.0
545,0.008333333333333333,1.0,0.0,0.0,0.0
550,0.09166666666666666,0.36363636363636365,0.6363636363636364,0.0,0.28523976452542626
554,0.0,0.0,0.0,0.0,0.0
556,0.06666666666666667,0.375,0.375,0.5,0.31405948499567504
565,0.008333333333333333,1.0,0.0,0.0,0.0
566,0.008333333333333333,1.0,0.0,0.0,0.0
567,0.008333333333333333,1.0,0.0,0.0,0.0
570,0.0,0.0,0.0,0.0,0.0
571,0.008333333333333333,1.0,0.0,0.0,0.0
579,0.025,0.3333333333333333,0.6666666666666666,0.0,0.20925333828282863
588,0.008333333333333333,0.0,1.0,0.0,0.0
590,0.0,0.0,0.0,0.0,0.0
591,0.016666666666666666,1.0,0.0,0.0,0.0645488896904581
607,0.0,0.0,0.0,0.0,0.0
610,0.0,0.0,0.0,0.0,0.0
616,0.0,0.0,0.0,0.0,0.0
618,0.025,0.3333333333333333,0.3333333333333333,0.6666666666666666,0.22254343357228656
630,0.016666666666666666,0.0,0.5,1.0,0.0
634,0.008333333333333333,1.0,0.0,0.0,0.0
638,0.041666666666666664,0.0,0.8,0.4,0.08634359536475096
642,0.041666666666666664,0.8,0.2,0.0,0.08043221701202237
647,0.0,0.0,0.0,0.0,0.0
654,0.008333333333333333,1.0,0.0,0.0,0.0
664,0.008333333333333333,1.0,0.0,0.0,0.0
665,0.0,0.0,0.0,0.0,0.0
672,0.008333333333333333,1.0,0.0,0.0,0.0
675,0.008333333333333333,1.0,0.0,0.0,0.0
678,0.016666666666666666,0.0,0.5,1.0,0.0
679,0.0,0.0,0.0,0.0,0.0
682,0.05,0.5,0.5,0.0,0.30255716141775024
683,0.008333333333333333,0.0,1.0,0.0,0.0
689,0.016666666666666666,1.0,0.0,0.0,0.21127049108565546
701,0.008333333333333333,0.0,1.0,0.0,0.0
731,0.03333333333333333,1.0,0.0,0.0,0.2621230533249752
745,0.008333333333333333,1.0,0.0,0.0,0.0
763,0.008333333333333333,1.0,0.0,0.0,0.0
774,0.0,0.0,0.0,0.0,0.0
779,0.025,0.3333333333333333,0.3333333333333333,0.6666666666666666,0.006513722592461592
794,0.0,0.0,0.0,0.0,0.0
812,0.0,0.0,0.0,0.0,0.0
818,0.008333333333333333,1.0,0.0,0.0,0.0
821,0.05,0.3333333333333333,0.5,0.3333333333333333,0.47008415309349294
834,0.008333333333333333,1.0,0.0,0.0,0.0
837,0.0,0.0,0.0,0.0,0.0
840,0.008333333333333333,1.0,0.0,0.0,0.0
841,0.0,0.0,0.0,0.0,0.0
845,0.0,0.0,0.0,0.0,0.0
853,0.03333333333333333,0.0,0.75,0.5,0.0
861,0.008333333333333333,1.0,0.0,0.0,0.0
899,0.03333333333333333,0.25,0.75,0.0,0.23606816295512886
917,0.0,0.0,0.0,0.0,0.0
920,0.008333333333333333,0.0,1.0,0.0,0.0
931,0.008333333333333333,0.0,1.0,0.0,0.0
939,0.03333333333333333,0.75,0.25,0.0,0.00601818939523938
941,0.041666666666666664,1.0,0.0,0.0,0.014783698883912157
957,0.008333333333333333,0.0,1.0,0.0,0.0
960,0.0,0.0,0.0,0.0,0.0
962,0.0,0.0,0.0,0.0,0.0
968,0.016666666666666666,0.0,0.5,1.0,0.0
969,0.0,0.0,0.0,0.0,0.0
975,0.041666666666666664,0.8,0.2,0.0,0.3491670489684855
988,0.0,0.0,0.0,0.0,0.0
990,0.0,0.0,0.0,0.0,0.0
997,0.15833333333333333,0.8947368421052632,0.10526315789473684,0.0,0.6801692167073483
1020,0.0,0.0,0.0,0.0,0.0
1035,0.016666666666666666,0.0,1.0,0.0,5.253002090694832e-05
1038,0.0,0.0,0.0,0.0,0.0
1044,0.008333333333333333,1.0,0.0,0.0,0.0
1062,0.0,0.0,0.0,0.0,0.0
1068,0.0,0.0,0.0,0.0,0.0
1105,0.008333333333333333,1.0,0.0,0.0,0.0
1106,0.0,0.0,0.0,0.0,0.0
1115,0.008333333333333333,0.0,1.0,0.0,0.0
1140,0.008333333333333333,1.0,0.0,0.0,0.0
1147,0.058333333333333334,0.7142857142857143,0.2857142857142857,0.0,0.37045921744276855
1152,0.06666666666666667,0.0,0.75,0.5,0.28832327675266417
1159,0.025,0.6666666666666666,0.3333333333333333,0.0,0.44274052621072946
1160,0.125,0.7333333333333333,0.26666666666666666,0.0,0.5436419413694927
1162,0.03333333333333333,0.25,0.75,0.0,0.00019611207805260707
1168,0.0,0.0,0.0,0.0,0.0
1177,0.016666666666666666,0.5,0.5,0.0,0.0
1193,0.008333333333333333,1.0,0.0,0.0,0.0
1194,0.008333333333333333,1.0,0.0,0.0,0.0
1203,0.016666666666666666,1.0,0.0,0.0,0.0012782305087357425
1225,0.008333333333333333,1.0,0.0,0.0,0.0
1250,0.0,0.0,0.0,0.0,0.0
1265,0.0,0.0,0.0,0.0,0.0
1274,0.0,0.0,0.0,0.0,0.0
1286,0.008333333333333333,1.0,0.0,0.0,0.0
1291,0.0,0.0,0.0,0.0,0.0
1298,0.025,1.0,0.0,0.0,0.006270333495592731
1312,0.008333333333333333,0.0,1.0,0.0,0.0
1314,0.0,0.0,0.0,0.0,0.0
1317,0.0,0.0,0.0,0.0,0.0
1341,0.0,0.0,0.0,0.0,0.0
1353,0.0,0.0,0.0,0.0,0.0
1363,0.0,0.0,0.0,0.0,0.0
1372,0.016666666666666666,1.0,0.0,0.0,0.08865141428326288
1394,0.05,0.5,0.5,0.0,0.20263630664925006
1397,0.008333333333333333,1.0,0.0,0.0,0.0
1401,0.0,0.0,0.0,0.0,0.0
1440,0.016666666666666666,0.0,0.5,1.0,0.0
1455,0.016666666666666666,1.0,0.0,0.0,0.42139757871623634
1458,0.025,0.0,0.6666666666666666,0.6666666666666666,0.015739745264418615
1461,0.008333333333333333,1.0,0.0,0.0,0.0
1464,0.025,0.3333333333333333,0.3333333333333333,0.6666666666666666,1.2257004878287942e-05
1472,0.008333333333333333,1.0,0.0,0.0,0.0
1481,0.025,0.0,0.6666666666666666,0.6666666666666666,0.0002644011052316399
1486,0.008333333333333333,0.0,1.0,0.0,0.0
1499,0.008333333333333333,1.0,0.0,0.0,0.0
1503,0.0,0.0,0.0,0.0,0.0
1512,0.016666666666666666,0.0,1.0,0.0,0.0
1513,0.016666666666666666,0.5,0.5,0.0,0.0
1520,0.008333333333333333,1.0,0.0,0.0,0.0
1530,0.016666666666666666,1.0,0.0,0.0,0.001812285721289717
1548,0.0,0.0,0.0,0.0,0.0
1550,0.0,0.0,0.0,0.0,0.0
1554,0.016666666666666666,0.0,0.5,1.0,0.0
1559,0.025,0.0,0.6666666666666666,0.6666666666666666,0.0
1574,0.016666666666666666,0.5,0.5,0.0,0.0
1586,0.025,0.3333333333333333,0.6666666666666666,0.0,0.0171808188379659
1667,0.03333333333333333,1.0,0.0,0.0,0.1264432623244184
1703,0.03333333333333333,0.75,0.25,0.0,0.22328410686707453
1728,0.016666666666666666,1.0,0.0,0.0,0.00020486708153709846
1750,0.008333333333333333,1.0,0.0,0.0,0.0
1752,0.05,0.8333333333333334,0.16666666666666666,0.0,0.4087378436776618
1762,0.025,0.0,1.0,0.0,0.05481682781709747
1791,0.0,0.0,0.0,0.0,0.0
1840,0.0,0.0,0.0,0.0,0.0
1871,0.008333333333333333,1.0,0.0,0.0,0.0
1884,0.0,0.0,0.0,0.0,0.0
1896,0.03333333333333333,0.0,1.0,0.0,0.07067564112890518
1926,0.016666666666666666,1.0,0.0,0.0,0.10980875570388478
1942,0.008333333333333333,1.0,0.0,0.0,0.0
1944,0.03333333333333333,0.25,0.5,0.5,0.3149174753371552
1973,0.0,0.0,0.0,0.0,0.0
1979,0.008333333333333333,1.0,0.0,0.0,0.0
1985,0.0,0.0,0.0,0.0,0.0
1988,0.03333333333333333,0.5,0.5,0.0,0.009187500656625262
2001,0.0,0.0,0.0,0.0,0.0
2009,0.0,0.0,0.0,0.0,0.0
2015,0.0,0.0,0.0,0.0,0.0
2058,0.0,0.0,0.0,0.0,0.0
2065,0.008333333333333333,1.0,0.0,0.0,0.0
2070,0.0,0.0,0.0,0.0,0.0
2071,0.008333333333333333,1.0,0.0,0.0,0.0
2080,0.05,0.6666666666666666,0.3333333333333333,0.0,0.348624238752447
2081,0.008333333333333333,1.0,0.0,0.0,0.0
2086,0.0,0.0,0.0,0.0,0.0
2089,0.0,0.0,0.0,0.0,0.0
2111,0.008333333333333333,1.0,0.0,0.0,0.0
2122,0.0,0.0,0.0,0.0,0.0
2138,0.008333333333333333,1.0,0.0,0.0,0.0
2152,0.008333333333333333,1.0,0.0,0.0,0.0
2157,0.16666666666666666,0.25,0.7,0.1,0.30275502449649977
2163,0.0,0.0,0.0,0.0,0.0
2164,0.008333333333333333,0.0,1.0,0.0,0.0
2165,0.06666666666666667,0.5,0.25,0.5,0.17271695774134918
2167,0.0,0.0,0.0,0.0,0.0
2168,0.0,0.0,0.0,0.0,0.0
2175,0.075,0.2222222222222222,0.5555555555555556,0.4444444444444444,0.25357116592132406
2179,0.03333333333333333,0.0,0.5,1.0,0.022043347773252415
2183,0.05,0.8333333333333334,0.16666666666666666,0.0,0.2990604130260444
2189,0.008333333333333333,1.0,0.0,0.0,0.0
2203,0.008333333333333333,1.0,0.0,0.0,0.0
2209,0.016666666666666666,0.5,0.5,0.0,0.03479938785015636
2243,0.0,0.0,0.0,0.0,0.0
2247,0.058333333333333334,0.14285714285714285,0.42857142857142855,0.8571428571428571,0.39117705768846894
2249,0.016666666666666666,0.0,0.5,1.0,0.0
2255,0.025,0.3333333333333333,0.6666666666666666,0.0,0.270079600491681
2260,0.008333333333333333,1.0,0.0,0.0,0.0
2272,0.0,0.0,0.0,0.0,0.0
2280,0.13333333333333333,0.375,0.375,0.5,0.07686367759174369
2281,0.0,0.0,0.0,0.0,0.0
2287,0.05,0.16666666666666666,0.8333333333333334,0.0,0.0018578117394090724
2305,0.0,0.0,0.0,0.0,0.0
2313,0.0,0.0,0.0,0.0,0.0
2314,0.0,0.0,0.0,0.0,0.0
2331,0.016666666666666666,0.5,0.5,0.0,0.0
2334,0.0,0.0,0.0,0.0,0.0
2338,0.05,0.16666666666666666,0.6666666666666666,0.3333333333333333,0.06291170403885821
2340,0.03333333333333333,0.0,0.75,0.5,0.0
2346,0.0,0.0,0.0,0.0,0.0
2350,0.016666666666666666,0.0,0.5,1.0,0.0
2381,0.008333333333333333,1.0,0.0,0.0,0.0
2400,0.008333333333333333,1.0,0.0,0.0,0.0
2417,0.058333333333333334,0.14285714285714285,0.8571428571428571,0.0,0.357713683370046
2423,0.041666666666666664,1.0,0.0,0.0,0.29787323455354736
2450,0.008333333333333333,1.0,0.0,0.0,0.0
2458,0.0,0.0,0.0,0.0,0.0
2461,0.0,0.0,0.0,0.0,0.0
2464,0.008333333333333333,0.0,1.0,0.0,0.0
2469,0.05,0.8333333333333334,0.16666666666666666,0.0,0.1580733389131889
2471,0.0,0.0,0.0,0.0,0.0
2485,0.15,0.5555555555555556,0.4444444444444444,0.0,0.08389744739118406
2489,0.0,0.0,0.0,0.0,0.0
2497,0.041666666666666664,0.8,0.2,0.0,0.06933962759717179
2503,0.008333333333333333,1.0,0.0,0.0,0.0
2504,0.008333333333333333,0.0,1.0,0.0,0.0
2505,0.0,0.0,0.0,0.0,0.0
2513,0.09166666666666666,0.36363636363636365,0.6363636363636364,0.0,0.3176455344229227
2516,0.008333333333333333,0.0,1.0,0.0,0.0
2522,0.008333333333333333,1.0,0.0,0.0,0.0
2530,0.0,0.0,0.0,0.0,0.0
2532,0.03333333333333333,0.25,0.75,0.0,0.14745351968650083
2535,0.0,0.0,0.0,0.0,0.0
2540,0.008333333333333333,1.0,0.0,0.0,0.0
2544,0.016666666666666666,0.5,0.5,0.0,0.0
2553,0.041666666666666664,0.4,0.6,0.0,0.1484235740725825
2554,0.016666666666666666,0.0,0.5,1.0,0.0
2556,0.05,0.5,0.3333333333333333,0.3333333333333333,0.10935174452199432
2562,0.008333333333333333,0.0,1.0,0.0,0.0
2593,0.0,0.0,0.0,0.0,0.0
2599,0.041666666666666664,0.4,0.6,0.0,0.08260345787617623
2601,0.008333333333333333,0.0,1.0,0.0,0.0
2613,0.016666666666666666,1.0,0.0,0.0,0.01249338997236921
2615,0.008333333333333333,1.0,0.0,0.0,0.0
2662,0.075,0.4444444444444444,0.5555555555555556,0.0,0.19959131643734396
2670,0.008333333333333333,1.0,0.0,0.0,0.0
2671,0.0,0.0,0.0,0.0,0.0
2672,0.008333333333333333,1.0,0.0,0.0,0.0
2684,0.13333333333333333,0.125,0.8125,0.125,0.561039884293874
2689,0.008333333333333333,0.0,1.0,0.0,0.0
2692,0.0,0.0,0.0,0.0,0.0
2700,0.0,0.0,0.0,0.0,0.0
2705,0.0,0.0,0.0,0.0,0.0
2719,0.008333333333333333,1.0,0.0,0.0,0.0
2725,0.016666666666666666,0.5,0.5,0.0,0.0
2732,0.041666666666666664,0.8,0.2,0.0,0.2691725821306877
2737,0.0,0.0,0.0,0.0,0.0
2753,0.016666666666666666,0.0,0.5,1.0,0.0
2757,0.03333333333333333,0.0,0.5,1.0,0.13426673343815992
2760,0.0,0.0,0.0,0.0,0.0
2763,0.008333333333333333,0.0,1.0,0.0,0.0
2770,0.008333333333333333,0.0,1.0,0.0,0.0
2786,0.0,0.0,0.0,0.0,0.0
2807,0.025,1.0,0.0,0.0,0.05309209213065267
2808,0.0,0.0,0.0,0.0,0.0
2813,0.11666666666666667,0.7142857142857143,0.2857142857142857,0.0,0.24631501903337757
2817,0.05,0.0,0.8333333333333334,0.3333333333333333,0.1406823999915952
2821,0.008333333333333333,1.0,0.0,0.0,0.0
2858,0.025,0.0,1.0,0.0,0.1143613575158203
2862,0.016666666666666666,1.0,0.0,0.0,0.18049490283697134
2871,0.016666666666666666,0.0,0.5,1.0,0.0
2882,0.025,0.3333333333333333,0.6666666666666666,0.0,0.32653011195898457
2903,0.041666666666666664,0.6,0.4,0.0,0.15720134056613355
2988,0.0,0.0,0.0,0.0,0.0
2989,0.0,0.0,0.0,0.0,0.0
2998,0.0,0.0,0.0,0.0,0.0
3002,0.025,1.0,0.0,0.0,0.15283784682946305
3005,0.008333333333333333,1.0,0.0,0.0,0.0
3013,0.025,0.3333333333333333,0.6666666666666666,0.0,0.7978679815514567
3019,0.0,0.0,0.0,0.0,0.0
3020,0.0,0.0,0.0,0.0,0.0
3026,0.008333333333333333,0.0,1.0,0.0,0.0
3029,0.0,0.0,0.0,0.0,0.0
3048,0.016666666666666666,1.0,0.0,0.0,0.13881233124730785
3049,0.0,0.0,0.0,0.0,0.0
3052,0.016666666666666666,0.0,1.0,0.0,0.0
3054,0.008333333333333333,0.0,1.0,0.0,0.0
3057,0.008333333333333333,1.0,0.0,0.0,0.0
3064,0.025,1.0,0.0,0.0,0.49443707078595417
3067,0.008333333333333333,1.0,0.0,0.0,0.0
3075,0.008333333333333333,1.0,0.0,0.0,0.0
3076,0.025,0.6666666666666666,0.3333333333333333,0.0,0.24260289755595324
3091,0.0,0.0,0.0,0.0,0.0
3104,0.075,1.0,0.0,0.0,0.7641384551271052
3108,0.008333333333333333,1.0,0.0,0.0,0.0
3117,0.05,0.8333333333333334,0.16666666666666666,0.0,0.2763604399914551
3119,0.0,0.0,0.0,0.0,0.0
3138,0.0,0.0,0.0,0.0,0.0
3161,0.008333333333333333,1.0,0.0,0.0,0.0
3192,0.008333333333333333,1.0,0.0,0.0,0.0
3195,0.0,0.0,0.0,0.0,0.0
3197,0.0,0.0,0.0,0.0,0.0
3200,0.0,0.0,0.0,0.0,0.0
3222,0.025,1.0,0.0,0.0,0.003983526585443581
3228,0.175,0.0,0.9523809523809523,0.09523809523809523,0.2953903155653456
3229,0.008333333333333333,1.0,0.0,0.0,0.0
3242,0.008333333333333333,1.0,0.0,0.0,0.0
3267,0.0,0.0,0.0,0.0,0.0
3269,0.008333333333333333,1.0,0.0,0.0,0.0
3273,0.06666666666666667,0.125,0.75,0.25,0.1971889434811995
3285,0.0,0.0,0.0,0.0,0.0
3287,0.21666666666666667,0.7692307692307693,0.23076923076923078,0.0,0.7114473421560422
3289,0.06666666666666667,0.25,0.75,0.0,0.28366911690030855
3307,0.008333333333333333,1.0,0.0,0.0,0.0
3310,0.016666666666666666,1.0,0.0,0.0,0.004235670685796933
3333,0.0,0.0,0.0,0.0,0.0
3368,0.008333333333333333,1.0,0.0,0.0,0.0
3371,0.016666666666666666,0.0,0.5,1.0,0.0
3428,0.008333333333333333,1.0,0.0,0.0,0.0
3430,0.016666666666666666,1.0,0.0,0.0,0.2746812303231297
3433,0.10833333333333334,0.5384615384615384,0.46153846153846156,0.0,0.38243781321024967
3434,0.008333333333333333,1.0,0.0,0.0,0.0
3441,0.016666666666666666,0.0,0.5,1.0,0.0
3443,0.0,0.0,0.0,0.0,0.0
3448,0.008333333333333333,1.0,0.0,0.0,0.0
3450,0.05,0.16666666666666666,0.6666666666666666,0.3333333333333333,0.30935104412171555
3459,0.016666666666666666,0.0,1.0,0.0,0.2890219260307266
3463,0.025,0.3333333333333333,0.6666666666666666,0.0,0.0340552125539746
3481,0.008333333333333333,1.0,0.0,0.0,0.0
3482,0.03333333333333333,0.0,1.0,0.0,0.6143403455074575
3497,0.0,0.0,0.0,0.0,0.0
3502,0.0,0.0,0.0,0.0,0.0
3503,0.008333333333333333,0.0,1.0,0.0,0.0
3506,0.041666666666666664,0.4,0.4,0.4,0.5298685698876908
3510,0.008333333333333333,1.0,0.0,0.0,0.0
3516,0.058333333333333334,0.5714285714285714,0.42857142857142855,0.0,0.003955510574293209
3521,0.008333333333333333,1.0,0.0,0.0,0.0
3541,0.0,0.0,0.0,0.0,0.0
3563,0.0,0.0,0.0,0.0,0.0
3564,0.041666666666666664,0.6,0.2,0.4,0.2716327381098298
3566,0.016666666666666666,1.0,0.0,0.0,0.1443454934495064
3567,0.016666666666666666,0.5,0.5,0.0,0.006441931563888763
3577,0.0,0.0,0.0,0.0,0.0
3583,0.03333333333333333,0.75,0.25,0.0,0.0003502001393796555
3603,0.225,0.37037037037037035,0.5925925925925926,0.07407407407407407,0.41194217495298563
3605,0.0,0.0,0.0,0.0,0.0
3629,0.05,0.6666666666666666,0.3333333333333333,0.0,0.7661451019257506
3630,0.016666666666666666,0.0,0.5,1.0,0.0
3631,0.008333333333333333,1.0,0.0,0.0,0.0
3637,0.05,0.5,0.3333333333333333,0.3333333333333333,0.16747095965344194
3639,0.0,0.0,0.0,0.0,0.0
3659,0.03333333333333333,1.0,0.0,0.0,0.00827522929354126
3660,0.0,0.0,0.0,0.0,0.0
3663,0.03333333333333333,0.0,1.0,0.0,0.006384148540891119
3682,0.0,0.0,0.0,0.0,0.0
3684,0.06666666666666667,0.625,0.25,0.25,0.10400593939436388
3690,0.008333333333333333,0.0,1.0,0.0,0.0
3765,0.016666666666666666,0.0,0.5,1.0,0.0
3783,0.016666666666666666,0.5,0.5,0.0,0.673564442078648
3844,0.008333333333333333,1.0,0.0,0.0,0.0
3879,0.008333333333333333,1.0,0.0,0.0,0.0
3892,0.008333333333333333,1.0,0.0,0.0,0.0
3926,0.008333333333333333,0.0,1.0,0.0,0.0
3929,0.041666666666666664,0.4,0.6,0.0,0.0049640869757066166
3930,0.008333333333333333,1.0,0.0,0.0,0.0
3933,0.016666666666666666,1.0,0.0,0.0,0.3784140136087774
3936,0.0,0.0,0.0,0.0,0.0
3939,0.0,0.0,0.0,0.0,0.0
3946,0.008333333333333333,0.0,1.0,0.0,0.0
3965,0.008333333333333333,1.0,0.0,0.0,0.0
3972,0.525,0.4126984126984127,0.5079365079365079,0.15873015873015872,0.6785092680466887
3982,0.008333333333333333,1.0,0.0,0.0,0.0
4029,0.025,0.3333333333333333,0.3333333333333333,0.6666666666666666,0.022598414994169168
4030,0.016666666666666666,0.5,0.5,0.0,0.0
4031,0.0,0.0,0.0,0.0,0.0
4081,0.0,0.0,0.0,0.0,0.0
4085,0.0,0.0,0.0,0.0,0.0
4096,0.03333333333333333,0.5,0.5,0.0,0.00012782305087357426
4097,0.008333333333333333,1.0,0.0,0.0,0.0
4100,0.008333333333333333,1.0,0.0,0.0,0.0
4101,0.0,0.0,0.0,0.0,0.0
4105,0.0,0.0,0.0,0.0,0.0
4107,0.041666666666666664,0.6,0.4,0.0,0.021997821755133058
4111,0.0,0.0,0.0,0.0,0.0
4123,0.0,0.0,0.0,0.0,0.0
4165,0.016666666666666666,1.0,0.0,0.0,0.120150165819766
4168,0.0,0.0,0.0,0.0,0.0
4175,0.0,0.0,0.0,0.0,0.0
4181,0.008333333333333333,1.0,0.0,0.0,0.0
4182,0.23333333333333334,0.32142857142857145,0.6071428571428571,0.14285714285714285,0.33823380061705266
4184,0.016666666666666666,1.0,0.0,0.0,0.002481167987504859
4188,0.008333333333333333,1.0,0.0,0.0,0.0
4193,0.0,0.0,0.0,0.0,0.0
4196,0.0,0.0,0.0,0.0,0.0
4203,0.008333333333333333,1.0,0.0,0.0,0.0
4206,0.0,0.0,0.0,0.0,0.0
4207,0.0,0.0,0.0,0.0,0.0
4209,0.008333333333333333,1.0,0.0,0.0,0.0
4211,0.0,0.0,0.0,0.0,0.0
4215,0.025,0.3333333333333333,0.3333333333333333,0.6666666666666666,0.0004552601811935521
4223,0.008333333333333333,1.0,0.0,0.0,0.0
4224,0.016666666666666666,0.0,0.5,1.0,0.0
4231,0.008333333333333333,1.0,0.0,0.0,0.0
4253,0.008333333333333333,1.0,0.0,0.0,0.0
4258,0.016666666666666666,0.0,1.0,0.0,0.20791207174900456
4273,0.008333333333333333,1.0,0.0,0.0,0.0
4275,0.016666666666666666,0.5,0.5,0.0,0.0
4276,0.016666666666666666,1.0,0.0,0.0,0.002512686000049028
4279,0.016666666666666666,1.0,0.0,0.0,0.031616068583195295
4281,0.008333333333333333,1.0,0.0,0.0,0.0
4282,0.008333333333333333,1.0,0.0,0.0,0.0
4284,0.0,0.0,0.0,0.0,0.0
4286,0.025,0.6666666666666666,0.3333333333333333,0.0,0.009817860907508642
4292,0.0,0.0,0.0,0.0,0.0
4298,0.008333333333333333,1.0,0.0,0.0,0.0
4299,0.075,0.4444444444444444,0.4444444444444444,0.2222222222222222,0.22248740154998584
4304,0.09166666666666666,0.2727272727272727,0.5454545454545454,0.36363636363636365,0.009607740823880849
4306,0.03333333333333333,0.75,0.25,0.0,0.01957793879201964
4307,0.025,0.3333333333333333,0.3333333333333333,0.6666666666666666,0.1829708178223855
4308,0.008333333333333333,0.0,1.0,0.0,0.0
4309,0.08333333333333333,0.6,0.4,0.0,0.20415092225206707
4311,0.0,0.0,0.0,0.0,0.0
4315,0.0,0.0,0.0,0.0,0.0
4316,0.025,0.0,1.0,0.0,0.2792653501476094
4323,0.0,0.0,0.0,0.0,0.0
4330,0.0,0.0,0.0,0.0,0.0
4331,0.008333333333333333,1.0,0.0,0.0,0.0
4332,0.008333333333333333,1.0,0.0,0.0,0.0
4340,0.008333333333333333,1.0,0.0,0.0,0.0
4342,0.008333333333333333,1.0,0.0,0.0,0.0
4343,0.0,0.0,0.0,0.0,0.0
4344,0.0,0.0,0.0,0.0,0.0
4345,0.09166666666666666,0.2727272727272727,0.6363636363636364,0.18181818181818182,0.4519262758666578
4346,0.016666666666666666,0.0,0.5,1.0,0.0
4348,0.008333333333333333,0.0,1.0,0.0,0.0
4351,0.016666666666666666,1.0,0.0,0.0,0.08208341066919744
4355,0.008333333333333333,1.0,0.0,0.0,0.0
4363,0.0,0.0,0.0,0.0,0.0
4364,0.008333333333333333,1.0,0.0,0.0,0.0
4365,0.03333333333333333,0.25,0.5,0.5,0.5058728563373969
4372,0.016666666666666666,0.5,0.5,0.0,0.2765740620764767
4373,0.0,0.0,0.0,0.0,0.0
4375,0.0,0.0,0.0,0.0,0.0
4376,0.008333333333333333,1.0,0.0,0.0,0.0
4377,0.05,0.6666666666666666,0.3333333333333333,0.0,0.14502838372129673
4378,0.016666666666666666,0.5,0.5,0.0,0.2897363343150611
4379,0.0,0.0,0.0,0.0,0.0
4380,0.05,0.0,0.5,1.0,0.16025333478082723
4385,0.03333333333333333,0.75,0.25,0.0,0.33955405514251397
4391,0.0,0.0,0.0,0.0,0.0
4392,0.0,0.0,0.0,0.0,0.0
4395,0.008333333333333333,1.0,0.0,0.0,0.0
4398,0.08333333333333333,0.6,0.2,0.4,0.07607922927953326
4400,0.008333333333333333,1.0,0.0,0.0,0.0
4405,0.075,0.0,0.6666666666666666,0.6666666666666666,0.002062678820946171
4418,0.008333333333333333,1.0,0.0,0.0,0.0
4433,0.0,0.0,0.0,0.0,0.0
4482,0.03333333333333333,0.0,0.5,1.0,0.00010330904111699837
4490,0.041666666666666664,0.2,0.4,0.8,0.24285329065560968
4498,0.008333333333333333,0.0,1.0,0.0,0.0
4550,0.0,0.0,0.0,0.0,0.0
4551,0.0,0.0,0.0,0.0,0.0
4555,0.0,0.0,0.0,0.0,0.0
4563,0.008333333333333333,1.0,0.0,0.0,0.0
4596,0.041666666666666664,0.0,0.8,0.4,0.00041323616446799346
4607,0.008333333333333333,1.0,0.0,0.0,0.0
4617,0.008333333333333333,0.0,1.0,0.0,0.0
4622,0.008333333333333333,0.0,1.0,0.0,0.0
4636,0.016666666666666666,0.5,0.5,0.0,0.0
4639,0.058333333333333334,0.0,1.0,0.0,0.14701226751088248
4640,0.0,0.0,0.0,0.0,0.0
4644,0.0,0.0,0.0,0.0,0.0
4681,0.0,0.0,0.0,0.0,0.0
4685,0.0,0.0,0.0,0.0,0.0
4702,0.0,0.0,0.0,0.0,0.0
4715,0.008333333333333333,1.0,0.0,0.0,0.0
4718,0.03333333333333333,0.75,0.25,0.0,0.41231338710072807
4720,0.05,0.3333333333333333,0.6666666666666666,0.0,3.1518012544169e-05
4734,0.06666666666666667,0.375,0.5,0.25,0.13269258381164836
4738,0.008333333333333333,1.0,0.0,0.0,0.0
4753,0.008333333333333333,1.0,0.0,0.0,0.0
4768,0.03333333333333333,0.75,0.25,0.0,0.010318647106821548
4773,0.025,1.0,0.0,0.0,0.14433848944671882
4785,0.008333333333333333,1.0,0.0,0.0,0.0
4790,0.0,0.0,0.0,0.0,0.0
4792,0.016666666666666666,1.0,0.0,0.0,0.0030274802049371215
4793,0.0,0.0,0.0,0.0,0.0
4794,0.016666666666666666,0.5,0.5,0.0,0.006039201403602159
4796,0.13333333333333333,0.5625,0.375,0.125,0.1627345027683321
4805,0.0,0.0,0.0,0.0,0.0
4809,0.058333333333333334,0.0,1.0,0.0,0.2155744507986314
4821,0.0,0.0,0.0,0.0,0.0
4832,0.008333333333333333,1.0,0.0,0.0,0.0
4837,0.0,0.0,0.0,0.0,0.0
4842,0.0,0.0,0.0,0.0,0.0
4843,0.008333333333333333,1.0,0.0,0.0,0.0
4848,0.0,0.0,0.0,0.0,0.0
4911,0.008333333333333333,1.0,0.0,0.0,0.0
4931,0.016666666666666666,0.5,0.5,0.0,0.00022938109129367435
4937,0.03333333333333333,0.75,0.25,0.0,0.08757805085606424
4942,0.016666666666666666,0.5,0.5,0.0,0.0
4943,0.008333333333333333,1.0,0.0,0.0,0.0
4952,0.0,0.0,0.0,0.0,0.0
4955,0.008333333333333333,0.0,1.0,0.0,0.0
4959,0.0,0.0,0.0,0.0,0.0
4961,0.0,0.0,0.0,0.0,0.0
4970,0.008333333333333333,1.0,0.0,0.0,0.0
4981,0.008333333333333333,1.0,0.0,0.0,0.0
4989,0.016666666666666666,0.5,0.5,0.0,0.00013832905505496392
4991,0.0,0.0,0.0,0.0,0.0
4994,0.075,0.1111111111111111,0.8888888888888888,0.0,0.17095019803817882
5008,0.05,0.0,0.8333333333333334,0.3333333333333333,0.0001698470675991329
5011,0.008333333333333333,1.0,0.0,0.0,0.0
5017,0.0,0.0,0.0,0.0,0.0
5018,0.008333333333333333,0.0,1.0,0.0,0.0
5032,0.0,0.0,0.0,0.0,0.0
5033,0.0,0.0,0.0,0.0,0.0
5039,0.008333333333333333,1.0,0.0,0.0,0.0
5040,0.0,0.0,0.0,0.0,0.0
5067,0.0,0.0,0.0,0.0,0.0
5073,0.008333333333333333,1.0,0.0,0.0,0.0
5082,0.08333333333333333,0.4,0.4,0.4,0.01757304299407111
5087,0.11666666666666667,0.5714285714285714,0.42857142857142855,0.0,0.698437406978088
5109,0.0,0.0,0.0,0.0,0.0
5116,0.08333333333333333,0.9,0.1,0.0,0.29737419935493137
5138,0.0,0.0,0.0,0.0,0.0
5142,0.0,0.0,0.0,0.0,0.0
5146,0.0,0.0,0.0,0.0,0.0
5148,0.0,0.0,0.0,0.0,0.0
5153,0.0,0.0,0.0,0.0,0.0
5155,0.36666666666666664,0.18181818181818182,0.6590909090909091,0.3181818181818182,0.4747733329597865
5182,0.041666666666666664,1.0,0.0,0.0,0.0037909165087847705
5193,0.075,0.0,1.0,0.0,0.11534366890678023
5194,0.008333333333333333,1.0,0.0,0.0,0.0
5195,0.016666666666666666,0.5,0.5,0.0,0.0
5199,0.0,0.0,0.0,0.0,0.0
5208,0.058333333333333334,0.14285714285714285,0.7142857142857143,0.2857142857142857,0.0830447100517946
5220,0.008333333333333333,0.0,1.0,0.0,0.0
5226,0.20833333333333334,0.24,0.68,0.16,0.4761811375200927
5227,0.03333333333333333,0.5,0.5,0.0,0.09421959649939941
5228,0.016666666666666666,0.0,1.0,0.0,0.2523717304439487
5249,0.008333333333333333,1.0,0.0,0.0,0.0
5250,0.0,0.0,0.0,0.0,0.0
5252,0.0,0.0,0.0,0.0,0.0
5255,0.0,0.0,0.0,0.0,0.0
5260,0.016666666666666666,1.0,0.0,0.0,0.010127788030859636
5268,0.0,0.0,0.0,0.0,0.0
5281,0.3333333333333333,0.175,0.675,0.3,0.6312830282506453
5335,0.075,0.2222222222222222,0.7777777777777778,0.0,0.15030940182314192
5342,0.0,0.0,0.0,0.0,0.0
5346,0.0,0.0,0.0,0.0,0.0
5355,0.025,0.3333333333333333,0.3333333333333333,0.6666666666666666,8.054603205732076e-05
5367,0.041666666666666664,0.6,0.4,0.0,0.15742546865533652
5369,0.0,0.0,0.0,0.0,0.0
5381,0.008333333333333333,1.0,0.0,0.0,0.0
5382,0.0,0.0,0.0,0.0,0.0
5390,0.008333333333333333,0.0,1.0,0.0,0.0
5399,0.008333333333333333,1.0,0.0,0.0,0.0
5401,0.016666666666666666,0.5,0.5,0.0,0.0
5410,0.06666666666666667,0.5,0.5,0.0,0.3546441791483833
5413,0.0,0.0,0.0,0.0,0.0
5414,0.041666666666666664,0.8,0.2,0.0,0.09617371327713789
5420,0.0,0.0,0.0,0.0,0.0
5424,0.008333333333333333,1.0,0.0,0.0,0.0
5427,0.03333333333333333,0.5,0.5,0.0,0.027858421087651592
5429,0.025,0.3333333333333333,0.6666666666666666,0.0,0.0
5430,0.0,0.0,0.0,0.0,0.0
5438,0.025,0.3333333333333333,0.6666666666666666,0.0,0.02190676971889435
5439,0.0,0.0,0.0,0.0,0.0
5441,0.008333333333333333,1.0,0.0,0.0,0.0
5444,0.041666666666666664,0.6,0.2,0.4,0.9642778347825782
5448,0.016666666666666666,0.0,1.0,0.0,0.0
5449,0.025,0.3333333333333333,0.6666666666666666,0.0,0.40012992425170985
5456,0.0,0.0,0.0,0.0,0.0
5461,0.08333333333333333,0.8,0.2,0.0,0.1492167773882774
5463,0.016666666666666666,1.0,0.0,0.0,0.0008299743303297835
5474,0.0,0.0,0.0,0.0,0.0
5476,0.008333333333333333,1.0,0.0,0.0,0.0
5477,0.008333333333333333,1.0,0.0,0.0,0.0
5482,0.03333333333333333,1.0,0.0,0.0,0.3275264313555197
5487,0.0,0.0,0.0,0.0,0.0
5490,0.0,0.0,0.0,0.0,0.0
5493,0.2,0.5833333333333334,0.4166666666666667,0.0,0.5123830769284646
5502,0.016666666666666666,0.5,0.5,0.0,0.0
5509,0.0,0.0,0.0,0.0,0.0
5513,0.0,0.0,0.0,0.0,0.0
5544,0.008333333333333333,1.0,0.0,0.0,0.0
5548,0.0,0.0,0.0,0.0,0.0
5556,0.06666666666666667,0.0,1.0,0.0,0.30113885085326264
5562,0.025,0.3333333333333333,0.6666666666666666,0.0,0.009562214805761493
5563,0.05,0.3333333333333333,0.5,0.3333333333333333,0.19519980668952308
5565,0.008333333333333333,0.0,1.0,0.0,0.0
5589,0.025,0.6666666666666666,0.3333333333333333,0.0,0.16256640670142988
5592,0.016666666666666666,1.0,0.0,0.0,0.051194007375214935
5604,0.06666666666666667,1.0,0.0,0.0,0.0394412906976337
5628,0.008333333333333333,0.0,1.0,0.0,0.0
5633,0.06666666666666667,0.375,0.5,0.25,0.1502271047903877
5638,0.016666666666666666,0.5,0.5,0.0,0.0
5639,0.008333333333333333,0.0,1.0,0.0,0.0
5641,0.008333333333333333,0.0,1.0,0.0,0.0
5646,0.016666666666666666,0.5,0.5,0.0,0.34882210183119655
5650,0.025,0.6666666666666666,0.3333333333333333,0.0,0.05165802255989298
5656,0.0,0.0,0.0,0.0,0.0
5657,0.075,1.0,0.0,0.0,0.1588682932295807
5661,0.0,0.0,0.0,0.0,0.0
5665,0.008333333333333333,0.0,1.0,0.0,0.0
5678,0.0,0.0,0.0,0.0,0.0
5680,0.008333333333333333,1.0,0.0,0.0,0.0
5690,0.008333333333333333,1.0,0.0,0.0,0.0
5697,0.008333333333333333,0.0,1.0,0.0,0.0
5699,0.0,0.0,0.0,0.0,0.0
5700,0.008333333333333333,1.0,0.0,0.0,0.0
5709,0.03333333333333333,0.5,0.5,0.0,0.0348676768773354
5716,0.058333333333333334,0.5714285714285714,0.42857142857142855,0.0,0.17161732930369708
5721,0.025,0.6666666666666666,0.3333333333333333,0.0,0.00011381504529838803
5724,0.008333333333333333,0.0,1.0,0.0,0.0
5734,0.125,0.5333333333333333,0.4,0.13333333333333333,0.4615988037163239
5739,0.0,0.0,0.0,0.0,0.0
5740,0.008333333333333333,0.0,1.0,0.0,0.0
5742,0.025,0.6666666666666666,0.3333333333333333,0.0,0.09622274129665104
5744,0.016666666666666666,0.5,0.5,0.0,0.15377638320300052
5753,0.025,0.3333333333333333,0.3333333333333333,0.6666666666666666,0.679227178332417
5754,0.008333333333333333,0.0,1.0,0.0,0.0
5756,0.016666666666666666,0.0,0.5,1.0,0.0
5761,0.008333333333333333,1.0,0.0,0.0,0.0
5762,0.008333333333333333,1.0,0.0,0.0,0.0
5768,0.075,0.2222222222222222,0.7777777777777778,0.0,0.1507576580015479
5770,0.0,0.0,0.0,0.0,0.0
5771,0.05,0.8333333333333334,0.16666666666666666,0.0,0.12006611778631489
5776,0.025,0.3333333333333333,0.6666666666666666,0.0,0.002059176819552374
5784,0.016666666666666666,0.5,0.5,0.0,0.29699248120300753
5787,0.0,0.0,0.0,0.0,0.0
5793,0.0,0.0,0.0,0.0,0.0
5794,0.0,0.0,0.0,0.0,0.0
5795,0.025,0.3333333333333333,0.6666666666666666,0.0,0.12462572360103799
5800,0.016666666666666666,0.5,0.5,0.0,0.0
5806,0.016666666666666666,1.0,0.0,0.0,8.404803345111732e-05
5809,0.016666666666666666,0.5,0.5,0.0,0.0
5824,0.016666666666666666,0.5,0.5,0.0,0.0
5826,0.008333333333333333,0.0,1.0,0.0,0.0
5827,0.008333333333333333,1.0,0.0,0.0,0.0
5839,0.0,0.0,0.0,0.0,0.0
5847,0.025,0.0,1.0,0.0,0.6264555193292967
5854,0.008333333333333333,1.0,0.0,0.0,0.0
5866,0.008333333333333333,0.0,1.0,0.0,0.0
5877,0.016666666666666666,0.5,0.5,0.0,0.0
5880,0.03333333333333333,0.5,0.5,0.0,0.0009612993825971542
5892,0.025,1.0,0.0,0.0,0.002481167987504859
5894,0.008333333333333333,1.0,0.0,0.0,0.0
5897,0.0,0.0,0.0,0.0,0.0
5917,0.0,0.0,0.0,0.0,0.0
5931,0.0,0.0,0.0,0.0,0.0
5933,0.03333333333333333,0.25,0.75,0.0,0.11103445619171357
5947,0.016666666666666666,0.5,0.5,0.0,0.35984990422026186
5953,0.008333333333333333,0.0,1.0,0.0,0.0
5956,0.016666666666666666,0.5,0.5,0.0,0.0
5963,0.008333333333333333,1.0,0.0,0.0,0.0
5972,0.008333333333333333,1.0,0.0,0.0,0.0
5975,0.008333333333333333,1.0,0.0,0.0,0.0
5980,0.008333333333333333,0.0,1.0,0.0,0.0
5996,0.008333333333333333,0.0,1.0,0.0,0.0
5997,0.008333333333333333,1.0,0.0,0.0,0.0
6014,0.0,0.0,0.0,0.0,0.0
6021,0.0,0.0,0.0,0.0,0.0
6024,0.008333333333333333,1.0,0.0,0.0,0.0
6028,0.008333333333333333,1.0,0.0,0.0,0.0
6034,0.016666666666666666,0.5,0.5,0.0,0.0
6039,0.058333333333333334,0.8571428571428571,0.14285714285714285,0.0,0.4088148877083253
6040,0.0,0.0,0.0,0.0,0.0
6052,0.025,1.0,0.0,0.0,0.015527874180093925
6062,0.008333333333333333,1.0,0.0,0.0,0.0
6068,0.0,0.0,0.0,0.0,0.0
6071,0.008333333333333333,1.0,0.0,0.0,0.0
6078,0.008333333333333333,1.0,0.0,0.0,0.0
6080,0.1,0.0,0.5833333333333334,0.8333333333333334,0.257066163312333
6081,0.025,0.0,0.6666666666666666,0.6666666666666666,0.0
6083,0.08333333333333333,0.0,1.0,0.0,0.4994799527930212
6085,0.008333333333333333,1.0,0.0,0.0,0.0
6087,0.016666666666666666,0.0,0.5,1.0,0.0
6095,0.0,0.0,0.0,0.0,0.0
6101,0.0,0.0,0.0,0.0,0.0
6102,0.008333333333333333,1.0,0.0,0.0,0.0
6122,0.03333333333333333,0.5,0.5,0.0,0.021561822581605387
6143,0.016666666666666666,1.0,0.0,0.0,0.0006828902717903282
6153,0.0,0.0,0.0,0.0,0.0
6161,0.016666666666666666,1.0,0.0,0.0,0.15230028961551528
6184,0.016666666666666666,1.0,0.0,0.0,7.00400278759311e-06
6187,0.06666666666666667,0.625,0.25,0.25,0.47941523580726386
6188,0.025,0.6666666666666666,0.3333333333333333,0.0,0.15537679783996555
6190,0.0,0.0,0.0,0.0,0.0
6192,0.0,0.0,0.0,0.0,0.0
6193,0.008333333333333333,1.0,0.0,0.0,0.0
6195,0.008333333333333333,1.0,0.0,0.0,0.0
6202,0.0,0.0,0.0,0.0,0.0
6209,0.016666666666666666,1.0,0.0,0.0,1.57590062720845e-05
6214,0.016666666666666666,0.5,0.5,0.0,0.0
6217,0.0,0.0,0.0,0.0,0.0
6219,0.0,0.0,0.0,0.0,0.0
6224,0.008333333333333333,1.0,0.0,0.0,0.0
6225,0.0,0.0,0.0,0.0,0.0
6233,0.0,0.0,0.0,0.0,0.0
6236,0.016666666666666666,0.0,1.0,0.0,0.013475701363329142
6247,0.008333333333333333,1.0,0.0,0.0,0.0
6249,0.0,0.0,0.0,0.0,0.0
6259,0.008333333333333333,0.0,1.0,0.0,0.0
6265,0.0,0.0,0.0,0.0,0.0
6269,0.05,0.0,1.0,0.0,0.4502260541899696
6282,0.008333333333333333,1.0,0.0,0.0,0.0
6286,0.0,0.0,0.0,0.0,0.0
6298,0.008333333333333333,1.0,0.0,0.0,0.0
6309,0.008333333333333333,0.0,1.0,0.0,0.0
6330,0.025,0.0,0.6666666666666666,0.6666666666666666,0.3986590836663153
6331,0.0,0.0,0.0,0.0,0.0
6338,0.06666666666666667,0.25,0.75,0.0,0.6372154186117366
6359,0.008333333333333333,1.0,0.0,0.0,0.0
6376,0.008333333333333333,1.0,0.0,0.0,0.0
6378,0.008333333333333333,1.0,0.0,0.0,0.0
6384,0.0,0.0,0.0,0.0,0.0
6391,0.0,0.0,0.0,0.0,0.0
6393,0.008333333333333333,0.0,1.0,0.0,0.0
6394,0.016666666666666666,0.5,0.5,0.0,0.24451148831557235
6428,0.0,0.0,0.0,0.0,0.0
6430,0.0,0.0,0.0,0.0,0.0
6431,0.0,0.0,0.0,0.0,0.0
6433,0.016666666666666666,0.0,0.5,1.0,0.0
6435,0.15833333333333333,0.3684210526315789,0.42105263157894735,0.42105263157894735,0.22662501619675646
6436,0.0,0.0,0.0,0.0,0.0
6442,0.0,0.0,0.0,0.0,0.0
6443,0.025,0.0,0.6666666666666666,0.6666666666666666,0.30876971189034536
6444,0.0,0.0,0.0,0.0,0.0
6448,0.0,0.0,0.0,0.0,0.0
6451,0.016666666666666666,1.0,0.0,0.0,0.007504788986906017
6452,0.0,0.0,0.0,0.0,0.0
6458,0.008333333333333333,1.0,0.0,0.0,0.0
6459,0.008333333333333333,1.0,0.0,0.0,0.0
6461,0.016666666666666666,0.5,0.5,0.0,0.0
6463,0.008333333333333333,1.0,0.0,0.0,0.0
6467,0.0,0.0,0.0,0.0,0.0
6473,0.03333333333333333,0.5,0.25,0.5,0.05584116322478296
6476,0.008333333333333333,1.0,0.0,0.0,0.0
6477,0.016666666666666666,1.0,0.0,0.0,0.0023393369310560986
6481,0.008333333333333333,0.0,1.0,0.0,0.0
6492,0.008333333333333333,1.0,0.0,0.0,0.0
6521,0.0,0.0,0.0,0.0,0.0
6525,0.016666666666666666,1.0,0.0,0.0,0.02345990733704312
6541,0.0,0.0,0.0,0.0,0.0
6545,0.06666666666666667,0.375,0.625,0.0,0.4935860844472616
6565,0.016666666666666666,0.5,0.5,0.0,0.01650493256896316
6607,0.0,0.0,0.0,0.0,0.0
6610,0.09166666666666666,0.36363636363636365,0.36363636363636365,0.5454545454545454,0.12725397564708232
6629,0.008333333333333333,0.0,1.0,0.0,0.0
6635,0.016666666666666666,0.5,0.5,0.0,0.0037138724781212466
6647,0.025,1.0,0.0,0.0,0.5541672065585482
6648,0.0,0.0,0.0,0.0,0.0
6649,0.03333333333333333,0.0,0.5,1.0,0.02850278934411016
6650,0.0,0.0,0.0,0.0,0.0
6655,0.008333333333333333,1.0,0.0,0.0,0.0
6657,0.0,0.0,0.0,0.0,0.0
6660,0.0,0.0,0.0,0.0,0.0
6661,0.0,0.0,0.0,0.0,0.0
6666,0.016666666666666666,0.5,0.5,0.0,0.0
6668,0.10833333333333334,0.46153846153846156,0.5384615384615384,0.0,0.5209874943530227
6673,0.0,0.0,0.0,0.0,0.0
6677,0.03333333333333333,0.75,0.25,0.0,0.6392098084055038
6685,0.016666666666666666,0.0,0.5,1.0,0.0
6691,0.058333333333333334,0.2857142857142857,0.7142857142857143,0.0,0.0002871641142913175
6694,0.0,0.0,0.0,0.0,0.0
6697,0.008333333333333333,1.0,0.0,0.0,0.0
6701,0.08333333333333333,0.6,0.4,0.0,0.6406193639665069
6703,0.05,0.6666666666666666,0.3333333333333333,0.0,0.1673186225928118
6704,0.1,0.16666666666666666,0.6666666666666666,0.3333333333333333,0.5704427580362177
6707,0.125,0.06666666666666667,0.7333333333333333,0.4,0.7875020574258189
6710,0.0,0.0,0.0,0.0,0.0
6716,0.09166666666666666,0.45454545454545453,0.36363636363636365,0.36363636363636365,0.329879776292151
6717,0.008333333333333333,1.0,0.0,0.0,0.0
6725,0.016666666666666666,0.5,0.5,0.0,0.12152820336822494
6733,0.008333333333333333,0.0,1.0,0.0,0.0
6735,0.025,0.0,1.0,0.0,0.33072025662666216
6747,0.0,0.0,0.0,0.0,0.0
6753,0.05,0.5,0.5,0.0,0.35330991661734684
6754,0.008333333333333333,1.0,0.0,0.0,0.0
6757,0.058333333333333334,0.0,0.5714285714285714,0.8571428571428571,0.046021551316577425
6764,0.008333333333333333,1.0,0.0,0.0,0.0
6765,0.475,0.5614035087719298,0.3684210526315789,0.14035087719298245,0.30161512304281896
6773,0.025,0.3333333333333333,0.3333333333333333,0.6666666666666666,0.0006793882703965316
6789,0.041666666666666664,0.0,0.6,0.8,0.13960903656439655
6794,0.0,0.0,0.0,0.0,0.0
6806,0.0,0.0,0.0,0.0,0.0
6862,0.008333333333333333,0.0,1.0,0.0,0.0
6871,0.058333333333333334,0.0,0.7142857142857143,0.5714285714285714,0.05161249654177363
6881,0.008333333333333333,1.0,0.0,0.0,0.0
6891,0.008333333333333333,1.0,0.0,0.0,0.0
6893,0.008333333333333333,1.0,0.0,0.0,0.0
6899,0.03333333333333333,0.25,0.5,0.5,0.48085630938081114
6902,0.0,0.0,0.0,0.0,0.0
6904,0.016666666666666666,1.0,0.0,0.0,0.013015188180044896
6905,0.016666666666666666,0.5,0.5,0.0,0.30173769309160187
6912,0.008333333333333333,0.0,1.0,0.0,0.0
6914,0.008333333333333333,0.0,1.0,0.0,0.0
6920,0.0,0.0,0.0,0.0,0.0
6921,0.0,0.0,0.0,0.0,0.0
6981,0.0,0.0,0.0,0.0,0.0
6982,0.11666666666666667,0.5714285714285714,0.2857142857142857,0.2857142857142857,0.6937429741097038
6990,0.008333333333333333,1.0,0.0,0.0,0.0
6992,0.11666666666666667,0.8571428571428571,0.14285714285714285,0.0,0.6198017166810833
6993,0.058333333333333334,0.42857142857142855,0.5714285714285714,0.0,0.15194483647404491
7001,0.0,0.0,0.0,0.0,0.0
7003,0.0,0.0,0.0,0.0,0.0
7009,0.008333333333333333,1.0,0.0,0.0,0.0
7015,0.008333333333333333,0.0,1.0,0.0,0.0
7020,0.6416666666666666,0.7532467532467533,0.24675324675324675,0.0,0.7838039439539697
7022,0.008333333333333333,1.0,0.0,0.0,0.0
7023,0.008333333333333333,0.0,1.0,0.0,0.0
7024,0.0,0.0,0.0,0.0,0.0
7026,0.008333333333333333,1.0,0.0,0.0,0.0
7033,0.025,0.6666666666666666,0.3333333333333333,0.0,0.004198899671162069
7035,0.008333333333333333,0.0,1.0,0.0,0.0
7037,0.0,0.0,0.0,0.0,0.0
7039,0.0,0.0,0.0,0.0,0.0
7043,0.016666666666666666,0.0,0.5,1.0,0.0
7045,0.008333333333333333,0.0,1.0,0.0,0.0
7048,0.0,0.0,0.0,0.0,0.0
7051,0.008333333333333333,1.0,0.0,0.0,0.0
7065,0.008333333333333333,0.0,1.0,0.0,0.0
7073,0.008333333333333333,0.0,1.0,0.0,0.0
7075,0.008333333333333333,0.0,1.0,0.0,0.0
7078,0.008333333333333333,0.0,1.0,0.0,0.0
7079,0.0,0.0,0.0,0.0,0.0
7081,0.11666666666666667,0.0,1.0,0.0,0.0371019537665776
7083,0.0,0.0,0.0,0.0,0.0
7086,0.0,0.0,0.0,0.0,0.0
7087,0.041666666666666664,0.0,1.0,0.0,0.024876466900833828
7091,0.016666666666666666,1.0,0.0,0.0,0.30104604781632704
7096,0.016666666666666666,0.0,0.5,1.0,0.0
7101,0.0,0.0,0.0,0.0,0.0
7104,0.016666666666666666,0.0,0.5,1.0,0.0
7110,0.008333333333333333,0.0,1.0,0.0,0.0
7118,0.0,0.0,0.0,0.0,0.0
7137,0.03333333333333333,0.0,0.5,1.0,0.46028555319365017
7144,0.016666666666666666,0.0,0.5,1.0,0.0
7153,0.016666666666666666,0.0,0.5,1.0,0.0
7155,0.008333333333333333,1.0,0.0,0.0,0.0
7162,0.0,0.0,0.0,0.0,0.0
7165,0.008333333333333333,1.0,0.0,0.0,0.0
7169,0.0,0.0,0.0,0.0,0.0
7172,0.05,0.8333333333333334,0.16666666666666666,0.0,0.016217768454671846
7175,0.008333333333333333,1.0,0.0,0.0,0.0
7182,0.008333333333333333,1.0,0.0,0.0,0.0
7189,0.075,0.7777777777777778,0.2222222222222222,0.0,0.09021155590419926
7190,0.016666666666666666,0.5,0.5,0.0,0.09946384358660976
7197,0.008333333333333333,1.0,0.0,0.0,0.0
7202,0.0,0.0,0.0,0.0,0.0
7205,0.0,0.0,0.0,0.0,0.0
7206,0.025,0.3333333333333333,0.3333333333333333,0.6666666666666666,0.07180153457701076
7208,0.008333333333333333,1.0,0.0,0.0,0.0
7210,0.008333333333333333,0.0,1.0,0.0,0.0
7214,0.0,0.0,0.0,0.0,0.0
7215,0.008333333333333333,0.0,1.0,0.0,0.0
7216,0.058333333333333334,0.0,1.0,0.0,0.3966384288620947
7218,0.008333333333333333,1.0,0.0,0.0,0.0
7219,0.075,0.4444444444444444,0.5555555555555556,0.0,0.3374458503034484
7222,0.016666666666666666,0.5,0.5,0.0,0.0
7224,0.0,0.0,0.0,0.0,0.0
7225,0.03333333333333333,0.0,1.0,0.0,0.014025515582155201
7230,0.008333333333333333,0.0,1.0,0.0,0.0
7231,0.016666666666666666,0.0,1.0,0.0,0.00017510006968982775
7233,0.008333333333333333,1.0,0.0,0.0,0.0
7234,0.15833333333333333,0.7368421052631579,0.15789473684210525,0.21052631578947367,0.308827494913343
7237,0.025,0.3333333333333333,0.3333333333333333,0.6666666666666666,0.02558387118238073
7238,0.03333333333333333,0.25,0.5,0.5,0.19260482365671983
7246,0.0,0.0,0.0,0.0,0.0
7247,0.025,1.0,0.0,0.0,0.4398321140531814
7257,0.058333333333333334,1.0,0.0,0.0,0.44345143249367014
7259,0.10833333333333334,0.0,0.6153846153846154,0.7692307692307693,0.5302590430430991
7261,0.0,0.0,0.0,0.0,0.0
7268,0.058333333333333334,0.0,1.0,0.0,0.0005883362341578212
7275,0.0,0.0,0.0,0.0,0.0
7284,0.06666666666666667,0.25,0.75,0.0,0.0714618404418125
7286,0.05,0.8333333333333334,0.16666666666666666,0.0,0.0022500358955142865
7298,0.058333333333333334,0.42857142857142855,0.42857142857142855,0.2857142857142857,0.16369230014953545
7301,0.016666666666666666,0.5,0.5,0.0,0.0
7304,0.03333333333333333,0.0,0.75,0.5,0.31642508693718463
7315,0.008333333333333333,0.0,1.0,0.0,0.0
7316,0.008333333333333333,0.0,1.0,0.0,0.0
7317,0.016666666666666666,1.0,0.0,0.0,0.07902966545380685
7319,0.025,0.6666666666666666,0.3333333333333333,0.0,0.33276192343924554
7322,0.016666666666666666,1.0,0.0,0.0,7.00400278759311e-05
7328,0.025,0.6666666666666666,0.3333333333333333,0.0,0.002148477855094186
7333,0.008333333333333333,0.0,1.0,0.0,0.0
7337,0.008333333333333333,1.0,0.0,0.0,0.0
7351,0.008333333333333333,1.0,0.0,0.0,0.0
7357,0.03333333333333333,0.5,0.5,0.0,5.253002090694832e-06
7360,0.016666666666666666,0.5,0.5,0.0,0.0
7363,0.025,0.3333333333333333,0.6666666666666666,0.0,0.13521927781727258
7365,0.041666666666666664,0.2,0.6,0.4,0.1726941947322895
7373,0.008333333333333333,0.0,1.0,0.0,0.0
7382,0.008333333333333333,1.0,0.0,0.0,0.0
7388,0.008333333333333333,1.0,0.0,0.0,0.0
7392,0.008333333333333333,0.0,1.0,0.0,0.0
7393,0.016666666666666666,1.0,0.0,0.0,0.20536436573501757
7409,0.008333333333333333,1.0,0.0,0.0,0.0
7411,0.008333333333333333,1.0,0.0,0.0,0.0
7428,0.016666666666666666,0.0,1.0,0.0,0.0
7437,0.0,0.0,0.0,0.0,0.0
7467,0.016666666666666666,0.0,1.0,0.0,0.12077177106716488
7474,0.016666666666666666,1.0,0.0,0.0,3.1518012544169e-05
7511,0.016666666666666666,1.0,0.0,0.0,0.003743639489968517
7523,0.075,0.3333333333333333,0.5555555555555556,0.2222222222222222,0.08475543773266422
7527,0.0,0.0,0.0,0.0,0.0
7529,0.008333333333333333,1.0,0.0,0.0,0.0
7565,0.0,0.0,0.0,0.0,0.0
7576,0.0,0.0,0.0,0.0,0.0
7581,0.0,0.0,0.0,0.0,0.0
7587,0.0,0.0,0.0,0.0,0.0
7590,0.0,0.0,0.0,0.0,0.0
7613,0.016666666666666666,0.5,0.5,0.0,0.34730748622837954
7619,0.0,0.0,0.0,0.0,0.0
7630,0.06666666666666667,0.125,0.625,0.5,0.02650139554755543
7632,0.0,0.0,0.0,0.0,0.0
7651,0.008333333333333333,1.0,0.0,0.0,0.0
7653,0.0,0.0,0.0,0.0,0.0
7655,0.025,1.0,0.0,0.0,0.0031658092599920855
7668,0.025,1.0,0.0,0.0,0.07722963673739543
7669,0.008333333333333333,0.0,1.0,0.0,0.0
7675,0.0,0.0,0.0,0.0,0.0
7692,0.016666666666666666,0.0,0.5,1.0,0.0
7695,0.041666666666666664,0.6,0.2,0.4,0.290753665719959
7711,0.0,0.0,0.0,0.0,0.0
7722,0.0,0.0,0.0,0.0,0.0
7738,0.008333333333333333,1.0,0.0,0.0,0.0
7740,0.008333333333333333,1.0,0.0,0.0,0.0
7741,0.041666666666666664,0.4,0.6,0.0,0.1765656572731316
7743,0.016666666666666666,0.5,0.5,0.0,0.0
7746,0.025,0.0,0.6666666666666666,0.6666666666666666,0.0
7749,0.016666666666666666,0.5,0.5,0.0,0.0
7752,0.025,0.6666666666666666,0.3333333333333333,0.0,0.019982419953003143
7758,0.0,0.0,0.0,0.0,0.0
7759,0.008333333333333333,0.0,1.0,0.0,0.0
7764,0.03333333333333333,0.5,0.25,0.5,0.22391271611726102
7766,0.008333333333333333,1.0,0.0,0.0,0.0
7771,0.058333333333333334,0.0,0.7142857142857143,0.5714285714285714,0.09110631726031428
7772,0.008333333333333333,1.0,0.0,0.0,0.0
7775,0.016666666666666666,0.0,0.5,1.0,0.0
7777,0.0,0.0,0.0,0.0,0.0
7779,0.016666666666666666,1.0,0.0,0.0,0.26491940143792175
7784,0.0,0.0,0.0,0.0,0.0
7785,0.016666666666666666,0.0,0.5,1.0,0.0
7793,0.008333333333333333,1.0,0.0,0.0,0.0
7800,0.075,0.0,0.6666666666666666,0.6666666666666666,0.0005270512097663815
7821,0.0,0.0,0.0,0.0,0.0
7822,0.016666666666666666,0.5,0.5,0.0,0.00047977419095012803
7829,0.016666666666666666,0.5,0.5,0.0,0.0670773346967792
7835,0.025,0.3333333333333333,0.3333333333333333,0.6666666666666666,0.3203000514794205
7837,0.008333333333333333,0.0,1.0,0.0,0.0
7838,0.025,1.0,0.0,0.0,0.03071780522568648
7839,0.008333333333333333,1.0,0.0,0.0,0.0
7843,0.0,0.0,0.0,0.0,0.0
7844,0.008333333333333333,1.0,0.0,0.0,0.0
7849,0.008333333333333333,1.0,0.0,0.0,0.0
7850,0.008333333333333333,1.0,0.0,0.0,0.0
7852,0.0,0.0,0.0,0.0,0.0
7855,0.0,0.0,0.0,0.0,0.0
7865,0.008333333333333333,1.0,0.0,0.0,0.0
7870,0.008333333333333333,1.0,0.0,0.0,0.0
7873,0.008333333333333333,1.0,0.0,0.0,0.0
7874,0.016666666666666666,0.0,0.5,1.0,0.0
7880,0.025,0.0,0.6666666666666666,0.6666666666666666,0.00035195114007655374
7881,0.008333333333333333,1.0,0.0,0.0,0.0
7893,0.0,0.0,0.0,0.0,0.0
7910,0.0,0.0,0.0,0.0,0.0
7914,0.0,0.0,0.0,0.0,0.0
7917,0.03333333333333333,0.25,0.75,0.0,0.0021834978690321518
7921,0.008333333333333333,1.0,0.0,0.0,0.0
7928,0.0,0.0,0.0,0.0,0.0
7929,0.008333333333333333,1.0,0.0,0.0,0.0
7930,0.016666666666666666,1.0,0.0,0.0,0.014696148849067243
7931,0.041666666666666664,0.2,0.6,0.4,0.0460425633249402
7932,0.016666666666666666,0.5,0.5,0.0,0.0
7933,0.008333333333333333,1.0,0.0,0.0,0.0
7934,0.016666666666666666,0.0,0.5,1.0,0.0
7937,0.0,0.0,0.0,0.0,0.0
7938,0.008333333333333333,1.0,0.0,0.0,0.0
7939,0.008333333333333333,1.0,0.0,0.0,0.0
7940,0.008333333333333333,1.0,0.0,0.0,0.0
7942,0.025,0.0,0.6666666666666666,0.6666666666666666,0.0
7949,0.008333333333333333,0.0,1.0,0.0,0.0
7958,0.0,0.0,0.0,0.0,0.0
7959,0.008333333333333333,1.0,0.0,0.0,0.0
7962,0.03333333333333333,0.5,0.5,0.0,0.044844878848261785
7963,0.0,0.0,0.0,0.0,0.0
7966,0.0,0.0,0.0,0.0,0.0
7989,0.0,0.0,0.0,0.0,0.0
7999,0.008333333333333333,1.0,0.0,0.0,0.0
8000,0.0,0.0,0.0,0.0,0.0
8002,0.008333333333333333,1.0,0.0,0.0,0.0
8004,0.008333333333333333,0.0,1.0,0.0,0.0
8005,0.016666666666666666,0.0,1.0,0.0,0.14253495872891359
8006,0.016666666666666666,0.0,0.5,1.0,0.0
8013,0.06666666666666667,0.625,0.25,0.25,0.06329167119008514
8017,0.0,0.0,0.0,0.0,0.0
8020,0.008333333333333333,1.0,0.0,0.0,0.0
8022,0.008333333333333333,1.0,0.0,0.0,0.0
8033,0.0,0.0,0.0,0.0,0.0
8047,0.008333333333333333,1.0,0.0,0.0,0.0
8062,0.008333333333333333,0.0,1.0,0.0,0.0
8065,0.0,0.0,0.0,0.0,0.0
8068,0.008333333333333333,1.0,0.0,0.0,0.0
8073,0.05,0.0,0.8333333333333334,0.3333333333333333,0.01711778281287756
8074,0.0,0.0,0.0,0.0,0.0
8077,0.0,0.0,0.0,0.0,0.0
8090,0.025,0.0,1.0,0.0,0.13589166208488151
8092,0.0,0.0,0.0,0.0,0.0
8100,0.008333333333333333,0.0,1.0,0.0,0.0
8122,0.016666666666666666,0.0,0.5,1.0,0.0
8128,0.008333333333333333,0.0,1.0,0.0,0.0
8134,0.0,0.0,0.0,0.0,0.0
8137,0.008333333333333333,1.0,0.0,0.0,0.0
8147,0.016666666666666666,1.0,0.0,0.0,2.101200836277933e-05
8148,0.0,0.0,0.0,0.0,0.0
8155,0.008333333333333333,0.0,1.0,0.0,0.0
8156,0.0,0.0,0.0,0.0,0.0
8159,0.0,0.0,0.0,0.0,0.0
8160,0.0,0.0,0.0,0.0,0.0
8167,0.008333333333333333,1.0,0.0,0.0,0.0
8173,0.016666666666666666,1.0,0.0,0.0,0.0355733301581854
8188,0.008333333333333333,0.0,1.0,0.0,0.0
8201,0.13333333333333333,0.8125,0.125,0.125,0.21301448777976614
8203,0.016666666666666666,1.0,0.0,0.0,0.26414370812919585
8204,0.041666666666666664,1.0,0.0,0.0,0.4438436566497754
8207,0.016666666666666666,0.0,1.0,0.0,0.0
8208,0.008333333333333333,1.0,0.0,0.0,0.0
8224,0.0,0.0,0.0,0.0,0.0
8233,0.016666666666666666,0.5,0.5,0.0,0.0742056585338521
8241,0.0,0.0,0.0,0.0,0.0
8252,0.05,0.5,0.3333333333333333,0.3333333333333333,0.21483903050593414
8253,0.08333333333333333,0.7,0.2,0.2,0.23884525006040952
8254,0.008333333333333333,1.0,0.0,0.0,0.0
8268,0.05,0.0,0.8333333333333334,0.3333333333333333,0.45696040287024037
8292,0.058333333333333334,0.42857142857142855,0.42857142857142855,0.2857142857142857,0.3090183539893049
8297,0.0,0.0,0.0,0.0,0.0
8305,0.0,0.0,0.0,0.0,0.0
8306,0.008333333333333333,1.0,0.0,0.0,0.0
8309,0.008333333333333333,1.0,0.0,0.0,0.0
8312,0.025,0.3333333333333333,0.3333333333333333,0.6666666666666666,0.07849210823985908
8315,0.0,0.0,0.0,0.0,0.0
8317,0.041666666666666664,1.0,0.0,0.0,0.006168775455172631
8327,0.05,0.6666666666666666,0.3333333333333333,0.0,0.43896186670682297
8334,0.0,0.0,0.0,0.0,0.0
8343,0.025,0.0,0.6666666666666666,0.6666666666666666,0.01739268992229059
8347,0.016666666666666666,0.0,1.0,0.0,0.0
8349,0.008333333333333333,1.0,0.0,0.0,0.0
8374,0.03333333333333333,0.0,0.5,1.0,0.0004850271930408228
8377,0.016666666666666666,0.5,0.5,0.0,0.0
8379,0.008333333333333333,0.0,1.0,0.0,0.0
8386,0.016666666666666666,0.0,1.0,0.0,0.0
8395,0.0,0.0,0.0,0.0,0.0
8397,0.016666666666666666,0.5,0.5,0.0,0.014550815791224685
8398,0.058333333333333334,0.0,1.0,0.0,0.01020483206152316
8402,0.008333333333333333,0.0,1.0,0.0,0.0
8403,0.008333333333333333,1.0,0.0,0.0,0.0
8411,0.008333333333333333,1.0,0.0,0.0,0.0
8413,0.016666666666666666,0.5,0.5,0.0,0.0
8414,0.03333333333333333,0.0,1.0,0.0,0.006603023628003404
8418,0.016666666666666666,0.0,0.5,1.0,0.0
8425,0.041666666666666664,0.4,0.6,0.0,0.3029546385759462
8429,0.016666666666666666,0.5,0.5,0.0,0.0
8434,0.016666666666666666,0.5,0.5,0.0,0.024167311618590023
8453,0.0,0.0,0.0,0.0,0.0
8455,0.0,0.0,0.0,0.0,0.0
8494,0.008333333333333333,0.0,1.0,0.0,0.0
8502,0.0,0.0,0.0,0.0,0.0
8512,0.0,0.0,0.0,0.0,0.0
8515,0.0,0.0,0.0,0.0,0.0
8516,0.03333333333333333,0.25,0.75,0.0,0.2854306236013882
8517,0.025,0.3333333333333333,0.3333333333333333,0.6666666666666666,0.0691277565128471
8518,0.008333333333333333,0.0,1.0,0.0,0.0
8524,0.008333333333333333,1.0,0.0,0.0,0.0
8526,0.016666666666666666,1.0,0.0,0.0,0.13929210543825796
8554,0.008333333333333333,1.0,0.0,0.0,0.0
8569,0.008333333333333333,0.0,1.0,0.0,0.0
8587,0.0,0.0,0.0,0.0,0.0
8598,0.0,0.0,0.0,0.0,0.0
8603,0.025,0.3333333333333333,0.6666666666666666,0.0,0.18689130838274073
8609,0.025,0.3333333333333333,0.3333333333333333,0.6666666666666666,7.00400278759311e-05
8614,0.09166666666666666,0.45454545454545453,0.36363636363636365,0.36363636363636365,0.013862672517343662
8615,0.008333333333333333,1.0,0.0,0.0,0.0
8616,0.008333333333333333,1.0,0.0,0.0,0.0
8617,0.008333333333333333,1.0,0.0,0.0,0.0
8618,0.025,0.3333333333333333,0.6666666666666666,0.0,0.009732061873360625
8627,0.025,0.3333333333333333,0.6666666666666666,0.0,0.005461371173625727
8628,0.025,0.3333333333333333,0.6666666666666666,0.0,9.805603902630354e-05
8631,0.008333333333333333,1.0,0.0,0.0,0.0
8643,0.0,0.0,0.0,0.0,0.0
8644,0.041666666666666664,0.0,0.6,0.8,0.1455466799275786
8650,0.025,1.0,0.0,0.0,0.025601381189349712
8666,0.0,0.0,0.0,0.0,0.0
8682,0.016666666666666666,0.5,0.5,0.0,0.09476941071822546
8701,0.025,1.0,0.0,0.0,0.0001698470675991329
8705,0.06666666666666667,0.75,0.25,0.0,0.2965950040448116
8725,0.0,0.0,0.0,0.0,0.0
8730,0.008333333333333333,1.0,0.0,0.0,0.0
8742,0.25,0.5333333333333333,0.36666666666666664,0.2,0.2153012946899153
8748,0.008333333333333333,1.0,0.0,0.0,0.0
8753,0.0,0.0,0.0,0.0,0.0
8764,0.008333333333333333,1.0,0.0,0.0,0.0
8777,0.008333333333333333,0.0,1.0,0.0,0.0
8779,0.0,0.0,0.0,0.0,0.0
8790,0.0,0.0,0.0,0.0,0.0
8828,0.0,0.0,0.0,0.0,0.0
8833,0.0,0.0,0.0,0.0,0.0
8841,0.008333333333333333,1.0,0.0,0.0,0.0
8862,0.0,0.0,0.0,0.0,0.0
8866,0.0,0.0,0.0,0.0,0.0
8878,0.0,0.0,0.0,0.0,0.0
8893,0.008333333333333333,0.0,1.0,0.0,0.0
8897,0.041666666666666664,0.2,0.6,0.4,0.3061607208519669
8908,0.06666666666666667,0.75,0.25,0.0,0.17084163599497112
8910,0.008333333333333333,1.0,0.0,0.0,0.0
8916,0.0,0.0,0.0,0.0,0.0
8933,0.016666666666666666,0.5,0.5,0.0,0.0
8942,0.0,0.0,0.0,0.0,0.0
8950,0.075,0.1111111111111111,0.4444444444444444,0.8888888888888888,0.18037933679097604
8970,0.075,0.1111111111111111,0.7777777777777778,0.2222222222222222,0.03520211801044297
8971,0.0,0.0,0.0,0.0,0.0
9013,0.0,0.0,0.0,0.0,0.0
9014,0.0,0.0,0.0,0.0,0.0
9018,0.0,0.0,0.0,0.0,0.0
9023,0.0,0.0,0.0,0.0,0.0
9031,0.0,0.0,0.0,0.0,0.0
9052,0.0,0.0,0.0,0.0,0.0
9059,0.058333333333333334,0.0,1.0,0.0,0.42776246624946157
9063,0.008333333333333333,0.0,1.0,0.0,0.0
9067,0.0,0.0,0.0,0.0,0.0
9077,0.008333333333333333,0.0,1.0,0.0,0.0
9089,0.008333333333333333,1.0,0.0,0.0,0.0
9091,0.058333333333333334,0.14285714285714285,0.5714285714285714,0.5714285714285714,0.09133920035300175
9092,0.008333333333333333,1.0,0.0,0.0,0.0
9099,0.016666666666666666,0.0,0.5,1.0,0.0
9107,0.14166666666666666,0.8235294117647058,0.17647058823529413,0.0,0.6894197533890619
9118,0.0,0.0,0.0,0.0,0.0
9121,0.016666666666666666,0.0,1.0,0.0,0.0
9127,0.025,0.3333333333333333,0.3333333333333333,0.6666666666666666,0.0008702473463584439
9129,0.03333333333333333,0.75,0.25,0.0,0.7789729330312274
9133,0.03333333333333333,0.75,0.25,0.0,0.13261203777959105
9136,0.0,0.0,0.0,0.0,0.0
9139,0.025,0.3333333333333333,0.6666666666666666,0.0,0.2110235999873928
9141,0.016666666666666666,0.0,0.5,1.0,0.0
9147,0.008333333333333333,1.0,0.0,0.0,0.0
9148,0.008333333333333333,0.0,1.0,0.0,0.0
9154,0.025,0.3333333333333333,0.6666666666666666,0.0,0.10718575665993116
9158,0.008333333333333333,0.0,1.0,0.0,0.0
9160,0.016666666666666666,0.0,1.0,0.0,0.13962304456997174
9161,0.016666666666666666,0.0,1.0,0.0,0.14267328778396854
9162,0.14166666666666666,0.35294117647058826,0.5294117647058824,0.23529411764705882,0.31476688927722196
9164,0.0,0.0,0.0,0.0,0.0
9172,0.008333333333333333,1.0,0.0,0.0,0.0
9175,0.0,0.0,0.0,0.0,0.0
9176,0.025,0.3333333333333333,0.6666666666666666,0.0,0.18321070491786057
9177,0.008333333333333333,1.0,0.0,0.0,0.0
9179,0.075,0.3333333333333333,0.4444444444444444,0.4444444444444444,0.35065189755945525
9180,0.008333333333333333,1.0,0.0,0.0,0.0
9183,0.008333333333333333,1.0,0.0,0.0,0.0
9185,0.14166666666666666,0.6470588235294118,0.23529411764705882,0.23529411764705882,0.270578635690297
9187,0.05,0.8333333333333334,0.16666666666666666,0.0,0.21378142608500758
9188,0.008333333333333333,0.0,1.0,0.0,0.0
9191,0.025,0.0,0.6666666666666666,0.6666666666666666,0.132044713553796
9193,0.025,1.0,0.0,0.0,0.1538831942455113
9194,0.0,0.0,0.0,0.0,0.0
9195,0.0,0.0,0.0,0.0,0.0
9196,0.008333333333333333,0.0,1.0,0.0,0.0
9201,0.0,0.0,0.0,0.0,0.0
9203,0.008333333333333333,0.0,1.0,0.0,0.0
9206,0.03333333333333333,1.0,0.0,0.0,0.327985193538107
9207,0.016666666666666666,0.0,0.5,1.0,0.0
9214,0.016666666666666666,1.0,0.0,0.0,0.02186474570216879
9215,0.008333333333333333,1.0,0.0,0.0,0.0
9216,0.05,0.16666666666666666,0.5,0.6666666666666666,0.00039047315540831584
9219,0.016666666666666666,0.0,0.5,1.0,0.0
9226,0.05,0.0,0.6666666666666666,0.6666666666666666,0.2987277228936337
9232,0.03333333333333333,0.5,0.5,0.0,0.23983981845624774
9234,0.0,0.0,0.0,0.0,0.0
9238,0.016666666666666666,0.5,0.5,0.0,0.0
9242,0.008333333333333333,1.0,0.0,0.0,0.0
9248,0.008333333333333333,1.0,0.0,0.0,0.0
9250,0.016666666666666666,1.0,0.0,0.0,0.03373828142783601
9251,0.0,0.0,0.0,0.0,0.0
9252,0.025,0.3333333333333333,0.3333333333333333,0.6666666666666666,0.11652384337648966
9253,0.0,0.0,0.0,0.0,0.0
9268,0.008333333333333333,1.0,0.0,0.0,0.0
9273,0.008333333333333333,1.0,0.0,0.0,0.0
9275,0.0,0.0,0.0,0.0,0.0
9276,0.008333333333333333,1.0,0.0,0.0,0.0
9277,0.03333333333333333,0.25,0.5,0.5,0.11934820750058658
9278,0.016666666666666666,0.5,0.5,0.0,0.0
9279,0.025,1.0,0.0,0.0,0.04436510465731165
9313,0.016666666666666666,0.0,0.5,1.0,0.0
9320,0.0,0.0,0.0,0.0,0.0
9322,0.008333333333333333,0.0,1.0,0.0,0.0
9335,0.008333333333333333,1.0,0.0,0.0,0.0
9339,0.016666666666666666,1.0,0.0,0.0,0.0478741100538958
9351,0.125,0.8,0.2,0.0,0.9205903673949662
9359,0.0,0.0,0.0,0.0,0.0
9373,0.008333333333333333,1.0,0.0,0.0,0.0
9380,0.05,0.6666666666666666,0.3333333333333333,0.0,0.2945708472391972
9382,0.0,0.0,0.0,0.0,0.0
9397,0.008333333333333333,1.0,0.0,0.0,0.0
9399,0.016666666666666666,0.0,0.5,1.0,0.0
9405,0.06666666666666667,0.75,0.25,0.0,0.23148754513204298
9419,0.008333333333333333,1.0,0.0,0.0,0.0
9434,0.016666666666666666,0.5,0.5,0.0,0.0
9435,0.0,0.0,0.0,0.0,0.0
9438,0.0,0.0,0.0,0.0,0.0
9439,0.008333333333333333,0.0,1.0,0.0,0.0
9442,0.0,0.0,0.0,0.0,0.0
9451,0.03333333333333333,1.0,0.0,0.0,0.1473904836614125
9457,0.008333333333333333,1.0,0.0,0.0,0.0
9465,0.008333333333333333,1.0,0.0,0.0,0.0
9499,0.016666666666666666,1.0,0.0,0.0,0.0005340552125539746
9503,0.008333333333333333,0.0,1.0,0.0,0.0
9518,0.0,0.0,0.0,0.0,0.0
9523,0.05,0.16666666666666666,0.6666666666666666,0.3333333333333333,0.13617882619917282
9527,0.016666666666666666,0.5,0.5,0.0,0.0
9538,0.0,0.0,0.0,0.0,0.0
9539,0.008333333333333333,1.0,0.0,0.0,0.0
9540,0.008333333333333333,0.0,1.0,0.0,0.0
9546,0.008333333333333333,0.0,1.0,0.0,0.0
9549,0.0,0.0,0.0,0.0,0.0
9550,0.0,0.0,0.0,0.0,0.0
9552,0.05,0.6666666666666666,0.3333333333333333,0.0,0.0009735563874754422
9569,0.016666666666666666,0.0,0.5,1.0,0.0
9611,0.0,0.0,0.0,0.0,0.0
9616,0.008333333333333333,1.0,0.0,0.0,0.0
9625,0.008333333333333333,1.0,0.0,0.0,0.0
9636,0.008333333333333333,1.0,0.0,0.0,0.0
9639,0.0,0.0,0.0,0.0,0.0
9640,0.008333333333333333,1.0,0.0,0.0,0.0
9641,0.0,0.0,0.0,0.0,0.0
9645,0.025,0.3333333333333333,0.6666666666666666,0.0,0.48349331643033994
9647,0.05,0.16666666666666666,0.5,0.6666666666666666,0.24560936575252756
9649,0.0,0.0,0.0,0.0,0.0
9664,0.008333333333333333,1.0,0.0,0.0,0.0
9670,0.0,0.0,0.0,0.0,0.0
9673,0.041666666666666664,1.0,0.0,0.0,0.05840462824504204
9675,0.0,0.0,0.0,0.0,0.0
9683,0.016666666666666666,1.0,0.0,0.0,0.17378331716576023
9688,0.0,0.0,0.0,0.0,0.0
9693,0.0,0.0,0.0,0.0,0.0
9701,0.008333333333333333,0.0,1.0,0.0,0.0
9702,0.008333333333333333,0.0,1.0,0.0,0.0
9709,0.03333333333333333,0.75,0.25,0.0,0.4867764427370242
9711,0.008333333333333333,1.0,0.0,0.0,0.0
9726,0.008333333333333333,1.0,0.0,0.0,0.0
9727,0.03333333333333333,0.25,0.75,0.0,0.2415417911336329
9729,0.0,0.0,0.0,0.0,0.0
9730,0.025,0.6666666666666666,0.3333333333333333,0.0,0.00541759615620327
9741,0.041666666666666664,0.0,1.0,0.0,0.1529954368921839
9751,0.008333333333333333,1.0,0.0,0.0,0.0
9759,0.0,0.0,0.0,0.0,0.0
9772,0.03333333333333333,0.75,0.25,0.0,0.19990124356069494
9786,0.008333333333333333,1.0,0.0,0.0,0.0
9793,0.008333333333333333,1.0,0.0,0.0,0.0
9794,0.025,0.3333333333333333,0.6666666666666666,0.0,0.08820490910555383
9796,0.016666666666666666,1.0,0.0,0.0,0.02780238906535085
9797,0.0,0.0,0.0,0.0,0.0
9798,0.008333333333333333,0.0,1.0,0.0,0.0
9799,0.0,0.0,0.0,0.0,0.0
9806,0.03333333333333333,0.0,0.75,0.5,0.0057940613060364
9817,0.016666666666666666,0.5,0.5,0.0,0.0
9820,0.008333333333333333,0.0,1.0,0.0,0.0
9822,0.05,0.3333333333333333,0.5,0.3333333333333333,0.09699493260398317
9828,0.0,0.0,0.0,0.0,0.0
9829,0.0,0.0,0.0,0.0,0.0
9830,0.008333333333333333,1.0,0.0,0.0,0.0
9832,0.03333333333333333,0.5,0.5,0.0,0.1307262100290316
9833,0.0,0.0,0.0,0.0,0.0
9837,0.008333333333333333,0.0,1.0,0.0,0.0
9840,0.008333333333333333,1.0,0.0,0.0,0.0
9846,0.008333333333333333,1.0,0.0,0.0,0.0
9847,0.025,0.3333333333333333,0.6666666666666666,0.0,0.04996830688738614
9849,0.08333333333333333,0.4,0.6,0.0,0.6093272305122378
9855,0.008333333333333333,1.0,0.0,0.0,0.0
9856,0.008333333333333333,1.0,0.0,0.0,0.0
9861,0.008333333333333333,0.0,1.0,0.0,0.0
9865,0.016666666666666666,0.5,0.5,0.0,0.0
9870,0.0,0.0,0.0,0.0,0.0
9871,0.08333333333333333,0.5,0.4,0.2,0.4350676411569212
9872,0.0,0.0,0.0,0.0,0.0
9875,0.0,0.0,0.0,0.0,0.0
9876,0.0,0.0,0.0,0.0,0.0
9885,0.0,0.0,0.0,0.0,0.0
9888,0.016666666666666666,0.5,0.5,0.0,0.02894754352112232
9890,0.008333333333333333,0.0,1.0,0.0,0.0
9892,0.0,0.0,0.0,0.0,0.0
9893,0.0,0.0,0.0,0.0,0.0
9896,0.025,0.0,1.0,0.0,0.11743436373887677
9899,0.0,0.0,0.0,0.0,0.0
9905,0.016666666666666666,0.0,1.0,0.0,0.01442474374104801
9906,0.016666666666666666,1.0,0.0,0.0,0.07894211541896194
9908,0.0,0.0,0.0,0.0,0.0
9922,0.0,0.0,0.0,0.0,0.0
9927,0.0,0.0,0.0,0.0,0.0
9931,0.008333333333333333,1.0,0.0,0.0,0.0
9935,0.03333333333333333,0.0,1.0,0.0,0.30904812100115214
9938,0.016666666666666666,0.5,0.5,0.0,0.0
9941,0.24166666666666667,0.6551724137931034,0.2413793103448276,0.20689655172413793,0.7461276619588095
9946,0.0,0.0,0.0,0.0,0.0
9950,0.041666666666666664,1.0,0.0,0.0,0.06913476051563469
9954,0.0,0.0,0.0,0.0,0.0
9966,0.008333333333333333,1.0,0.0,0.0,0.0
9968,0.041666666666666664,0.0,0.8,0.4,0.0010523514188358646
9969,0.008333333333333333,1.0,0.0,0.0,0.0
9979,0.008333333333333333,1.0,0.0,0.0,0.0
9980,0.025,0.3333333333333333,0.6666666666666666,0.0,0.053247931192676616
9982,0.0,0.0,0.0,0.0,0.0
9983,0.025,1.0,0.0,0.0,0.03185595567867036
9986,0.0,0.0,0.0,0.0,0.0
9987,0.0,0.0,0.0,0.0,0.0
9998,0.008333333333333333,1.0,0.0,0.0,0.0
10001,0.008333333333333333,1.0,0.0,0.0,0.0
10004,0.0,0.0,0.0,0.0,0.0
10013,0.016666666666666666,0.5,0.5,0.0,0.0
10015,0.008333333333333333,0.0,1.0,0.0,0.0
10016,0.06666666666666667,0.375,0.5,0.25,0.015564645194728787
10018,0.05,0.6666666666666666,0.3333333333333333,0.0,0.16763905572034418
10019,0.041666666666666664,0.2,0.8,0.0,0.0
10022,0.03333333333333333,1.0,0.0,0.0,0.02646987753501126
10023,0.016666666666666666,1.0,0.0,0.0,0.001477844588182146
10024,0.025,0.3333333333333333,0.6666666666666666,0.0,0.22662501619675646
10026,0.016666666666666666,0.5,0.5,0.0,0.0
10027,0.008333333333333333,1.0,0.0,0.0,0.0
10028,0.008333333333333333,1.0,0.0,0.0,0.0
10035,0.041666666666666664,1.0,0.0,0.0,0.017996785162720495
10052,0.016666666666666666,1.0,0.0,0.0,0.0054701261771102185
10054,0.008333333333333333,0.0,1.0,0.0,0.0
10055,0.0,0.0,0.0,0.0,0.0
10058,0.0,0.0,0.0,0.0,0.0
10059,0.008333333333333333,1.0,0.0,0.0,0.0
10060,0.0,0.0,0.0,0.0,0.0
10061,0.008333333333333333,1.0,0.0,0.0,0.0
10067,0.0,0.0,0.0,0.0,0.0
10071,0.016666666666666666,1.0,0.0,0.0,0.004967588977100413
10079,0.008333333333333333,1.0,0.0,0.0,0.0
10086,0.016666666666666666,1.0,0.0,0.0,0.21218451344943637
10087,0.058333333333333334,1.0,0.0,0.0,0.4318195348641749
10090,0.016666666666666666,0.5,0.5,0.0,0.0
10094,0.0,0.0,0.0,0.0,0.0
10095,0.008333333333333333,1.0,0.0,0.0,0.0
10096,0.0,0.0,0.0,0.0,0.0
10105,0.025,0.6666666666666666,0.3333333333333333,0.0,0.2239109651165641
10109,0.075,0.5555555555555556,0.4444444444444444,0.0,0.31232249230435194
10114,0.016666666666666666,0.0,0.5,1.0,0.0
10115,0.016666666666666666,0.0,0.5,1.0,0.0
10117,0.0,0.0,0.0,0.0,0.0
10119,0.06666666666666667,0.125,0.5,0.75,0.14166120938116133
10120,0.008333333333333333,1.0,0.0,0.0,0.0
10122,0.008333333333333333,1.0,0.0,0.0,0.0
10126,0.016666666666666666,0.0,1.0,0.0,0.25215460635753334
10127,0.016666666666666666,1.0,0.0,0.0,0.05046559108530525
10135,0.025,0.3333333333333333,0.3333333333333333,0.6666666666666666,0.0024916739916862485
10138,0.016666666666666666,1.0,0.0,0.0,0.11680750548938719
10142,0.041666666666666664,0.6,0.4,0.0,0.4232291254451919
10143,0.0,0.0,0.0,0.0,0.0
10145,0.03333333333333333,0.0,1.0,0.0,0.5596828587537778
10148,0.008333333333333333,1.0,0.0,0.0,0.0
10149,0.0,0.0,0.0,0.0,0.0
10151,0.008333333333333333,0.0,1.0,0.0,0.0
10152,0.008333333333333333,1.0,0.0,0.0,0.0
10162,0.0,0.0,0.0,0.0,0.0
10167,0.0,0.0,0.0,0.0,0.0
10168,0.016666666666666666,1.0,0.0,0.0,0.3673722032141369
10174,0.008333333333333333,1.0,0.0,0.0,0.0
10175,0.008333333333333333,1.0,0.0,0.0,0.0
10176,0.09166666666666666,0.45454545454545453,0.36363636363636365,0.36363636363636365,0.10911360842721615
10178,0.008333333333333333,1.0,0.0,0.0,0.0
10182,0.03333333333333333,1.0,0.0,0.0,0.20366064205693554
10183,0.0,0.0,0.0,0.0,0.0
10184,0.0,0.0,0.0,0.0,0.0
10190,0.03333333333333333,0.0,0.5,1.0,0.5182944552811932
10191,0.075,0.2222222222222222,0.5555555555555556,0.4444444444444444,0.13484456366813635
10195,0.008333333333333333,1.0,0.0,0.0,0.0
10196,0.016666666666666666,0.5,0.5,0.0,0.0
10198,0.008333333333333333,1.0,0.0,0.0,0.0
10203,0.0,0.0,0.0,0.0,0.0
10207,0.016666666666666666,1.0,0.0,0.0,0.0005217982076756866
10210,0.016666666666666666,0.5,0.5,0.0,0.0
10216,0.0,0.0,0.0,0.0,0.0
10224,0.025,1.0,0.0,0.0,0.25414724515060355
10229,0.008333333333333333,1.0,0.0,0.0,0.0
10236,0.016666666666666666,1.0,0.0,0.0,0.14400229731291433
10239,0.0,0.0,0.0,0.0,0.0
10241,0.03333333333333333,0.75,0.25,0.0,0.6285532181641809
10246,0.008333333333333333,1.0,0.0,0.0,0.0
10252,0.016666666666666666,0.5,0.5,0.0,0.0
10254,0.0,0.0,0.0,0.0,0.0
10255,0.041666666666666664,0.4,0.6,0.0,0.6027031948758715
10260,0.0,0.0,0.0,0.0,0.0
10266,0.008333333333333333,1.0,0.0,0.0,0.0
10267,0.008333333333333333,0.0,1.0,0.0,0.0
10273,0.025,0.0,0.6666666666666666,0.6666666666666666,0.2205823127917605
10275,0.025,0.6666666666666666,0.3333333333333333,0.0,0.06973885575606459
10277,0.05,0.3333333333333333,0.6666666666666666,0.0,5.253002090694832e-06
10283,0.008333333333333333,1.0,0.0,0.0,0.0
10286,0.008333333333333333,1.0,0.0,0.0,0.0
10291,0.016666666666666666,0.5,0.5,0.0,0.2422159264019387
10292,0.008333333333333333,0.0,1.0,0.0,0.0
10302,0.0,0.0,0.0,0.0,0.0
10305,0.016666666666666666,0.5,0.5,0.0,0.1436310851651719
10306,0.008333333333333333,1.0,0.0,0.0,0.0
10307,0.0,0.0,0.0,0.0,0.0
10313,0.025,1.0,0.0,0.0,0.017124786815665153
10315,0.008333333333333333,1.0,0.0,0.0,0.0
10316,0.008333333333333333,1.0,0.0,0.0,0.0
10329,0.016666666666666666,0.0,0.5,1.0,0.0
10330,0.0,0.0,0.0,0.0,0.0
10333,0.05,0.6666666666666666,0.3333333333333333,0.0,0.36212445412553274
10337,0.008333333333333333,1.0,0.0,0.0,0.0
10340,0.15,0.8333333333333334,0.16666666666666666,0.0,0.3673476892043803
10341,0.025,0.3333333333333333,0.3333333333333333,0.6666666666666666,0.015097128008656948
10343,0.016666666666666666,1.0,0.0,0.0,0.23114960199754161
10346,0.016666666666666666,0.0,1.0,0.0,0.00023113209199057263
10347,0.025,0.6666666666666666,0.3333333333333333,0.0,7.179102857282937e-05
10349,0.008333333333333333,1.0,0.0,0.0,0.0
10355,0.0,0.0,0.0,0.0,0.0
10357,0.06666666666666667,0.5,0.375,0.25,0.13837458107308326
10358,0.0,0.0,0.0,0.0,0.0
10362,0.016666666666666666,0.5,0.5,0.0,0.0
10369,0.0,0.0,0.0,0.0,0.0
10370,0.008333333333333333,1.0,0.0,0.0,0.0
10371,0.025,0.6666666666666666,0.3333333333333333,0.0,0.21934260429835653
10380,0.0,0.0,0.0,0.0,0.0
10381,0.075,0.1111111111111111,0.4444444444444444,0.8888888888888888,0.535149587989536
10387,0.0,0.0,0.0,0.0,0.0
10388,0.008333333333333333,1.0,0.0,0.0,0.0
10392,0.14166666666666666,0.23529411764705882,0.7058823529411765,0.11764705882352941,0.5889753494121891
10394,0.016666666666666666,1.0,0.0,0.0,0.0834544442148688
10399,0.025,0.6666666666666666,0.3333333333333333,0.0,0.008124643233608007
10409,0.025,0.6666666666666666,0.3333333333333333,0.0,0.3629947014718912
10412,0.016666666666666666,0.5,0.5,0.0,0.0
10414,0.008333333333333333,1.0,0.0,0.0,0.0
10421,0.008333333333333333,1.0,0.0,0.0,0.0
10422,0.008333333333333333,1.0,0.0,0.0,0.0
10423,0.016666666666666666,0.5,0.5,0.0,0.20769669866328608
10424,0.008333333333333333,0.0,1.0,0.0,0.0
10434,0.058333333333333334,0.5714285714285714,0.42857142857142855,0.0,0.33696257411110453
10439,0.008333333333333333,1.0,0.0,0.0,0.0
10440,0.0,0.0,0.0,0.0,0.0
10441,0.0,0.0,0.0,0.0,0.0
10443,0.016666666666666666,1.0,0.0,0.0,0.00715633984822326
10446,0.03333333333333333,0.0,0.75,0.5,0.022934607127973638
10447,0.025,0.3333333333333333,0.3333333333333333,0.6666666666666666,0.0031833192669610683
10448,0.0,0.0,0.0,0.0,0.0
10451,0.008333333333333333,1.0,0.0,0.0,0.0
10456,0.008333333333333333,1.0,0.0,0.0,0.0
10462,0.008333333333333333,1.0,0.0,0.0,0.0
10468,0.0,0.0,0.0,0.0,0.0
10469,0.041666666666666664,0.8,0.2,0.0,0.21003078259225147
10471,0.0,0.0,0.0,0.0,0.0
10475,0.11666666666666667,0.6428571428571429,0.2857142857142857,0.14285714285714285,0.5906002780589107
10479,0.008333333333333333,1.0,0.0,0.0,0.0
10480,0.016666666666666666,1.0,0.0,0.0,0.0001015580404201001
10485,0.008333333333333333,1.0,0.0,0.0,0.0
10488,0.03333333333333333,0.5,0.5,0.0,0.19204800543510617
10491,0.008333333333333333,1.0,0.0,0.0,0.0
10492,0.008333333333333333,1.0,0.0,0.0,0.0
10493,0.008333333333333333,1.0,0.0,0.0,0.0
10497,0.016666666666666666,1.0,0.0,0.0,0.09413204646455449
10512,0.008333333333333333,1.0,0.0,0.0,0.0
10526,0.008333333333333333,1.0,0.0,0.0,0.0
10530,0.03333333333333333,0.75,0.25,0.0,0.14633287924048594
10543,0.0,0.0,0.0,0.0,0.0
10549,0.0,0.0,0.0,0.0,0.0
10550,0.0,0.0,0.0,0.0,0.0
10551,0.0,0.0,0.0,0.0,0.0
10558,0.008333333333333333,1.0,0.0,0.0,0.0
10559,0.03333333333333333,0.5,0.5,0.0,0.029007077544816864
10563,0.008333333333333333,1.0,0.0,0.0,0.0
10568,0.016666666666666666,1.0,0.0,0.0,0.01142527954726126
10574,0.0,0.0,0.0,0.0,0.0
10580,0.0,0.0,0.0,0.0,0.0
10602,0.008333333333333333,0.0,1.0,0.0,0.0
10609,0.008333333333333333,1.0,0.0,0.0,0.0
10625,0.025,0.0,0.6666666666666666,0.6666666666666666,0.0
10626,0.08333333333333333,0.5,0.4,0.2,0.2187525170635018
10630,0.03333333333333333,0.5,0.25,0.5,0.14171549040276518
10631,0.0,0.0,0.0,0.0,0.0
10645,0.03333333333333333,0.0,0.75,0.5,0.15951266148603926
10648,0.008333333333333333,1.0,0.0,0.0,0.0
10661,0.016666666666666666,0.0,0.5,1.0,0.0
10673,0.041666666666666664,0.0,0.8,0.4,0.006848163725569163
10678,0.05,0.0,0.8333333333333334,0.3333333333333333,0.21777370767393567
10679,0.008333333333333333,1.0,0.0,0.0,0.0
10680,0.008333333333333333,1.0,0.0,0.0,0.0
10683,0.0,0.0,0.0,0.0,0.0
10684,0.008333333333333333,1.0,0.0,0.0,0.0
10688,0.008333333333333333,1.0,0.0,0.0,0.0
10696,0.008333333333333333,0.0,1.0,0.0,0.0
10706,0.008333333333333333,1.0,0.0,0.0,0.0
10707,0.025,0.3333333333333333,0.6666666666666666,0.0,0.0085396303987729
10712,0.03333333333333333,0.0,0.75,0.5,0.00797055517228096
10714,0.0,0.0,0.0,0.0,0.0
10715,0.0,0.0,0.0,0.0,0.0
10717,0.0,0.0,0.0,0.0,0.0
10719,0.041666666666666664,0.2,0.6,0.4,0.009462407766038291
10721,0.025,0.6666666666666666,0.3333333333333333,0.0,0.00018385507317431914
10722,0.008333333333333333,1.0,0.0,0.0,0.0
10726,0.016666666666666666,0.0,0.5,1.0,0.0
10729,0.0,0.0,0.0,0.0,0.0
10731,0.0,0.0,0.0,0.0,0.0
10734,0.008333333333333333,1.0,0.0,0.0,0.0
10738,0.008333333333333333,1.0,0.0,0.0,0.0
10739,0.0,0.0,0.0,0.0,0.0
10740,0.058333333333333334,0.2857142857142857,0.42857142857142855,0.5714285714285714,0.009150729641990398
10741,0.125,0.2,0.5333333333333333,0.5333333333333333,0.026993426743383845
10753,0.025,0.3333333333333333,0.6666666666666666,0.0,0.01679034568255758
10758,0.025,0.3333333333333333,0.6666666666666666,0.0,0.0
10795,0.008333333333333333,0.0,1.0,0.0,0.0
10819,0.041666666666666664,0.6,0.4,0.0,0.43886731266919043
10821,0.008333333333333333,1.0,0.0,0.0,0.0
10832,0.008333333333333333,1.0,0.0,0.0,0.0
10833,0.016666666666666666,0.5,0.5,0.0,0.0
10837,0.041666666666666664,0.4,0.6,0.0,0.570026019870356
10838,0.016666666666666666,0.5,0.5,0.0,8.930103554181215e-05
10840,0.05,0.6666666666666666,0.3333333333333333,0.0,0.00840655434580863
10841,0.008333333333333333,1.0,0.0,0.0,0.0
10844,0.1,0.16666666666666666,0.4166666666666667,0.8333333333333334,0.19433656334595223
10848,0.041666666666666664,0.2,0.8,0.0,0.3247370872453607
10855,0.0,0.0,0.0,0.0,0.0
10857,0.008333333333333333,1.0,0.0,0.0,0.0
10859,0.016666666666666666,1.0,0.0,0.0,0.031087266372732018
10863,0.0,0.0,0.0,0.0,0.0
10869,0.0,0.0,0.0,0.0,0.0
10870,0.008333333333333333,1.0,0.0,0.0,0.0
10871,0.008333333333333333,0.0,1.0,0.0,0.0
10872,0.0,0.0,0.0,0.0,0.0
10876,0.0,0.0,0.0,0.0,0.0
10881,0.008333333333333333,1.0,0.0,0.0,0.0
10883,0.008333333333333333,1.0,0.0,0.0,0.0
10887,0.008333333333333333,1.0,0.0,0.0,0.0
10888,0.008333333333333333,1.0,0.0,0.0,0.0
10895,0.008333333333333333,1.0,0.0,0.0,0.0
10896,0.05,0.3333333333333333,0.5,0.3333333333333333,0.02108204839065526
10900,0.008333333333333333,1.0,0.0,0.0,0.0
10903,0.016666666666666666,0.5,0.5,0.0,0.003938000567324226
10904,0.016666666666666666,1.0,0.0,0.0,0.03068978921453611
10906,0.0,0.0,0.0,0.0,0.0
10908,0.0,0.0,0.0,0.0,0.0
10913,0.008333333333333333,1.0,0.0,0.0,0.0
10914,0.008333333333333333,1.0,0.0,0.0,0.0
10917,0.0,0.0,0.0,0.0,0.0
10918,0.008333333333333333,1.0,0.0,0.0,0.0
10924,0.0,0.0,0.0,0.0,0.0
10937,0.0,0.0,0.0,0.0,0.0
10959,0.008333333333333333,1.0,0.0,0.0,0.0
10992,0.0,0.0,0.0,0.0,0.0
11004,0.041666666666666664,0.0,1.0,0.0,0.03378730944734916
11008,0.03333333333333333,1.0,0.0,0.0,0.07020287094074264
11012,0.008333333333333333,0.0,1.0,0.0,0.0
11024,0.03333333333333333,0.5,0.25,0.5,0.0012257004878287942
11031,0.016666666666666666,1.0,0.0,0.0,0.0014918525937573323
11037,0.03333333333333333,1.0,0.0,0.0,0.07383444638610967
11038,0.1,0.5833333333333334,0.3333333333333333,0.16666666666666666,0.11562207801758706
11039,0.03333333333333333,0.0,0.75,0.5,0.001812285721289717
11040,0.008333333333333333,1.0,0.0,0.0,0.0
11043,0.0,0.0,0.0,0.0,0.0
11047,0.025,0.3333333333333333,0.3333333333333333,0.6666666666666666,0.4469674418930419
11054,0.0,0.0,0.0,0.0,0.0
11067,0.008333333333333333,1.0,0.0,0.0,0.0
11069,0.041666666666666664,0.2,0.6,0.4,0.015296742088103351
11079,0.016666666666666666,0.0,1.0,0.0,0.007009255789683804
11081,0.008333333333333333,1.0,0.0,0.0,0.0
11103,0.0,0.0,0.0,0.0,0.0
11106,0.008333333333333333,0.0,1.0,0.0,0.0
11116,0.0,0.0,0.0,0.0,0.0
11128,0.03333333333333333,0.25,0.75,0.0,0.012740281070631866
11143,0.008333333333333333,1.0,0.0,0.0,0.0
11147,0.008333333333333333,1.0,0.0,0.0,0.0
11162,0.0,0.0,0.0,0.0,0.0
11178,0.0,0.0,0.0,0.0,0.0
11181,0.008333333333333333,1.0,0.0,0.0,0.0
11182,0.008333333333333333,1.0,0.0,0.0,0.0
11185,0.016666666666666666,0.0,0.5,1.0,0.0
11190,0.016666666666666666,0.0,0.5,1.0,0.0
11202,0.0,0.0,0.0,0.0,0.0
11206,0.0,0.0,0.0,0.0,0.0
11210,0.008333333333333333,1.0,0.0,0.0,0.0
11215,0.016666666666666666,0.5,0.5,0.0,0.005533162202198557
11218,0.008333333333333333,1.0,0.0,0.0,0.0
11220,0.0,0.0,0.0,0.0,0.0
11221,0.008333333333333333,1.0,0.0,0.0,0.0
11234,0.008333333333333333,1.0,0.0,0.0,0.0
11236,0.025,0.6666666666666666,0.3333333333333333,0.0,0.4013065967200255
11241,0.0,0.0,0.0,0.0,0.0
11242,0.03333333333333333,0.75,0.25,0.0,0.2905155296251808
11245,0.008333333333333333,1.0,0.0,0.0,0.0
11250,0.016666666666666666,1.0,0.0,0.0,0.3020231062051963
11251,0.0,0.0,0.0,0.0,0.0
11261,0.0,0.0,0.0,0.0,0.0
11262,0.0,0.0,0.0,0.0,0.0
11265,0.008333333333333333,1.0,0.0,0.0,0.0
11270,0.025,0.3333333333333333,0.6666666666666666,0.0,0.0
11273,0.025,1.0,0.0,0.0,0.012011864780722184
11279,0.016666666666666666,0.0,1.0,0.0,0.00033794313450136756
11284,0.025,0.6666666666666666,0.3333333333333333,0.0,0.002437392970082402
11291,0.008333333333333333,1.0,0.0,0.0,0.0
11297,0.0,0.0,0.0,0.0,0.0
11298,0.0,0.0,0.0,0.0,0.0
11300,0.0,0.0,0.0,0.0,0.0
11302,0.016666666666666666,1.0,0.0,0.0,0.1009434391754888
11321,0.0,0.0,0.0,0.0,0.0
11325,0.008333333333333333,1.0,0.0,0.0,0.0
11329,0.075,0.2222222222222222,0.7777777777777778,0.0,0.1873255565555715
11330,0.008333333333333333,1.0,0.0,0.0,0.0
11331,0.016666666666666666,1.0,0.0,0.0,0.000593589236248516
11333,0.008333333333333333,0.0,1.0,0.0,0.0
11336,0.025,0.0,1.0,0.0,0.42056935538660345
11337,0.025,0.0,1.0,0.0,0.14241413968082758
11343,0.0,0.0,0.0,0.0,0.0
11348,0.008333333333333333,1.0,0.0,0.0,0.0
11350,0.016666666666666666,0.5,0.5,0.0,0.0
11351,0.008333333333333333,0.0,1.0,0.0,0.0
11354,0.025,0.3333333333333333,0.6666666666666666,0.0,0.0
11359,0.03333333333333333,0.0,0.75,0.5,0.01403777258703349
11360,0.008333333333333333,1.0,0.0,0.0,0.0
11365,0.11666666666666667,0.7142857142857143,0.2857142857142857,0.0,0.014489530766833245
11373,0.008333333333333333,0.0,1.0,0.0,0.0
11386,0.0,0.0,0.0,0.0,0.0
11389,0.05,0.3333333333333333,0.6666666666666666,0.0,0.000908769361690206
11394,0.008333333333333333,1.0,0.0,0.0,0.0
11396,0.016666666666666666,0.5,0.5,0.0,0.0015794026286022461
11399,0.016666666666666666,0.0,1.0,0.0,0.12117800322884528
11404,0.0,0.0,0.0,0.0,0.0
11413,0.041666666666666664,0.2,0.6,0.4,0.05724546578369538
11414,0.025,0.0,0.6666666666666666,0.6666666666666666,0.11081733210529818
11421,0.0,0.0,0.0,0.0,0.0
11423,0.0,0.0,0.0,0.0,0.0
11428,0.016666666666666666,0.5,0.5,0.0,7.354202926972765e-05
11430,0.0,0.0,0.0,0.0,0.0
11433,0.0,0.0,0.0,0.0,0.0
11438,0.041666666666666664,0.0,1.0,0.0,0.004163879657224104
11453,0.041666666666666664,0.6,0.2,0.4,0.0854908580253615
11454,0.008333333333333333,1.0,0.0,0.0,0.0
11455,0.0,0.0,0.0,0.0,0.0
11464,0.008333333333333333,1.0,0.0,0.0,0.0
11472,0.0,0.0,0.0,0.0,0.0
11473,0.0,0.0,0.0,0.0,0.0
11492,0.0,0.0,0.0,0.0,0.0
11510,0.008333333333333333,0.0,1.0,0.0,0.0
11516,0.016666666666666666,1.0,0.0,0.0,0.5804147070050534
11522,0.008333333333333333,1.0,0.0,0.0,0.0
11534,0.016666666666666666,0.0,1.0,0.0,0.0
11543,0.008333333333333333,1.0,0.0,0.0,0.0
11547,0.016666666666666666,0.5,0.5,0.0,0.0
11552,0.008333333333333333,1.0,0.0,0.0,0.0
11560,0.025,0.3333333333333333,0.6666666666666666,0.0,0.0013079975205830133
11561,0.008333333333333333,1.0,0.0,0.0,0.0
11562,0.0,0.0,0.0,0.0,0.0
11585,0.008333333333333333,1.0,0.0,0.0,0.0
11586,0.016666666666666666,0.0,1.0,0.0,0.00125021449758537
11590,0.016666666666666666,1.0,0.0,0.0,0.23121438902332683
11608,0.0,0.0,0.0,0.0,0.0
11609,0.008333333333333333,1.0,0.0,0.0,0.0
11620,0.008333333333333333,0.0,1.0,0.0,0.0
11621,0.0,0.0,0.0,0.0,0.0
11634,0.008333333333333333,1.0,0.0,0.0,0.0
11638,0.008333333333333333,1.0,0.0,0.0,0.0
11639,0.0,0.0,0.0,0.0,0.0
11640,0.008333333333333333,1.0,0.0,0.0,0.0
11643,0.03333333333333333,0.5,0.5,0.0,6.478702578523627e-05
11647,0.0,0.0,0.0,0.0,0.0
11652,0.016666666666666666,0.5,0.5,0.0,0.0
11660,0.05,0.16666666666666666,0.5,0.6666666666666666,0.49701804581318226
11664,0.0,0.0,0.0,0.0,0.0
11665,0.016666666666666666,0.5,0.5,0.0,0.01164940763646424
11666,0.041666666666666664,0.0,0.6,0.8,0.13383948926811673
11670,0.0,0.0,0.0,0.0,0.0
11673,0.016666666666666666,0.5,0.5,0.0,0.0019348557700725965
11675,0.008333333333333333,1.0,0.0,0.0,0.0
11677,0.16666666666666666,0.0,0.8,0.4,0.4371828499987743
11691,0.008333333333333333,0.0,1.0,0.0,0.0
11696,0.075,0.1111111111111111,0.8888888888888888,0.0,0.13909249135881158
11703,0.008333333333333333,1.0,0.0,0.0,0.0
11709,0.008333333333333333,1.0,0.0,0.0,0.0
11711,0.0,0.0,0.0,0.0,0.0
11712,0.0,0.0,0.0,0.0,0.0
11718,0.075,0.5555555555555556,0.4444444444444444,0.0,0.018210407247742085
11725,0.008333333333333333,1.0,0.0,0.0,0.0
11730,0.0,0.0,0.0,0.0,0.0
11736,0.008333333333333333,1.0,0.0,0.0,0.0
11740,0.0,0.0,0.0,0.0,0.0
11750,0.0,0.0,0.0,0.0,0.0
11751,0.016666666666666666,0.5,0.5,0.0,0.0
11759,0.0,0.0,0.0,0.0,0.0
11760,0.008333333333333333,0.0,1.0,0.0,0.0
11761,0.0,0.0,0.0,0.0,0.0
11765,0.008333333333333333,0.0,1.0,0.0,0.0
11768,0.025,0.3333333333333333,0.3333333333333333,0.6666666666666666,0.089148698481182
11769,0.06666666666666667,0.5,0.25,0.5,0.23344866591256905
11773,0.016666666666666666,1.0,0.0,0.0,0.1581713949522152
11774,0.0,0.0,0.0,0.0,0.0
11775,0.008333333333333333,1.0,0.0,0.0,0.0
11779,0.025,0.3333333333333333,0.3333333333333333,0.6666666666666666,0.028859993486277408
11780,0.016666666666666666,0.5,0.5,0.0,0.0
11788,0.0,0.0,0.0,0.0,0.0
11789,0.0,0.0,0.0,0.0,0.0
11797,0.008333333333333333,0.0,1.0,0.0,0.0
11805,0.008333333333333333,1.0,0.0,0.0,0.0
11810,0.0,0.0,0.0,0.0,0.0
11815,0.0,0.0,0.0,0.0,0.0
11820,0.016666666666666666,0.5,0.5,0.0,0.0
11821,0.0,0.0,0.0,0.0,0.0
11823,0.008333333333333333,1.0,0.0,0.0,0.0
11825,0.0,0.0,0.0,0.0,0.0
11826,0.008333333333333333,1.0,0.0,0.0,0.0
11829,0.016666666666666666,1.0,0.0,0.0,0.00033794313450136756
11830,0.08333333333333333,0.2,0.8,0.0,0.06746780785218753
11831,0.016666666666666666,0.0,0.5,1.0,0.0
11833,0.0,0.0,0.0,0.0,0.0
11848,0.008333333333333333,1.0,0.0,0.0,0.0
11851,0.0,0.0,0.0,0.0,0.0
11856,0.016666666666666666,0.0,0.5,1.0,0.0
11858,0.041666666666666664,0.6,0.2,0.4,0.08327234014239138
11861,0.008333333333333333,1.0,0.0,0.0,0.0
11872,0.0,0.0,0.0,0.0,0.0
11878,0.008333333333333333,0.0,1.0,0.0,0.0
11885,0.0,0.0,0.0,0.0,0.0
11887,0.0,0.0,0.0,0.0,0.0
11913,0.025,0.3333333333333333,0.6666666666666666,0.0,0.10862683023347844
11938,0.03333333333333333,0.75,0.25,0.0,0.31630076588770484
11940,0.0,0.0,0.0,0.0,0.0
11945,0.008333333333333333,0.0,1.0,0.0,0.0
11946,0.0,0.0,0.0,0.0,0.0
11950,0.03333333333333333,1.0,0.0,0.0,0.01620376044909666
11951,0.008333333333333333,1.0,0.0,0.0,0.0
11955,0.041666666666666664,0.6,0.4,0.0,0.3024503503752395
11967,0.0,0.0,0.0,0.0,0.0
11969,0.0,0.0,0.0,0.0,0.0
11997,0.016666666666666666,0.5,0.5,0.0,0.0
11998,0.10833333333333334,0.38461538461538464,0.6153846153846154,0.0,0.0716649565226527
11999,0.025,0.3333333333333333,0.6666666666666666,0.0,0.027606276987298242
12000,0.0,0.0,0.0,0.0,0.0
12002,0.008333333333333333,0.0,1.0,0.0,0.0
12007,0.0,0.0,0.0,0.0,0.0
12016,0.008333333333333333,0.0,1.0,0.0,0.0
12018,0.025,0.0,1.0,0.0,0.0
12053,0.016666666666666666,1.0,0.0,0.0,0.09263844287010027
12056,0.008333333333333333,1.0,0.0,0.0,0.0
12058,0.13333333333333333,0.625,0.1875,0.375,0.07059509509684785
12066,0.008333333333333333,1.0,0.0,0.0,0.0
12077,0.008333333333333333,1.0,0.0,0.0,0.0
12078,0.08333333333333333,0.9,0.1,0.0,0.2692583811648357
12083,0.05,0.6666666666666666,0.16666666666666666,0.3333333333333333,0.5269881737412931
12086,0.008333333333333333,1.0,0.0,0.0,0.0
12087,0.008333333333333333,1.0,0.0,0.0,0.0
12093,0.025,0.0,1.0,0.0,0.04802994911591975
12099,0.008333333333333333,1.0,0.0,0.0,0.0
12104,0.016666666666666666,0.0,1.0,0.0,0.03222716782641279
12109,0.0,0.0,0.0,0.0,0.0
12110,0.0,0.0,0.0,0.0,0.0
12116,0.008333333333333333,1.0,0.0,0.0,0.0
12118,0.008333333333333333,1.0,0.0,0.0,0.0
12119,0.041666666666666664,0.2,0.6,0.4,0.0007599343024538524
12122,0.2916666666666667,0.5428571428571428,0.42857142857142855,0.05714285714285714,0.46012796313092935
12123,0.008333333333333333,1.0,0.0,0.0,0.0
12129,0.0,0.0,0.0,0.0,0.0
12130,0.016666666666666666,1.0,0.0,0.0,0.13117271520674065
12131,0.016666666666666666,0.5,0.5,0.0,0.0057415312851294515
12137,0.016666666666666666,0.0,0.5,1.0,0.0
12147,0.008333333333333333,1.0,0.0,0.0,0.0
12155,0.03333333333333333,1.0,0.0,0.0,0.024622571799783576
12177,0.016666666666666666,0.5,0.5,0.0,0.0
12187,0.008333333333333333,0.0,1.0,0.0,0.0
12189,0.008333333333333333,1.0,0.0,0.0,0.0
12192,0.0,0.0,0.0,0.0,0.0
12194,0.008333333333333333,1.0,0.0,0.0,0.0
12201,0.008333333333333333,1.0,0.0,0.0,0.0
12207,0.008333333333333333,0.0,1.0,0.0,0.0
12216,0.05,1.0,0.0,0.0,0.00652597959733988
12223,0.0,0.0,0.0,0.0,0.0
12224,0.09166666666666666,0.6363636363636364,0.36363636363636365,0.0,0.3150102783740908
12229,0.025,0.6666666666666666,0.3333333333333333,0.0,0.5142689046790241
12241,0.0,0.0,0.0,0.0,0.0
12242,0.008333333333333333,1.0,0.0,0.0,0.0
12248,0.016666666666666666,1.0,0.0,0.0,0.007440001961120781
12253,0.008333333333333333,1.0,0.0,0.0,0.0
12258,0.0,0.0,0.0,0.0,0.0
12271,0.008333333333333333,1.0,0.0,0.0,0.0
12278,0.0,0.0,0.0,0.0,0.0
12284,0.0,0.0,0.0,0.0,0.0
12289,0.008333333333333333,0.0,1.0,0.0,0.0
12293,0.008333333333333333,0.0,1.0,0.0,0.0
12303,0.0,0.0,0.0,0.0,0.0
12309,0.025,0.3333333333333333,0.6666666666666666,0.0,0.07620179932831614
12314,0.0,0.0,0.0,0.0,0.0
12315,0.03333333333333333,1.0,0.0,0.0,0.32439914411085935
12318,0.025,0.3333333333333333,0.3333333333333333,0.6666666666666666,0.0057905593046426035
12326,0.0,0.0,0.0,0.0,0.0
12331,0.008333333333333333,1.0,0.0,0.0,0.0
12333,0.0,0.0,0.0,0.0,0.0
12342,0.09166666666666666,0.0,1.0,0.0,0.15309699493260398
12357,0.008333333333333333,1.0,0.0,0.0,0.0
12367,0.0,0.0,0.0,0.0,0.0
12376,0.0,0.0,0.0,0.0,0.0
12385,0.058333333333333334,0.42857142857142855,0.42857142857142855,0.2857142857142857,0.011796491695003694
12394,0.016666666666666666,1.0,0.0,0.0,0.01417960364348225
12406,0.008333333333333333,1.0,0.0,0.0,0.0
12415,0.008333333333333333,0.0,1.0,0.0,0.0
12432,0.0,0.0,0.0,0.0,0.0
12437,0.0,0.0,0.0,0.0,0.0
12443,0.0,0.0,0.0,0.0,0.0
12444,0.0,0.0,0.0,0.0,0.0
12456,0.025,0.6666666666666666,0.3333333333333333,0.0,0.0002486420989595554
12462,0.06666666666666667,0.125,0.75,0.25,0.5852141999152516
12478,0.0,0.0,0.0,0.0,0.0
12490,0.0,0.0,0.0,0.0,0.0
12493,0.016666666666666666,0.0,1.0,0.0,0.0
12494,0.03333333333333333,0.25,0.75,0.0,0.0
12495,0.008333333333333333,1.0,0.0,0.0,0.0
12504,0.0,0.0,0.0,0.0,0.0
12514,0.008333333333333333,0.0,1.0,0.0,0.0
12526,0.016666666666666666,1.0,0.0,0.0,0.06651526347307486
12533,0.0,0.0,0.0,0.0,0.0
12572,0.008333333333333333,1.0,0.0,0.0,0.0
12590,0.008333333333333333,1.0,0.0,0.0,0.0
12594,0.05,0.16666666666666666,0.6666666666666666,0.3333333333333333,0.037952940105270165
12600,0.025,0.3333333333333333,0.3333333333333333,0.6666666666666666,0.024664595816509136
12612,0.025,1.0,0.0,0.0,0.057044100703552085
12615,0.016666666666666666,0.5,0.5,0.0,0.0
12619,0.016666666666666666,0.0,1.0,0.0,0.0
12631,0.016666666666666666,0.0,0.5,1.0,0.0
12633,0.016666666666666666,0.0,1.0,0.0,0.0
12647,0.008333333333333333,1.0,0.0,0.0,0.0
12649,0.016666666666666666,0.5,0.5,0.0,0.4666486897261785
12672,0.06666666666666667,0.375,0.625,0.0,0.4697129409457505
12673,0.008333333333333333,1.0,0.0,0.0,0.0
12697,0.008333333333333333,0.0,1.0,0.0,0.0
12733,0.008333333333333333,1.0,0.0,0.0,0.0
12735,0.041666666666666664,0.8,0.2,0.0,0.004314465717157355
12742,0.008333333333333333,0.0,1.0,0.0,0.0
12744,0.008333333333333333,0.0,1.0,0.0,0.0
12745,0.10833333333333334,0.5384615384615384,0.3076923076923077,0.3076923076923077,0.47314840431306493
12748,0.0,0.0,0.0,0.0,0.0
12749,0.0,0.0,0.0,0.0,0.0
12750,0.03333333333333333,0.5,0.5,0.0,0.13657630335736873
12754,0.0,0.0,0.0,0.0,0.0
12761,0.025,0.6666666666666666,0.3333333333333333,0.0,0.34514850236910394
12765,0.016666666666666666,1.0,0.0,0.0,5.9534023694541435e-05
12766,0.041666666666666664,0.6,0.4,0.0,0.16007123070834983
12769,0.008333333333333333,1.0,0.0,0.0,0.0
12773,0.008333333333333333,0.0,1.0,0.0,0.0
12774,0.008333333333333333,0.0,1.0,0.0,0.0
12781,0.008333333333333333,0.0,1.0,0.0,0.0
12782,0.008333333333333333,1.0,0.0,0.0,0.0
12790,0.008333333333333333,1.0,0.0,0.0,0.0
12791,0.008333333333333333,1.0,0.0,0.0,0.0
12808,0.0,0.0,0.0,0.0,0.0
12843,0.025,0.3333333333333333,0.6666666666666666,0.0,0.7600603745040291
12859,0.016666666666666666,0.5,0.5,0.0,0.0014340695707596891
12864,0.016666666666666666,0.5,0.5,0.0,0.0
12869,0.016666666666666666,1.0,0.0,0.0,0.00010681104251079492
12878,0.0,0.0,0.0,0.0,0.0
12881,0.016666666666666666,1.0,0.0,0.0,0.005161950054456122
12894,0.058333333333333334,0.7142857142857143,0.2857142857142857,0.0,0.16410378531330655
12899,0.2833333333333333,0.5882352941176471,0.4117647058823529,0.0,0.04726125980998141
12904,0.1,0.3333333333333333,0.6666666666666666,0.0,0.3804591824227546
12914,0.016666666666666666,0.5,0.5,0.0,0.10556433001460334
12918,0.0,0.0,0.0,0.0,0.0
12929,0.008333333333333333,1.0,0.0,0.0,0.0
12931,0.058333333333333334,0.14285714285714285,0.7142857142857143,0.2857142857142857,0.395892502565216
12934,0.008333333333333333,1.0,0.0,0.0,0.0
12937,0.1,0.3333333333333333,0.6666666666666666,0.0,0.2971203042538811
12938,0.05,0.5,0.5,0.0,0.24198129230855434
12954,0.008333333333333333,1.0,0.0,0.0,0.0
12955,0.0,0.0,0.0,0.0,0.0
12959,0.025,0.3333333333333333,0.6666666666666666,0.0,0.44691491187213495
12961,0.05,1.0,0.0,0.0,0.027905698106467848
12972,0.025,1.0,0.0,0.0,0.06396405545769407
13004,0.025,0.6666666666666666,0.3333333333333333,0.0,0.16643436724087818
13025,0.0,0.0,0.0,0.0,0.0
13032,0.008333333333333333,1.0,0.0,0.0,0.0
13034,0.08333333333333333,0.9,0.1,0.0,0.4280706423721157
13042,0.025,0.6666666666666666,0.3333333333333333,0.0,0.020565503185070267
13048,0.008333333333333333,1.0,0.0,0.0,0.0
13051,0.016666666666666666,1.0,0.0,0.0,0.00011906804738908287
13054,0.0,0.0,0.0,0.0,0.0
13056,0.025,0.6666666666666666,0.3333333333333333,0.0,1.0506004181389664e-05
13060,0.016666666666666666,0.0,0.5,1.0,0.0
13062,0.008333333333333333,0.0,1.0,0.0,0.0
13065,0.016666666666666666,1.0,0.0,0.0,0.043337267248232364
13069,0.008333333333333333,1.0,0.0,0.0,0.0
13070,0.0,0.0,0.0,0.0,0.0
13081,0.0,0.0,0.0,0.0,0.0
13083,0.016666666666666666,1.0,0.0,0.0,0.007592339021750931
13084,0.03333333333333333,1.0,0.0,0.0,0.3374948783229616
13090,0.0,0.0,0.0,0.0,0.0
13091,0.016666666666666666,0.5,0.5,0.0,0.0
13094,0.008333333333333333,1.0,0.0,0.0,0.0
13095,0.016666666666666666,0.5,0.5,0.0,0.07312529110386586
13096,0.025,0.6666666666666666,0.3333333333333333,0.0,0.0037313824850902294
13102,0.025,0.6666666666666666,0.3333333333333333,0.0,0.08156511446291556
13103,0.016666666666666666,0.0,0.5,1.0,0.0
13104,0.06666666666666667,0.75,0.25,0.0,0.08439298058840627
13106,0.025,0.3333333333333333,0.6666666666666666,0.0,0.14386747025925317
13108,0.03333333333333333,0.75,0.25,0.0,0.015489352164762162
13110,0.008333333333333333,1.0,0.0,0.0,0.0
13111,0.016666666666666666,0.5,0.5,0.0,0.0
13115,0.016666666666666666,1.0,0.0,0.0,0.13892964829400004
13117,0.025,0.6666666666666666,0.3333333333333333,0.0,0.4995044668027778
13120,0.008333333333333333,1.0,0.0,0.0,0.0
13124,0.03333333333333333,0.25,0.5,0.5,0.06256675690156925
13125,0.008333333333333333,1.0,0.0,0.0,0.0
13134,0.05,0.0,0.6666666666666666,0.6666666666666666,0.0007984563177856145
13143,0.041666666666666664,1.0,0.0,0.0,0.07429145756800011
13147,0.016666666666666666,0.5,0.5,0.0,0.0
13150,0.041666666666666664,1.0,0.0,0.0,0.5414409334934915
13152,0.0,0.0,0.0,0.0,0.0
13153,0.016666666666666666,0.5,0.5,0.0,0.0
13155,0.016666666666666666,0.5,0.5,0.0,0.0
13159,0.016666666666666666,0.0,0.5,1.0,0.0
13162,0.075,0.1111111111111111,0.5555555555555556,0.6666666666666666,0.008133398237092498
13166,0.016666666666666666,1.0,0.0,0.0,0.06494286484726021
13197,0.008333333333333333,1.0,0.0,0.0,0.0
13199,0.0,0.0,0.0,0.0,0.0
13206,0.016666666666666666,0.0,1.0,0.0,0.0
13223,0.03333333333333333,0.5,0.25,0.5,0.012882112127080627
13232,0.008333333333333333,1.0,0.0,0.0,0.0
13234,0.008333333333333333,0.0,1.0,0.0,0.0
13237,0.0,0.0,0.0,0.0,0.0
13239,0.23333333333333334,0.42857142857142855,0.5,0.14285714285714285,0.2620530132970993
13244,0.03333333333333333,1.0,0.0,0.0,0.7481360597581518
13263,0.0,0.0,0.0,0.0,0.0
13264,0.008333333333333333,1.0,0.0,0.0,0.0
13265,0.0,0.0,0.0,0.0,0.0
13266,0.0,0.0,0.0,0.0,0.0
13267,0.008333333333333333,1.0,0.0,0.0,0.0
13268,0.008333333333333333,0.0,1.0,0.0,0.0
13269,0.008333333333333333,1.0,0.0,0.0,0.0
13275,0.08333333333333333,0.0,0.6,0.8,0.011561857601619326
13278,0.041666666666666664,0.4,0.6,0.0,0.15547835588038564
13286,0.0,0.0,0.0,0.0,0.0
13288,0.008333333333333333,1.0,0.0,0.0,0.0
13290,0.025,0.6666666666666666,0.3333333333333333,0.0,0.16133370221081347
13291,0.025,0.3333333333333333,0.6666666666666666,0.0,0.0008159663247545972
13299,0.025,0.6666666666666666,0.3333333333333333,0.0,0.03804749414290267
13307,0.0,0.0,0.0,0.0,0.0
13326,0.008333333333333333,1.0,0.0,0.0,0.0
13329,0.016666666666666666,1.0,0.0,0.0,0.05535438503104524
13333,0.05,0.8333333333333334,0.16666666666666666,0.0,0.0006443682564585661
13338,0.008333333333333333,1.0,0.0,0.0,0.0
13341,0.0,0.0,0.0,0.0,0.0
13343,0.008333333333333333,1.0,0.0,0.0,0.0
13344,0.008333333333333333,1.0,0.0,0.0,0.0
13345,0.008333333333333333,0.0,1.0,0.0,0.0
13356,0.008333333333333333,0.0,1.0,0.0,0.0
13358,0.008333333333333333,1.0,0.0,0.0,0.0
13364,0.016666666666666666,1.0,0.0,0.0,0.148500618103246
13368,0.0,0.0,0.0,0.0,0.0
13379,0.008333333333333333,0.0,1.0,0.0,0.0
13383,0.15833333333333333,0.5789473684210527,0.2631578947368421,0.3157894736842105,0.3449226232792041
13385,0.008333333333333333,1.0,0.0,0.0,0.0
13388,0.008333333333333333,1.0,0.0,0.0,0.0
13392,0.0,0.0,0.0,0.0,0.0
13399,0.008333333333333333,0.0,1.0,0.0,0.0
13400,0.03333333333333333,0.5,0.25,0.5,0.017212336850510067
13401,0.008333333333333333,0.0,1.0,0.0,0.0
13409,0.03333333333333333,0.5,0.25,0.5,0.06760613690724249
13410,0.008333333333333333,1.0,0.0,0.0,0.0
13412,0.008333333333333333,1.0,0.0,0.0,0.0
13416,0.008333333333333333,0.0,1.0,0.0,0.0
13417,0.05,1.0,0.0,0.0,0.02118535743177226
13423,0.008333333333333333,1.0,0.0,0.0,0.0
13425,0.0,0.0,0.0,0.0,0.0
13428,0.0,0.0,0.0,0.0,0.0
13429,0.008333333333333333,1.0,0.0,0.0,0.0
13432,0.008333333333333333,1.0,0.0,0.0,0.0
13433,0.016666666666666666,1.0,0.0,0.0,0.0009648013839909508
13434,0.008333333333333333,1.0,0.0,0.0,0.0
13439,0.0,0.0,0.0,0.0,0.0
13441,0.0,0.0,0.0,0.0,0.0
13444,0.0,0.0,0.0,0.0,0.0
13451,0.008333333333333333,1.0,0.0,0.0,0.0
13452,0.008333333333333333,0.0,1.0,0.0,0.0
13460,0.016666666666666666,0.5,0.5,0.0,0.0
13462,0.016666666666666666,1.0,0.0,0.0,0.45544403626672647
13465,0.0,0.0,0.0,0.0,0.0
13471,0.008333333333333333,1.0,0.0,0.0,0.0
13479,0.008333333333333333,1.0,0.0,0.0,0.0
13485,0.008333333333333333,1.0,0.0,0.0,0.0
13486,0.0,0.0,0.0,0.0,0.0
13492,0.008333333333333333,1.0,0.0,0.0,0.0
13498,0.0,0.0,0.0,0.0,0.0
13500,0.016666666666666666,1.0,0.0,0.0,0.007357704928366562
13507,0.008333333333333333,1.0,0.0,0.0,0.0
13527,0.0,0.0,0.0,0.0,0.0
13529,0.008333333333333333,0.0,1.0,0.0,0.0
13540,0.0,0.0,0.0,0.0,0.0
13546,0.008333333333333333,1.0,0.0,0.0,0.0
13549,0.0,0.0,0.0,0.0,0.0
13550,0.0,0.0,0.0,0.0,0.0
13551,0.008333333333333333,0.0,1.0,0.0,0.0
13552,0.008333333333333333,0.0,1.0,0.0,0.0
13553,0.016666666666666666,0.0,1.0,0.0,0.0
13557,0.05,0.16666666666666666,0.6666666666666666,0.3333333333333333,0.0018473057352276826
13558,0.008333333333333333,1.0,0.0,0.0,0.0
13565,0.016666666666666666,1.0,0.0,0.0,0.0050078619931290735
13566,0.016666666666666666,0.0,1.0,0.0,0.10479038770657431
13568,0.058333333333333334,0.14285714285714285,0.5714285714285714,0.5714285714285714,0.18434885537084444
13578,0.016666666666666666,0.5,0.5,0.0,0.0
13582,0.0,0.0,0.0,0.0,0.0
13585,0.0,0.0,0.0,0.0,0.0
13586,0.0,0.0,0.0,0.0,0.0
13587,0.008333333333333333,1.0,0.0,0.0,0.0
13591,0.016666666666666666,0.0,1.0,0.0,0.04735931584900771
13597,0.008333333333333333,0.0,1.0,0.0,0.0
13609,0.09166666666666666,0.45454545454545453,0.36363636363636365,0.36363636363636365,0.4712765845680807
13610,0.0,0.0,0.0,0.0,0.0
13617,0.008333333333333333,1.0,0.0,0.0,0.0
13625,0.016666666666666666,1.0,0.0,0.0,0.24012172956844838
13639,0.0,0.0,0.0,0.0,0.0
13649,0.016666666666666666,0.0,0.5,1.0,0.0
13653,0.041666666666666664,0.6,0.4,0.0,0.07635413638894628
13655,0.008333333333333333,1.0,0.0,0.0,0.0
13666,0.008333333333333333,1.0,0.0,0.0,0.0
13667,0.0,0.0,0.0,0.0,0.0
13668,0.03333333333333333,0.25,0.5,0.5,5.077902021005005e-05
13673,0.0,0.0,0.0,0.0,0.0
13675,0.008333333333333333,1.0,0.0,0.0,0.0
13679,0.041666666666666664,0.4,0.6,0.0,0.03677276563556072
13686,0.008333333333333333,1.0,0.0,0.0,0.0
13690,0.016666666666666666,0.0,1.0,0.0,0.0
13711,0.025,1.0,0.0,0.0,0.008424064352777613
13725,0.016666666666666666,0.5,0.5,0.0,0.0
13731,0.016666666666666666,1.0,0.0,0.0,0.00018385507317431914
13753,0.008333333333333333,1.0,0.0,0.0,0.0
13764,0.016666666666666666,1.0,0.0,0.0,0.2761958459259467
13766,0.075,0.5555555555555556,0.4444444444444444,0.0,0.33378976084832485
13768,0.008333333333333333,1.0,0.0,0.0,0.0
13772,0.0,0.0,0.0,0.0,0.0
13774,0.008333333333333333,1.0,0.0,0.0,0.0
13777,0.016666666666666666,1.0,0.0,0.0,0.3265020959478342
13779,0.016666666666666666,0.0,1.0,0.0,0.0
13782,0.03333333333333333,0.25,0.5,0.5,0.26999555245822987
13795,0.14166666666666666,0.29411764705882354,0.7058823529411765,0.0,0.34912152295036614
13808,0.4666666666666667,0.16071428571428573,0.625,0.42857142857142855,0.8181533246250232
13825,0.0,0.0,0.0,0.0,0.0
13836,0.0,0.0,0.0,0.0,0.0
13837,0.016666666666666666,0.5,0.5,0.0,0.0
13839,0.041666666666666664,0.6,0.4,0.0,0.061108173321052985
13840,0.008333333333333333,1.0,0.0,0.0,0.0
13842,0.03333333333333333,0.25,0.75,0.0,0.4511505825579319
13845,0.0,0.0,0.0,0.0,0.0
13846,0.008333333333333333,1.0,0.0,0.0,0.0
13847,0.016666666666666666,0.0,1.0,0.0,0.00035370214077345204
13854,0.5583333333333333,0.29850746268656714,0.6268656716417911,0.14925373134328357,0.334491912127781
13867,0.0,0.0,0.0,0.0,0.0
13891,0.008333333333333333,0.0,1.0,0.0,0.0
13897,0.041666666666666664,0.0,1.0,0.0,0.0013605275414899616
13898,0.008333333333333333,1.0,0.0,0.0,0.0
13899,0.03333333333333333,0.25,0.5,0.5,0.001376286547762046
13901,0.008333333333333333,1.0,0.0,0.0,0.0
13905,0.016666666666666666,1.0,0.0,0.0,0.012953903155653456
13906,0.008333333333333333,0.0,1.0,0.0,0.0
13912,0.45,0.7222222222222222,0.16666666666666666,0.2222222222222222,0.31882745989332906
13926,0.0,0.0,0.0,0.0,0.0
13943,0.016666666666666666,1.0,0.0,0.0,9.630503832940526e-05
13953,0.025,1.0,0.0,0.0,0.16116735714460814
13964,0.0,0.0,0.0,0.0,0.0
13972,0.008333333333333333,1.0,0.0,0.0,0.0
14002,0.008333333333333333,1.0,0.0,0.0,0.0
14017,0.008333333333333333,1.0,0.0,0.0,0.0
14042,0.008333333333333333,1.0,0.0,0.0,0.0
14050,0.016666666666666666,0.5,0.5,0.0,0.0
14070,0.008333333333333333,1.0,0.0,0.0,0.0
14086,0.008333333333333333,1.0,0.0,0.0,0.0
14111,0.016666666666666666,1.0,0.0,0.0,0.0617000115566046
14116,0.0,0.0,0.0,0.0,0.0
14119,0.008333333333333333,1.0,0.0,0.0,0.0
14124,0.0,0.0,0.0,0.0,0.0
14128,0.03333333333333333,0.5,0.5,0.0,0.14014134077625362
14129,0.0,0.0,0.0,0.0,0.0
14134,0.03333333333333333,0.5,0.5,0.0,0.18505976165378515
14136,0.025,0.6666666666666666,0.3333333333333333,0.0,0.09942707257197489
14141,0.0,0.0,0.0,0.0,0.0
14145,0.0,0.0,0.0,0.0,0.0
14146,0.0,0.0,0.0,0.0,0.0
14147,0.016666666666666666,0.0,0.5,1.0,0.0
14157,0.016666666666666666,1.0,0.0,0.0,0.016266796474184997
14162,0.008333333333333333,1.0,0.0,0.0,0.0
14165,0.008333333333333333,1.0,0.0,0.0,0.0
14173,0.025,1.0,0.0,0.0,0.28528704154424256
14177,0.016666666666666666,0.0,0.5,1.0,0.0
14179,0.05,0.5,0.3333333333333333,0.3333333333333333,0.041836659650990544
14186,0.008333333333333333,1.0,0.0,0.0,0.0
14191,0.075,0.5555555555555556,0.4444444444444444,0.0,0.05242496086513443
14199,0.0,0.0,0.0,0.0,0.0
14201,0.008333333333333333,0.0,1.0,0.0,0.0
14219,0.03333333333333333,1.0,0.0,0.0,0.23434342726868407
14228,0.016666666666666666,0.5,0.5,0.0,0.4279883453393615
14236,0.041666666666666664,0.0,0.6,0.8,0.006937464761110975
14238,0.025,0.3333333333333333,0.3333333333333333,0.6666666666666666,0.0001400800557518622
14241,0.075,0.3333333333333333,0.4444444444444444,0.4444444444444444,0.5856361910832041
14254,0.008333333333333333,1.0,0.0,0.0,0.0
14256,0.008333333333333333,1.0,0.0,0.0,0.0
14260,0.008333333333333333,0.0,1.0,0.0,0.0
14261,0.008333333333333333,1.0,0.0,0.0,0.0
14263,0.0,0.0,0.0,0.0,0.0
14291,0.008333333333333333,0.0,1.0,0.0,0.0
14296,0.025,1.0,0.0,0.0,0.19114098707411287
14300,0.016666666666666666,1.0,0.0,0.0,0.010414952145150954
14317,0.016666666666666666,0.0,0.5,1.0,0.0
14319,0.016666666666666666,1.0,0.0,0.0,0.10013272585282489
14324,0.008333333333333333,1.0,0.0,0.0,0.0
14327,0.016666666666666666,0.5,0.5,0.0,0.0
14331,0.008333333333333333,1.0,0.0,0.0,0.0
14342,0.016666666666666666,1.0,0.0,0.0,0.11696159355071424
14349,0.025,0.3333333333333333,0.3333333333333333,0.6666666666666666,0.238372479872247
14351,0.0,0.0,0.0,0.0,0.0
14357,0.008333333333333333,1.0,0.0,0.0,0.0
14375,0.025,0.6666666666666666,0.3333333333333333,0.0,0.46955710188372657
14376,0.025,0.0,1.0,0.0,0.4466312497592374
14401,0.025,0.6666666666666666,0.3333333333333333,0.0,0.0018543097380152758
14406,0.0,0.0,0.0,0.0,0.0
14407,0.008333333333333333,1.0,0.0,0.0,0.0
14431,0.0,0.0,0.0,0.0,0.0
14437,0.0,0.0,0.0,0.0,0.0
14449,0.0,0.0,0.0,0.0,0.0
14454,0.016666666666666666,0.0,0.5,1.0,0.0
14458,0.041666666666666664,0.4,0.6,0.0,0.03449296272819917
14460,0.03333333333333333,1.0,0.0,0.0,0.2237376160475712
14463,0.016666666666666666,0.5,0.5,0.0,0.0
14467,0.0,0.0,0.0,0.0,0.0
14478,0.0,0.0,0.0,0.0,0.0
14491,0.008333333333333333,1.0,0.0,0.0,0.0
14494,0.025,0.3333333333333333,0.3333333333333333,0.6666666666666666,7.70440306635242e-05
14499,0.016666666666666666,0.0,1.0,0.0,0.0
14502,0.025,1.0,0.0,0.0,0.12002934677168002
14520,0.008333333333333333,0.0,1.0,0.0,0.0
14521,0.0,0.0,0.0,0.0,0.0
14528,0.016666666666666666,0.0,0.5,1.0,0.0
14529,0.0,0.0,0.0,0.0,0.0
14532,0.0,0.0,0.0,0.0,0.0
14537,0.03333333333333333,1.0,0.0,0.0,0.0383259032537095
14559,0.016666666666666666,0.0,1.0,0.0,0.0
14567,0.175,0.23809523809523808,0.7619047619047619,0.0,0.4674016200258448
14571,0.0,0.0,0.0,0.0,0.0
14572,0.0,0.0,0.0,0.0,0.0
14577,0.03333333333333333,0.25,0.75,0.0,0.13198517953010144
14582,0.0,0.0,0.0,0.0,0.0
14588,0.15833333333333333,0.3157894736842105,0.5789473684210527,0.21052631578947367,0.4305167903456826
14592,0.008333333333333333,0.0,1.0,0.0,0.0
14594,0.025,0.3333333333333333,0.6666666666666666,0.0,0.31210011521584585
14595,0.025,1.0,0.0,0.0,0.02253712996977773
14598,0.008333333333333333,1.0,0.0,0.0,0.0
14602,0.06666666666666667,0.0,1.0,0.0,0.01480120889088114
14614,0.016666666666666666,1.0,0.0,0.0,0.00010506004181389664
14616,0.008333333333333333,0.0,1.0,0.0,0.0
14635,0.0,0.0,0.0,0.0,0.0
14639,0.008333333333333333,0.0,1.0,0.0,0.0
14657,0.025,0.6666666666666666,0.3333333333333333,0.0,0.018767225469355737
14658,0.0,0.0,0.0,0.0,0.0
14662,0.016666666666666666,0.0,1.0,0.0,0.0
14677,0.0,0.0,0.0,0.0,0.0
14689,0.008333333333333333,1.0,0.0,0.0,0.0
14691,0.0,0.0,0.0,0.0,0.0
14714,0.03333333333333333,0.25,0.75,0.0,0.0008264723289359869
14718,0.0,0.0,0.0,0.0,0.0
14748,0.03333333333333333,0.0,0.5,1.0,0.16449600946941179
14750,0.025,0.6666666666666666,0.3333333333333333,0.0,0.26614860392714434
14754,0.008333333333333333,1.0,0.0,0.0,0.0
14770,0.008333333333333333,1.0,0.0,0.0,0.0
14771,0.008333333333333333,1.0,0.0,0.0,0.0
14785,0.0,0.0,0.0,0.0,0.0
14787,0.0,0.0,0.0,0.0,0.0
14788,0.03333333333333333,1.0,0.0,0.0,0.0363927984843338
14790,0.025,1.0,0.0,0.0,0.0004272441700431797
14792,0.0,0.0,0.0,0.0,0.0
14794,0.041666666666666664,0.0,0.6,0.8,0.1765621552717378
14796,0.0,0.0,0.0,0.0,0.0
14799,0.016666666666666666,0.5,0.5,0.0,0.0008544883400863594
14804,0.008333333333333333,1.0,0.0,0.0,0.0
14806,0.0,0.0,0.0,0.0,0.0
14808,0.025,0.6666666666666666,0.3333333333333333,0.0,0.09663247545972524
14809,0.016666666666666666,1.0,0.0,0.0,0.005330046121358356
14811,0.0,0.0,0.0,0.0,0.0
14815,0.008333333333333333,1.0,0.0,0.0,0.0
14816,0.0,0.0,0.0,0.0,0.0
14825,0.15,0.4444444444444444,0.4444444444444444,0.2222222222222222,1.0
14838,0.06666666666666667,0.625,0.375,0.0,0.33774702242331495
14844,0.008333333333333333,0.0,1.0,0.0,0.0
14847,0.025,0.6666666666666666,0.3333333333333333,0.0,0.164767414577431
14851,0.0,0.0,0.0,0.0,0.0
14860,0.0,0.0,0.0,0.0,0.0
14874,0.008333333333333333,1.0,0.0,0.0,0.0
14886,0.0,0.0,0.0,0.0,0.0
14893,0.1,0.08333333333333333,0.8333333333333334,0.16666666666666666,0.4118406169125655
14906,0.025,0.3333333333333333,0.6666666666666666,0.0,9.455403763250698e-05
14914,0.0,0.0,0.0,0.0,0.0
14916,0.025,0.6666666666666666,0.3333333333333333,0.0,0.1914071391800414
14930,0.0,0.0,0.0,0.0,0.0
14932,0.016666666666666666,1.0,0.0,0.0,0.050484852092971134
14933,0.0,0.0,0.0,0.0,0.0
14942,0.025,0.3333333333333333,0.6666666666666666,0.0,0.11692132053468558
14945,0.35833333333333334,0.4883720930232558,0.3488372093023256,0.32558139534883723,0.1952453327076424
14953,0.008333333333333333,1.0,0.0,0.0,0.0
14973,0.008333333333333333,1.0,0.0,0.0,0.0
14974,0.025,1.0,0.0,0.0,0.00010330904111699837
14975,0.016666666666666666,0.0,0.5,1.0,0.0
14978,0.008333333333333333,1.0,0.0,0.0,0.0
14979,0.008333333333333333,1.0,0.0,0.0,0.0
14980,0.0,0.0,0.0,0.0,0.0
14988,0.0,0.0,0.0,0.0,0.0
14989,0.008333333333333333,1.0,0.0,0.0,0.0
14991,0.008333333333333333,1.0,0.0,0.0,0.0
14994,0.008333333333333333,1.0,0.0,0.0,0.0
14998,0.016666666666666666,0.0,0.5,1.0,0.0
15001,0.016666666666666666,0.5,0.5,0.0,0.0
15011,0.008333333333333333,1.0,0.0,0.0,0.0
15018,0.008333333333333333,0.0,1.0,0.0,0.0
15022,0.025,0.6666666666666666,0.3333333333333333,0.0,0.004074578621682291
15040,0.008333333333333333,1.0,0.0,0.0,0.0
15041,0.008333333333333333,0.0,1.0,0.0,0.0
15045,0.008333333333333333,1.0,0.0,0.0,0.0
15062,0.008333333333333333,0.0,1.0,0.0,0.0
15063,0.0,0.0,0.0,0.0,0.0
15070,0.041666666666666664,0.6,0.4,0.0,0.007853238125588774
15072,0.0,0.0,0.0,0.0,0.0
15073,0.0,0.0,0.0,0.0,0.0
15074,0.0,0.0,0.0,0.0,0.0
15075,0.0,0.0,0.0,0.0,0.0
15078,0.0,0.0,0.0,0.0,0.0
15079,0.016666666666666666,1.0,0.0,0.0,0.04332325924265718
15083,0.008333333333333333,1.0,0.0,0.0,0.0
15092,0.075,0.5555555555555556,0.4444444444444444,0.0,0.04844843828247844
15101,0.0,0.0,0.0,0.0,0.0
15102,0.008333333333333333,0.0,1.0,0.0,0.0
15104,0.0,0.0,0.0,0.0,0.0
15109,0.0,0.0,0.0,0.0,0.0
15110,0.008333333333333333,1.0,0.0,0.0,0.0
15113,0.016666666666666666,0.0,0.5,1.0,0.0
15120,0.025,0.6666666666666666,0.3333333333333333,0.0,0.1454556278913399
15139,0.008333333333333333,1.0,0.0,0.0,0.0
15152,0.0,0.0,0.0,0.0,0.0
15158,0.008333333333333333,0.0,1.0,0.0,0.0
15163,0.0,0.0,0.0,0.0,0.0
15186,0.016666666666666666,0.0,1.0,0.0,0.0
15202,0.09166666666666666,0.45454545454545453,0.45454545454545453,0.18181818181818182,0.009003645583450943
15217,0.03333333333333333,0.0,0.5,1.0,0.01085620432076932
15231,0.016666666666666666,0.0,0.5,1.0,0.0
15243,0.058333333333333334,0.7142857142857143,0.2857142857142857,0.0,0.16883849119771951
15245,0.0,0.0,0.0,0.0,0.0
15246,0.016666666666666666,0.5,0.5,0.0,0.0946468406694426
15250,0.008333333333333333,1.0,0.0,0.0,0.0
15251,0.0,0.0,0.0,0.0,0.0
15254,0.0,0.0,0.0,0.0,0.0
15279,0.0,0.0,0.0,0.0,0.0
15290,0.016666666666666666,1.0,0.0,0.0,0.042698151993864494
15291,0.016666666666666666,0.0,1.0,0.0,0.0074750219750587465
15293,0.0,0.0,0.0,0.0,0.0
15297,0.0,0.0,0.0,0.0,0.0
15299,0.0,0.0,0.0,0.0,0.0
15302,0.025,0.3333333333333333,0.6666666666666666,0.0,0.09145651739969393
15304,0.03333333333333333,0.5,0.25,0.5,0.4549660130764732
15305,0.0,0.0,0.0,0.0,0.0
15307,0.008333333333333333,1.0,0.0,0.0,0.0
15308,0.025,0.3333333333333333,0.6666666666666666,0.0,0.16419483734954526
15310,0.041666666666666664,0.2,0.4,0.8,0.061901376636747905
15311,0.0,0.0,0.0,0.0,0.0
15337,0.0,0.0,0.0,0.0,0.0
15340,0.0,0.0,0.0,0.0,0.0
15349,0.025,0.6666666666666666,0.3333333333333333,0.0,0.001167917464831151
15353,0.016666666666666666,0.0,0.5,1.0,0.0
15357,0.008333333333333333,1.0,0.0,0.0,0.0
15362,0.025,0.6666666666666666,0.3333333333333333,0.0,0.0016249286467216015
15365,0.0,0.0,0.0,0.0,0.0
15376,0.058333333333333334,0.7142857142857143,0.14285714285714285,0.2857142857142857,0.49923306169475856
15389,0.0,0.0,0.0,0.0,0.0
15391,0.0,0.0,0.0,0.0,0.0
15416,0.008333333333333333,0.0,1.0,0.0,0.0
15426,0.016666666666666666,0.0,0.5,1.0,0.0
15436,0.1,0.9166666666666666,0.08333333333333333,0.0,0.08157562046709695
15439,0.7166666666666667,0.686046511627907,0.313953488372093,0.0,0.594055002433891
15451,0.0,0.0,0.0,0.0,0.0
15456,0.10833333333333334,0.3076923076923077,0.46153846153846156,0.46153846153846156,0.052080013727845466
15471,0.008333333333333333,1.0,0.0,0.0,0.0
15473,0.03333333333333333,0.25,0.5,0.5,0.15585307002952187
15477,0.08333333333333333,0.7,0.3,0.0,0.1682168859503206
15480,0.0,0.0,0.0,0.0,0.0
15485,0.025,1.0,0.0,0.0,0.27572657773917797
15491,0.0,0.0,0.0,0.0,0.0
15497,0.0,0.0,0.0,0.0,0.0
15499,0.0,0.0,0.0,0.0,0.0
15501,0.016666666666666666,0.5,0.5,0.0,0.0
15502,0.025,0.6666666666666666,0.3333333333333333,0.0,0.10634702732611688
15504,0.008333333333333333,1.0,0.0,0.0,0.0
15514,0.008333333333333333,1.0,0.0,0.0,0.0
15517,0.06666666666666667,0.375,0.5,0.25,0.5474118458699146
15519,0.016666666666666666,1.0,0.0,0.0,0.027622035993570326
15521,0.19166666666666665,0.5652173913043478,0.43478260869565216,0.0,0.12648878834253777
15522,0.008333333333333333,0.0,1.0,0.0,0.0
15523,0.008333333333333333,1.0,0.0,0.0,0.0
15527,0.10833333333333334,0.07692307692307693,0.6923076923076923,0.46153846153846156,0.1897839615340167
15528,0.05,0.16666666666666666,0.5,0.6666666666666666,0.04070201119940046
15535,0.008333333333333333,1.0,0.0,0.0,0.0
15539,0.025,0.0,0.6666666666666666,0.6666666666666666,0.16626452017327903
15541,0.016666666666666666,0.5,0.5,0.0,0.0
15542,0.0,0.0,0.0,0.0,0.0
15544,0.008333333333333333,0.0,1.0,0.0,0.0
15552,0.008333333333333333,1.0,0.0,0.0,0.0
15555,0.03333333333333333,1.0,0.0,0.0,0.4784924584399985
15563,0.008333333333333333,1.0,0.0,0.0,0.0
15567,0.058333333333333334,0.5714285714285714,0.42857142857142855,0.0,0.022654447016469913
15568,0.0,0.0,0.0,0.0,0.0
15572,0.008333333333333333,1.0,0.0,0.0,0.0
15574,0.03333333333333333,0.0,0.75,0.5,0.003976522582655988
15594,0.03333333333333333,0.25,0.75,0.0,0.0009210263665684939
15595,0.025,0.6666666666666666,0.3333333333333333,0.0,0.6713179081845275
15596,0.09166666666666666,0.36363636363636365,0.5454545454545454,0.18181818181818182,0.5847922087472991
15597,0.008333333333333333,0.0,1.0,0.0,0.0
15599,0.05,1.0,0.0,0.0,0.5950495708297292
15600,0.0,0.0,0.0,0.0,0.0
15601,0.008333333333333333,0.0,1.0,0.0,0.0
15604,0.0,0.0,0.0,0.0,0.0
15605,0.008333333333333333,0.0,1.0,0.0,0.0
15608,0.016666666666666666,0.0,0.5,1.0,0.0
15610,0.0,0.0,0.0,0.0,0.0
15611,0.008333333333333333,0.0,1.0,0.0,0.0
15613,0.03333333333333333,0.5,0.5,0.0,0.003966016578474598
15619,0.0,0.0,0.0,0.0,0.0
15625,0.016666666666666666,0.5,0.5,0.0,0.0006023442397330074
15628,0.008333333333333333,1.0,0.0,0.0,0.0
15648,0.016666666666666666,1.0,0.0,0.0,5.253002090694832e-05
15649,0.008333333333333333,1.0,0.0,0.0,0.0
15657,0.025,0.6666666666666666,0.3333333333333333,0.0,2.4514009756575884e-05
15679,0.0,0.0,0.0,0.0,0.0
15681,0.008333333333333333,1.0,0.0,0.0,0.0
15682,0.03333333333333333,0.5,0.25,0.5,0.003066002220268884
15704,0.041666666666666664,0.8,0.2,0.0,0.37294388743166723
15718,0.016666666666666666,1.0,0.0,0.0,0.033062395158833274
15720,0.008333333333333333,1.0,0.0,0.0,0.0
15738,0.008333333333333333,0.0,1.0,0.0,0.0
15740,0.025,0.6666666666666666,0.3333333333333333,0.0,0.1620235964853914
15742,0.008333333333333333,1.0,0.0,0.0,0.0
15746,0.03333333333333333,1.0,0.0,0.0,0.07172799254774104
15748,0.0,0.0,0.0,0.0,0.0
15752,0.041666666666666664,0.2,0.6,0.4,0.1613161922038445
15754,0.0,0.0,0.0,0.0,0.0
15755,0.05,0.5,0.3333333333333333,0.3333333333333333,0.03383808846755921
15764,0.008333333333333333,1.0,0.0,0.0,0.0
15771,0.0,0.0,0.0,0.0,0.0
15775,0.008333333333333333,1.0,0.0,0.0,0.0
15776,0.0,0.0,0.0,0.0,0.0
15777,0.025,0.3333333333333333,0.6666666666666666,0.0,0.31739514132326624
15779,0.025,0.0,0.6666666666666666,0.6666666666666666,0.0
15781,0.0,0.0,0.0,0.0,0.0
15783,0.016666666666666666,0.5,0.5,0.0,0.6092957124996936
15784,0.008333333333333333,1.0,0.0,0.0,0.0
15787,0.008333333333333333,1.0,0.0,0.0,0.0
15790,0.0,0.0,0.0,0.0,0.0
15791,0.016666666666666666,0.0,0.5,1.0,0.0
15793,0.008333333333333333,1.0,0.0,0.0,0.0
15800,0.016666666666666666,1.0,0.0,0.0,0.02839247630020557
15801,0.2583333333333333,0.6129032258064516,0.25806451612903225,0.25806451612903225,0.44618299358083147
15811,0.016666666666666666,1.0,0.0,0.0,0.1749494836298945
15819,0.0,0.0,0.0,0.0,0.0
15824,0.0,0.0,0.0,0.0,0.0
15825,0.016666666666666666,0.5,0.5,0.0,0.0
15826,0.09166666666666666,0.18181818181818182,0.6363636363636364,0.36363636363636365,0.15617875615914495
15835,0.016666666666666666,0.5,0.5,0.0,0.3612874757924154
15837,0.0,0.0,0.0,0.0,0.0
15841,0.008333333333333333,1.0,0.0,0.0,0.0
15844,0.016666666666666666,0.0,0.5,1.0,0.0
15848,0.008333333333333333,1.0,0.0,0.0,0.0
15857,0.15833333333333333,0.631578947368421,0.3157894736842105,0.10526315789473684,0.3360450497459298
15862,0.03333333333333333,0.75,0.25,0.0,0.31286355151969353
15867,0.016666666666666666,0.0,0.5,1.0,0.0
15869,0.008333333333333333,1.0,0.0,0.0,0.0
15870,0.0,0.0,0.0,0.0,0.0
15871,0.1,0.5833333333333334,0.4166666666666667,0.0,0.7542488031910237
15872,0.016666666666666666,0.5,0.5,0.0,0.0
15874,0.016666666666666666,1.0,0.0,0.0,1.7510006968982774e-05
15876,0.016666666666666666,0.5,0.5,0.0,0.020663559224096573
15877,0.0,0.0,0.0,0.0,0.0
15878,0.008333333333333333,1.0,0.0,0.0,0.0
15880,0.016666666666666666,1.0,0.0,0.0,0.034888688885698176
15882,0.0,0.0,0.0,0.0,0.0
15890,0.025,0.6666666666666666,0.3333333333333333,0.0,0.2107434398758891
15895,0.025,0.6666666666666666,0.3333333333333333,0.0,0.006445433565282559
15907,0.0,0.0,0.0,0.0,0.0
15913,0.0,0.0,0.0,0.0,0.0
15917,0.008333333333333333,1.0,0.0,0.0,0.0
15927,0.03333333333333333,0.5,0.5,0.0,0.0002031160808402002
15932,0.0,0.0,0.0,0.0,0.0
15933,0.008333333333333333,1.0,0.0,0.0,0.0
15938,0.0,0.0,0.0,0.0,0.0
15955,0.008333333333333333,1.0,0.0,0.0,0.0
15970,0.0,0.0,0.0,0.0,0.0
15971,0.008333333333333333,1.0,0.0,0.0,0.0
15975,0.025,0.3333333333333333,0.3333333333333333,0.6666666666666666,0.12199922255569058
15984,0.0,0.0,0.0,0.0,0.0
15985,0.0,0.0,0.0,0.0,0.0
15986,0.025,1.0,0.0,0.0,0.28313331068705766
15993,0.0,0.0,0.0,0.0,0.0
15995,0.008333333333333333,1.0,0.0,0.0,0.0
15996,0.025,0.3333333333333333,0.6666666666666666,0.0,0.06909448749960603
15997,0.025,0.6666666666666666,0.3333333333333333,0.0,0.0193117866860911
16000,0.008333333333333333,1.0,0.0,0.0,0.0
16003,0.025,0.0,1.0,0.0,0.009978952971623283
16005,0.008333333333333333,1.0,0.0,0.0,0.0
16010,0.05,0.6666666666666666,0.3333333333333333,0.0,0.0030817612265409684
16014,0.016666666666666666,0.5,0.5,0.0,0.0
16019,0.0,0.0,0.0,0.0,0.0
16020,0.008333333333333333,1.0,0.0,0.0,0.0
16030,0.0,0.0,0.0,0.0,0.0
16033,0.025,0.6666666666666666,0.3333333333333333,0.0,0.15545209086993217
16034,0.0,0.0,0.0,0.0,0.0
16041,0.008333333333333333,1.0,0.0,0.0,0.0
16042,0.008333333333333333,0.0,1.0,0.0,0.0
16064,0.06666666666666667,0.625,0.25,0.25,0.2050246715998193
16067,0.0,0.0,0.0,0.0,0.0
16069,0.008333333333333333,1.0,0.0,0.0,0.0
16070,0.008333333333333333,1.0,0.0,0.0,0.0
16073,0.0,0.0,0.0,0.0,0.0
16076,0.05,0.16666666666666666,0.5,0.6666666666666666,0.4741674867186597
16078,0.016666666666666666,1.0,0.0,0.0,0.15405654331450425
16079,0.008333333333333333,1.0,0.0,0.0,0.0
16083,0.008333333333333333,1.0,0.0,0.0,0.0
16088,0.025,0.6666666666666666,0.3333333333333333,0.0,0.0024128789603258265
16095,0.0,0.0,0.0,0.0,0.0
16098,0.016666666666666666,0.0,1.0,0.0,0.3090498720018491
16101,0.016666666666666666,1.0,0.0,0.0,0.0005393082146446694
16103,0.016666666666666666,1.0,0.0,0.0,0.30751949739275997
16105,0.0,0.0,0.0,0.0,0.0
16107,0.0,0.0,0.0,0.0,0.0
16108,0.0,0.0,0.0,0.0,0.0
16112,0.0,0.0,0.0,0.0,0.0
16113,0.03333333333333333,0.0,0.5,1.0,0.004395011749214676
16126,0.016666666666666666,0.0,0.5,1.0,0.0
16128,0.0,0.0,0.0,0.0,0.0
16130,0.025,0.0,0.6666666666666666,0.6666666666666666,0.0
16153,0.0,0.0,0.0,0.0,0.0
16155,0.058333333333333334,0.8571428571428571,0.14285714285714285,0.0,0.45093696047291026
16159,0.0,0.0,0.0,0.0,0.0
16167,0.008333333333333333,1.0,0.0,0.0,0.0
16172,0.0,0.0,0.0,0.0,0.0
16177,0.03333333333333333,1.0,0.0,0.0,0.15054753791792008
16185,0.016666666666666666,0.5,0.5,0.0,0.12717868261711568
16188,0.075,0.3333333333333333,0.4444444444444444,0.4444444444444444,0.06641545643335166
16194,0.0,0.0,0.0,0.0,0.0
16197,0.0,0.0,0.0,0.0,0.0
16216,0.0,0.0,0.0,0.0,0.0
16236,0.0,0.0,0.0,0.0,0.0
16245,0.0,0.0,0.0,0.0,0.0
16277,0.025,0.3333333333333333,0.6666666666666666,0.0,0.0
16294,0.008333333333333333,1.0,0.0,0.0,0.0
16300,0.008333333333333333,1.0,0.0,0.0,0.0
16304,0.48333333333333334,0.603448275862069,0.3620689655172414,0.06896551724137931,0.6676915857412511
16361,0.008333333333333333,1.0,0.0,0.0,0.0
16362,0.0,0.0,0.0,0.0,0.0
16372,0.0,0.0,0.0,0.0,0.0
16374,0.025,0.6666666666666666,0.3333333333333333,0.0,0.11347360016249287
16377,0.008333333333333333,1.0,0.0,0.0,0.0
16388,0.0,0.0,0.0,0.0,0.0
16392,0.008333333333333333,1.0,0.0,0.0,0.0
16403,0.0,0.0,0.0,0.0,0.0
16405,0.016666666666666666,0.5,0.5,0.0,0.2834554948152869
16427,0.016666666666666666,0.0,0.5,1.0,0.0
16440,0.0,0.0,0.0,0.0,0.0
16446,0.03333333333333333,0.75,0.25,0.0,0.13836232406820498
16464,0.0,0.0,0.0,0.0,0.0
16474,0.008333333333333333,0.0,1.0,0.0,0.0
16475,0.0,0.0,0.0,0.0,0.0
16480,0.08333333333333333,0.7,0.3,0.0,0.1578562148267735
16485,0.016666666666666666,0.5,0.5,0.0,0.0
16491,0.008333333333333333,0.0,1.0,0.0,0.0
16493,0.0,0.0,0.0,0.0,0.0
16499,0.0,0.0,0.0,0.0,0.0
16500,0.008333333333333333,1.0,0.0,0.0,0.0
16502,0.125,0.13333333333333333,0.6666666666666666,0.4,0.1542088803751344
16503,0.0,0.0,0.0,0.0,0.0
16506,0.0,0.0,0.0,0.0,0.0
16507,0.041666666666666664,1.0,0.0,0.0,0.03537896908082969
16508,0.0,0.0,0.0,0.0,0.0
16510,0.0,0.0,0.0,0.0,0.0
16531,0.03333333333333333,0.75,0.25,0.0,0.07423717654639626
16536,0.008333333333333333,1.0,0.0,0.0,0.0
16543,0.008333333333333333,1.0,0.0,0.0,0.0
16547,0.09166666666666666,0.45454545454545453,0.45454545454545453,0.18181818181818182,0.5520765117264517
16551,0.008333333333333333,0.0,1.0,0.0,0.0
16555,0.03333333333333333,0.25,0.5,0.5,0.12077527306855869
16558,0.008333333333333333,1.0,0.0,0.0,0.0
16568,0.008333333333333333,1.0,0.0,0.0,0.0
16582,0.016666666666666666,0.0,0.5,1.0,0.0
16584,0.008333333333333333,1.0,0.0,0.0,0.0
16585,0.041666666666666664,0.2,0.6,0.4,0.35081474062426676
16601,0.016666666666666666,0.5,0.5,0.0,0.0
16607,0.0,0.0,0.0,0.0,0.0
16640,0.041666666666666664,0.2,0.4,0.8,0.03396240951703899
16647,0.0,0.0,0.0,0.0,0.0
16652,0.016666666666666666,0.0,1.0,0.0,0.0005410592153415677
16657,0.016666666666666666,0.5,0.5,0.0,0.0
16668,0.008333333333333333,1.0,0.0,0.0,0.0
16679,0.025,1.0,0.0,0.0,0.23141050110137945
16689,0.06666666666666667,0.0,1.0,0.0,0.00832425731305441
16690,0.025,0.0,0.6666666666666666,0.6666666666666666,0.0036648444586080946
16691,0.008333333333333333,0.0,1.0,0.0,0.0
16695,1.0,0.008333333333333333,0.7166666666666667,0.55,0.32616240181263595
16697,0.008333333333333333,0.0,1.0,0.0,0.0
16700,0.041666666666666664,0.2,0.4,0.8,0.3052694614972457
16704,0.0,0.0,0.0,0.0,0.0
16705,0.03333333333333333,1.0,0.0,0.0,0.5332952782515208
16707,0.05,0.8333333333333334,0.16666666666666666,0.0,0.019889616916067533
16709,0.025,0.3333333333333333,0.3333333333333333,0.6666666666666666,0.05586742823523644
16711,0.06666666666666667,0.5,0.25,0.5,0.15142303826636924
16713,0.0,0.0,0.0,0.0,0.0
16714,0.0,0.0,0.0,0.0,0.0
16718,0.0,0.0,0.0,0.0,0.0
16719,0.016666666666666666,0.5,0.5,0.0,0.0
16720,0.008333333333333333,1.0,0.0,0.0,0.0
16741,0.008333333333333333,1.0,0.0,0.0,0.0
16743,0.025,0.6666666666666666,0.3333333333333333,0.0,0.014563072796102973
16746,0.0,0.0,0.0,0.0,0.0
16758,0.041666666666666664,0.2,0.8,0.0,0.6927729197236221
16761,0.008333333333333333,1.0,0.0,0.0,0.0
16766,0.14166666666666666,0.7058823529411765,0.29411764705882354,0.0,0.6051948688675578
16772,0.075,0.1111111111111111,0.7777777777777778,0.2222222222222222,0.35736348323066636
16774,0.008333333333333333,1.0,0.0,0.0,0.0
16783,0.008333333333333333,0.0,1.0,0.0,0.0
16812,0.008333333333333333,1.0,0.0,0.0,0.0
16815,0.0,0.0,0.0,0.0,0.0
16817,0.008333333333333333,1.0,0.0,0.0,0.0
16822,0.11666666666666667,0.21428571428571427,0.7857142857142857,0.0,0.576704336528326
16838,0.0,0.0,0.0,0.0,0.0
16852,0.0,0.0,0.0,0.0,0.0
16858,0.016666666666666666,0.5,0.5,0.0,0.0
16864,0.008333333333333333,1.0,0.0,0.0,0.0
16872,0.025,0.3333333333333333,0.6666666666666666,0.0,0.0025634650202590783
16878,0.008333333333333333,1.0,0.0,0.0,0.0
16881,0.0,0.0,0.0,0.0,0.0
16883,0.008333333333333333,0.0,1.0,0.0,0.0
16901,0.03333333333333333,0.0,0.75,0.5,0.0
16903,0.008333333333333333,1.0,0.0,0.0,0.0
16905,0.016666666666666666,0.5,0.5,0.0,0.0
16916,0.016666666666666666,0.0,0.5,1.0,0.0
16917,0.0,0.0,0.0,0.0,0.0
16921,0.008333333333333333,0.0,1.0,0.0,0.0
16931,0.008333333333333333,1.0,0.0,0.0,0.0
16936,0.016666666666666666,0.0,1.0,0.0,0.0
16943,0.008333333333333333,0.0,1.0,0.0,0.0
16946,0.025,0.3333333333333333,0.3333333333333333,0.6666666666666666,0.03413400758533502
16947,0.03333333333333333,0.75,0.25,0.0,0.0015811536292991446
16948,0.06666666666666667,0.25,0.625,0.25,0.1728080097775879
16953,0.008333333333333333,1.0,0.0,0.0,0.0
16963,0.0,0.0,0.0,0.0,0.0
16967,0.041666666666666664,0.4,0.4,0.4,0.061918886643716885
16970,0.43333333333333335,0.5384615384615384,0.46153846153846156,0.0,0.9266488298062343
16971,0.0,0.0,0.0,0.0,0.0
16973,0.041666666666666664,0.8,0.2,0.0,0.5074137369506673
16974,0.0,0.0,0.0,0.0,0.0
16979,0.016666666666666666,0.5,0.5,0.0,0.0
16980,0.0,0.0,0.0,0.0,0.0
16982,0.0,0.0,0.0,0.0,0.0
16984,0.0,0.0,0.0,0.0,0.0
16987,0.0,0.0,0.0,0.0,0.0
16992,0.016666666666666666,0.5,0.5,0.0,0.07108362429128247
16994,0.008333333333333333,1.0,0.0,0.0,0.0
16997,0.025,0.0,0.6666666666666666,0.6666666666666666,0.0
17001,0.008333333333333333,1.0,0.0,0.0,0.0
17004,0.0,0.0,0.0,0.0,0.0
17005,0.025,0.6666666666666666,0.3333333333333333,0.0,0.0566203585349027
17006,0.0,0.0,0.0,0.0,0.0
17007,0.008333333333333333,1.0,0.0,0.0,0.0
17008,0.016666666666666666,0.5,0.5,0.0,0.0
17011,0.008333333333333333,1.0,0.0,0.0,0.0
17012,0.03333333333333333,0.75,0.25,0.0,0.014528052782165008
17014,0.008333333333333333,1.0,0.0,0.0,0.0
17020,0.008333333333333333,1.0,0.0,0.0,0.0
17022,0.008333333333333333,1.0,0.0,0.0,0.0
17025,0.008333333333333333,1.0,0.0,0.0,0.0
17031,0.041666666666666664,0.2,0.6,0.4,0.1472854236195986
17032,0.0,0.0,0.0,0.0,0.0
17035,0.058333333333333334,0.8571428571428571,0.14285714285714285,0.0,0.5814565524197078
17050,0.008333333333333333,0.0,1.0,0.0,0.0
17058,0.11666666666666667,0.35714285714285715,0.42857142857142855,0.42857142857142855,0.4196465780193381
17064,0.008333333333333333,1.0,0.0,0.0,0.0
17069,0.008333333333333333,0.0,1.0,0.0,0.0
17071,0.008333333333333333,1.0,0.0,0.0,0.0
17073,0.0,0.0,0.0,0.0,0.0
17081,0.0,0.0,0.0,0.0,0.0
17087,0.0,0.0,0.0,0.0,0.0
17088,0.008333333333333333,0.0,1.0,0.0,0.0
17089,0.0,0.0,0.0,0.0,0.0
17091,0.03333333333333333,0.5,0.5,0.0,0.23915867918515432
17092,0.008333333333333333,1.0,0.0,0.0,0.0
17103,0.08333333333333333,0.5,0.4,0.2,0.32025802746269494
17109,0.041666666666666664,0.6,0.4,0.0,0.06108190831059951
17128,0.0,0.0,0.0,0.0,0.0
17131,0.025,0.3333333333333333,0.3333333333333333,0.6666666666666666,0.04763247195772384
17133,0.025,1.0,0.0,0.0,0.24130715704024852
17141,0.075,0.8888888888888888,0.1111111111111111,0.0,0.03541924209685836
17143,0.008333333333333333,1.0,0.0,0.0,0.0
17147,0.05,0.5,0.5,0.0,0.26709589530416633
17148,0.008333333333333333,1.0,0.0,0.0,0.0
17149,0.03333333333333333,0.5,0.5,0.0,0.09594083018445042
17152,0.016666666666666666,0.0,0.5,1.0,0.0
17156,0.016666666666666666,0.0,0.5,1.0,0.0
17158,0.016666666666666666,0.5,0.5,0.0,0.0
17162,0.016666666666666666,0.5,0.5,0.0,0.00042374216864938315
17170,0.008333333333333333,1.0,0.0,0.0,0.0
17174,0.025,0.6666666666666666,0.3333333333333333,0.0,0.01583955230414182
17175,0.05,0.16666666666666666,0.6666666666666666,0.3333333333333333,0.1995265294115587
17176,0.016666666666666666,0.0,0.5,1.0,0.0
17181,0.008333333333333333,1.0,0.0,0.0,0.0
17185,0.1,0.25,0.5833333333333334,0.3333333333333333,0.8366158759731187
17194,0.05,0.5,0.3333333333333333,0.3333333333333333,0.1945694464386397
17196,0.0,0.0,0.0,0.0,0.0
17197,0.008333333333333333,1.0,0.0,0.0,0.0
17200,0.0,0.0,0.0,0.0,0.0
17203,0.016666666666666666,0.5,0.5,0.0,0.0
17205,0.03333333333333333,0.5,0.25,0.5,0.28696099821047727
17206,0.008333333333333333,1.0,0.0,0.0,0.0
17209,0.008333333333333333,1.0,0.0,0.0,0.0
17210,0.008333333333333333,1.0,0.0,0.0,0.0
17213,0.016666666666666666,1.0,0.0,0.0,4.202401672555866e-05
17239,0.008333333333333333,0.0,1.0,0.0,0.0
17252,0.0,0.0,0.0,0.0,0.0
17253,0.008333333333333333,0.0,1.0,0.0,0.0
17255,0.008333333333333333,1.0,0.0,0.0,0.0
17261,0.0,0.0,0.0,0.0,0.0
17265,0.008333333333333333,0.0,1.0,0.0,0.0
17268,0.0,0.0,0.0,0.0,0.0
17277,0.0,0.0,0.0,0.0,0.0
17281,0.0,0.0,0.0,0.0,0.0
17291,0.008333333333333333,1.0,0.0,0.0,0.0
17296,0.03333333333333333,0.5,0.5,0.0,0.2461854449818071
17299,0.041666666666666664,0.6,0.4,0.0,0.014482526764045652
17301,0.008333333333333333,1.0,0.0,0.0,0.0
17304,0.0,0.0,0.0,0.0,0.0
17322,0.016666666666666666,1.0,0.0,0.0,0.12135485429923201
17333,0.025,1.0,0.0,0.0,0.1610395340937346
17335,0.008333333333333333,0.0,1.0,0.0,0.0
17336,0.0,0.0,0.0,0.0,0.0
17337,0.03333333333333333,0.75,0.25,0.0,0.027991497140615863
17338,0.0,0.0,0.0,0.0,0.0
17340,0.0,0.0,0.0,0.0,0.0
17341,0.0,0.0,0.0,0.0,0.0
17348,0.008333333333333333,1.0,0.0,0.0,0.0
17349,0.008333333333333333,1.0,0.0,0.0,0.0
17353,0.008333333333333333,1.0,0.0,0.0,0.0
17354,0.016666666666666666,1.0,0.0,0.0,0.21258899461041986
17356,0.0,0.0,0.0,0.0,0.0
17364,0.008333333333333333,0.0,1.0,0.0,0.0
17369,0.05,0.3333333333333333,0.5,0.3333333333333333,0.38333782756845536
17380,0.025,0.6666666666666666,0.3333333333333333,0.0,0.07601619325444492
17382,0.1,0.0,0.6666666666666666,0.6666666666666666,0.6043456335295622
17385,0.0,0.0,0.0,0.0,0.0
17399,0.0,0.0,0.0,0.0,0.0
17400,0.0,0.0,0.0,0.0,0.0
17409,0.0,0.0,0.0,0.0,0.0
17447,0.0,0.0,0.0,0.0,0.0
17449,0.008333333333333333,0.0,1.0,0.0,0.0
17450,0.025,0.6666666666666666,0.3333333333333333,0.0,0.3050488354094365
17451,0.008333333333333333,1.0,0.0,0.0,0.0
17468,0.06666666666666667,0.375,0.625,0.0,0.2475162055114498
17471,0.008333333333333333,1.0,0.0,0.0,0.0
17510,0.0,0.0,0.0,0.0,0.0
17517,0.016666666666666666,0.5,0.5,0.0,0.0
17518,0.025,0.3333333333333333,0.6666666666666666,0.0,0.12168229142955199
17520,0.041666666666666664,0.6,0.4,0.0,0.7684214028317183
17528,0.008333333333333333,0.0,1.0,0.0,0.0
17530,0.008333333333333333,0.0,1.0,0.0,0.0
17541,0.016666666666666666,0.5,0.5,0.0,0.5048310109227424
17558,0.0,0.0,0.0,0.0,0.0
17560,0.0,0.0,0.0,0.0,0.0
17563,0.0,0.0,0.0,0.0,0.0
17564,0.075,0.8888888888888888,0.1111111111111111,0.0,0.04484662984895868
17571,0.0,0.0,0.0,0.0,0.0
17574,0.008333333333333333,1.0,0.0,0.0,0.0
17579,0.008333333333333333,1.0,0.0,0.0,0.0
17580,0.025,0.3333333333333333,0.3333333333333333,0.6666666666666666,0.09551708801580103
17584,0.016666666666666666,1.0,0.0,0.0,0.14663580236104934
17606,0.025,0.6666666666666666,0.3333333333333333,0.0,0.08960220766167865
17609,0.008333333333333333,1.0,0.0,0.0,0.0
17615,0.0,0.0,0.0,0.0,0.0
17621,0.06666666666666667,0.625,0.375,0.0,0.0037541454941499067
17625,0.025,1.0,0.0,0.0,0.27347829284436054
17627,0.008333333333333333,1.0,0.0,0.0,0.0
17634,0.0,0.0,0.0,0.0,0.0
17635,0.008333333333333333,0.0,1.0,0.0,0.0
17641,0.008333333333333333,1.0,0.0,0.0,0.0
17642,0.008333333333333333,1.0,0.0,0.0,0.0
17644,0.025,0.3333333333333333,0.3333333333333333,0.6666666666666666,0.006886685740900925
17646,0.008333333333333333,1.0,0.0,0.0,0.0
17650,0.008333333333333333,1.0,0.0,0.0,0.0
17651,0.025,0.6666666666666666,0.3333333333333333,0.0,0.15986286162541893
17652,0.008333333333333333,1.0,0.0,0.0,0.0
17653,0.008333333333333333,0.0,1.0,0.0,0.0
17657,0.016666666666666666,0.5,0.5,0.0,0.10785288792544939
17659,0.0,0.0,0.0,0.0,0.0
17660,0.0,0.0,0.0,0.0,0.0
17661,0.0,0.0,0.0,0.0,0.0
17662,0.0,0.0,0.0,0.0,0.0
17665,0.0,0.0,0.0,0.0,0.0
17671,0.016666666666666666,0.5,0.5,0.0,0.030132970992922455
17676,0.14166666666666666,0.11764705882352941,0.6470588235294118,0.47058823529411764,0.32746339533043134
17677,0.008333333333333333,1.0,0.0,0.0,0.0
17678,0.0,0.0,0.0,0.0,0.0
17679,0.016666666666666666,0.5,0.5,0.0,0.0
17680,0.016666666666666666,0.5,0.5,0.0,0.3513645548430928
17681,0.016666666666666666,0.0,0.5,1.0,0.0
17682,0.008333333333333333,1.0,0.0,0.0,0.0
17685,0.016666666666666666,1.0,0.0,0.0,0.04958308673406852
17694,0.008333333333333333,0.0,1.0,0.0,0.0
17696,0.016666666666666666,1.0,0.0,0.0,0.0042636866969473055
17698,0.016666666666666666,0.0,1.0,0.0,7.00400278759311e-05
17702,0.016666666666666666,1.0,0.0,0.0,0.010810678302649965
17707,0.008333333333333333,1.0,0.0,0.0,0.0
17715,0.016666666666666666,0.0,0.5,1.0,0.0
17717,0.0,0.0,0.0,0.0,0.0
17724,0.0,0.0,0.0,0.0,0.0
17725,0.0,0.0,0.0,0.0,0.0
17726,0.008333333333333333,1.0,0.0,0.0,0.0
17727,0.041666666666666664,0.4,0.6,0.0,0.15150708629982035
17729,0.0,0.0,0.0,0.0,0.0
17730,0.0,0.0,0.0,0.0,0.0
17737,0.008333333333333333,0.0,1.0,0.0,0.0
17740,0.008333333333333333,1.0,0.0,0.0,0.0
17744,0.0,0.0,0.0,0.0,0.0
17746,0.008333333333333333,1.0,0.0,0.0,0.0
17752,0.016666666666666666,1.0,0.0,0.0,0.01659948660659567
17761,0.03333333333333333,0.75,0.25,0.0,0.28880129994291737
17770,0.016666666666666666,1.0,0.0,0.0,0.17816607191009662
17773,0.03333333333333333,0.5,0.5,0.0,0.034193541609029564
17795,0.0,0.0,0.0,0.0,0.0
17797,0.008333333333333333,1.0,0.0,0.0,0.0
17853,0.0,0.0,0.0,0.0,0.0
17857,0.016666666666666666,1.0,0.0,0.0,9.630503832940526e-05
17859,0.0,0.0,0.0,0.0,0.0
17863,0.008333333333333333,1.0,0.0,0.0,0.0
17865,0.008333333333333333,1.0,0.0,0.0,0.0
17872,0.008333333333333333,0.0,1.0,0.0,0.0
17874,0.008333333333333333,0.0,1.0,0.0,0.0
17876,0.016666666666666666,0.0,0.5,1.0,0.0
17877,0.0,0.0,0.0,0.0,0.0
17879,0.016666666666666666,1.0,0.0,0.0,0.049325689631624474
17880,0.008333333333333333,1.0,0.0,0.0,0.0
17882,0.0,0.0,0.0,0.0,0.0
17883,0.05,0.6666666666666666,0.16666666666666666,0.3333333333333333,0.08362954428455863
17885,0.008333333333333333,1.0,0.0,0.0,0.0
17886,0.025,0.3333333333333333,0.6666666666666666,0.0,1.2257004878287942e-05
17887,0.0,0.0,0.0,0.0,0.0
17889,0.0,0.0,0.0,0.0,0.0
17891,0.0,0.0,0.0,0.0,0.0
17893,0.0,0.0,0.0,0.0,0.0
17894,0.008333333333333333,1.0,0.0,0.0,0.0
17905,0.0,0.0,0.0,0.0,0.0
17908,0.008333333333333333,1.0,0.0,0.0,0.0
17915,0.008333333333333333,1.0,0.0,0.0,0.0
17919,0.0,0.0,0.0,0.0,0.0
17927,0.008333333333333333,1.0,0.0,0.0,0.0
17928,0.008333333333333333,1.0,0.0,0.0,0.0
17929,0.008333333333333333,1.0,0.0,0.0,0.0
17937,0.016666666666666666,0.5,0.5,0.0,0.124832341683272
17940,0.0,0.0,0.0,0.0,0.0
17946,0.0,0.0,0.0,0.0,0.0
17947,0.0,0.0,0.0,0.0,0.0
17950,0.016666666666666666,0.0,1.0,0.0,0.0
17952,0.03333333333333333,0.75,0.25,0.0,0.0026912880711326523
17955,0.0,0.0,0.0,0.0,0.0
17959,0.016666666666666666,1.0,0.0,0.0,0.1518835514496535
17965,0.0,0.0,0.0,0.0,0.0
17966,0.06666666666666667,0.125,0.5,0.75,0.007320933913731698
17968,0.016666666666666666,1.0,0.0,0.0,0.22518919562529988
17969,0.025,0.0,0.6666666666666666,0.6666666666666666,0.030176746010344913
17972,0.0,0.0,0.0,0.0,0.0
17973,0.016666666666666666,1.0,0.0,0.0,0.04752566091521305
17974,0.008333333333333333,1.0,0.0,0.0,0.0
17976,0.058333333333333334,0.42857142857142855,0.2857142857142857,0.5714285714285714,0.2778032645656993
17977,0.025,0.3333333333333333,0.6666666666666666,0.0,0.0
17982,0.008333333333333333,1.0,0.0,0.0,0.0
17983,0.016666666666666666,1.0,0.0,0.0,0.3212928688745618
17986,0.0,0.0,0.0,0.0,0.0
17987,0.0,0.0,0.0,0.0,0.0
17990,0.016666666666666666,1.0,0.0,0.0,0.30846853977047883
17991,0.058333333333333334,0.42857142857142855,0.42857142857142855,0.2857142857142857,0.42754884416444
17992,0.0,0.0,0.0,0.0,0.0
17996,0.0,0.0,0.0,0.0,0.0
17998,0.0,0.0,0.0,0.0,0.0
17999,0.008333333333333333,1.0,0.0,0.0,0.0
18001,0.008333333333333333,1.0,0.0,0.0,0.0
18012,0.008333333333333333,1.0,0.0,0.0,0.0
18013,0.008333333333333333,1.0,0.0,0.0,0.0
18014,0.016666666666666666,0.5,0.5,0.0,0.0
18019,0.041666666666666664,0.8,0.2,0.0,0.16160860932022653
18031,0.0,0.0,0.0,0.0,0.0
18033,0.0,0.0,0.0,0.0,0.0
18042,0.016666666666666666,0.0,0.5,1.0,0.0
18043,0.03333333333333333,0.75,0.25,0.0,0.15097303108726637
18044,0.025,0.3333333333333333,0.3333333333333333,0.6666666666666666,0.04656261053191899
18050,0.008333333333333333,0.0,1.0,0.0,0.0
18052,0.041666666666666664,0.6,0.4,0.0,0.10291506596019626
18064,0.041666666666666664,0.4,0.6,0.0,0.10941478054708266
18065,0.03333333333333333,0.25,0.5,0.5,0.2191657532279698
18067,0.008333333333333333,1.0,0.0,0.0,0.0
18069,0.016666666666666666,0.0,0.5,1.0,0.0
18071,0.008333333333333333,1.0,0.0,0.0,0.0
18072,0.016666666666666666,1.0,0.0,0.0,0.13769694380338363
18076,0.125,0.0,0.8666666666666667,0.26666666666666666,0.4496569789634776
18077,0.041666666666666664,0.4,0.6,0.0,0.27512248249874804
18078,0.0,0.0,0.0,0.0,0.0
18085,0.008333333333333333,1.0,0.0,0.0,0.0
18087,0.025,1.0,0.0,0.0,0.11561682501549636
18101,0.008333333333333333,1.0,0.0,0.0,0.0
18103,0.008333333333333333,1.0,0.0,0.0,0.0
18104,0.016666666666666666,0.0,1.0,0.0,0.4716653067227921
18105,0.075,0.1111111111111111,0.6666666666666666,0.4444444444444444,0.2951871994845054
18106,0.008333333333333333,1.0,0.0,0.0,0.0
18108,0.0,0.0,0.0,0.0,0.0
18109,0.0,0.0,0.0,0.0,0.0
18111,0.008333333333333333,0.0,1.0,0.0,0.0
18116,0.0,0.0,0.0,0.0,0.0
18118,0.0,0.0,0.0,0.0,0.0
18119,0.025,1.0,0.0,0.0,0.18476559353670624
18120,0.008333333333333333,0.0,1.0,0.0,0.0
18123,0.008333333333333333,1.0,0.0,0.0,0.0
18124,0.0,0.0,0.0,0.0,0.0
18125,0.03333333333333333,0.75,0.25,0.0,0.1526767547653484
18126,0.016666666666666666,0.5,0.5,0.0,0.0
18128,0.008333333333333333,1.0,0.0,0.0,0.0
18133,0.008333333333333333,1.0,0.0,0.0,0.0
18135,0.0,0.0,0.0,0.0,0.0
18136,0.008333333333333333,0.0,1.0,0.0,0.0
18137,0.025,0.6666666666666666,0.3333333333333333,0.0,0.012244747873409654
18138,0.03333333333333333,0.75,0.25,0.0,0.1663993472269402
18142,0.05,0.6666666666666666,0.3333333333333333,0.0,0.07508641188439193
18145,0.016666666666666666,0.0,1.0,0.0,0.0
18146,0.016666666666666666,0.0,1.0,0.0,0.00021537308571848812
18149,0.008333333333333333,0.0,1.0,0.0,0.0
18150,0.016666666666666666,0.0,0.5,1.0,0.0
18151,0.016666666666666666,0.5,0.5,0.0,0.0
18152,0.0,0.0,0.0,0.0,0.0
18156,0.03333333333333333,0.5,0.5,0.0,0.010646084237141527
18158,0.0,0.0,0.0,0.0,0.0
18159,0.0,0.0,0.0,0.0,0.0
18164,0.0,0.0,0.0,0.0,0.0
18168,0.0,0.0,0.0,0.0,0.0
18170,0.075,0.5555555555555556,0.4444444444444444,0.0,0.46811777931087617
18174,0.016666666666666666,0.0,1.0,0.0,0.06253698988972198
18176,0.008333333333333333,1.0,0.0,0.0,0.0
18179,0.008333333333333333,1.0,0.0,0.0,0.0
18182,0.025,1.0,0.0,0.0,0.07648371044051676
18183,0.008333333333333333,1.0,0.0,0.0,0.0
18185,0.008333333333333333,1.0,0.0,0.0,0.0
18189,0.03333333333333333,0.5,0.25,0.5,0.12812422299344076
18190,0.008333333333333333,0.0,1.0,0.0,0.0
18191,0.0,0.0,0.0,0.0,0.0
18193,0.0,0.0,0.0,0.0,0.0
18195,0.0,0.0,0.0,0.0,0.0
18196,0.016666666666666666,0.0,0.5,1.0,0.0
18197,0.0,0.0,0.0,0.0,0.0
18200,0.008333333333333333,0.0,1.0,0.0,0.0
18201,0.0,0.0,0.0,0.0,0.0
18202,0.008333333333333333,1.0,0.0,0.0,0.0
18203,0.016666666666666666,0.0,0.5,1.0,0.0
18204,0.0,0.0,0.0,0.0,0.0
18211,0.008333333333333333,1.0,0.0,0.0,0.0
18213,0.09166666666666666,0.8181818181818182,0.18181818181818182,0.0,0.6165343493806711
18214,0.0,0.0,0.0,0.0,0.0
18216,0.008333333333333333,1.0,0.0,0.0,0.0
18217,0.0,0.0,0.0,0.0,0.0
18219,0.0,0.0,0.0,0.0,0.0
18223,0.016666666666666666,0.5,0.5,0.0,0.22744448452290483
18227,0.016666666666666666,1.0,0.0,0.0,0.05669390056417243
18228,0.008333333333333333,1.0,0.0,0.0,0.0
18230,0.008333333333333333,1.0,0.0,0.0,0.0
18234,0.0,0.0,0.0,0.0,0.0
18237,0.016666666666666666,0.0,0.5,1.0,0.0
18238,0.008333333333333333,1.0,0.0,0.0,0.0
18239,0.0,0.0,0.0,0.0,0.0
18240,0.016666666666666666,0.0,0.5,1.0,0.0
18243,0.016666666666666666,0.0,1.0,0.0,0.1476899047805821
18248,0.008333333333333333,0.0,1.0,0.0,0.0
18261,0.0,0.0,0.0,0.0,0.0
18268,0.008333333333333333,1.0,0.0,0.0,0.0
18270,0.016666666666666666,0.5,0.5,0.0,0.0
18279,0.0,0.0,0.0,0.0,0.0
18293,0.016666666666666666,1.0,0.0,0.0,0.004477308781968895
18309,0.041666666666666664,1.0,0.0,0.0,0.20261879664228108
18311,0.008333333333333333,0.0,1.0,0.0,0.0
18313,0.075,0.4444444444444444,0.4444444444444444,0.2222222222222222,0.021358706500765188
18315,0.0,0.0,0.0,0.0,0.0
18317,0.0,0.0,0.0,0.0,0.0
18319,0.016666666666666666,0.0,1.0,0.0,0.014851987911091189
18321,0.025,0.6666666666666666,0.3333333333333333,0.0,0.010812429303346863
18331,0.03333333333333333,0.5,0.25,0.5,0.004342481728307728
18335,0.008333333333333333,1.0,0.0,0.0,0.0
18339,0.0,0.0,0.0,0.0,0.0
18343,0.03333333333333333,0.5,0.25,0.5,0.0686199663107466
18344,0.025,1.0,0.0,0.0,0.02353169836561595
18354,0.016666666666666666,0.5,0.5,0.0,0.0
18357,0.016666666666666666,1.0,0.0,0.0,0.06198542467019902
18358,0.075,0.4444444444444444,0.4444444444444444,0.2222222222222222,0.04327598222384093
18370,0.016666666666666666,1.0,0.0,0.0,0.26666164713133556
18371,0.008333333333333333,1.0,0.0,0.0,0.0
18379,0.05,0.16666666666666666,0.6666666666666666,0.3333333333333333,0.0036158164390949427
18382,0.008333333333333333,0.0,1.0,0.0,0.0
18385,0.0,0.0,0.0,0.0,0.0
18391,0.008333333333333333,0.0,1.0,0.0,0.0
18393,0.008333333333333333,1.0,0.0,0.0,0.0
18404,0.008333333333333333,1.0,0.0,0.0,0.0
18409,0.016666666666666666,1.0,0.0,0.0,0.006608276630094099
18438,0.008333333333333333,1.0,0.0,0.0,0.0
18451,0.0,0.0,0.0,0.0,0.0
18471,0.008333333333333333,1.0,0.0,0.0,0.0
18478,0.008333333333333333,0.0,1.0,0.0,0.0
18481,0.008333333333333333,1.0,0.0,0.0,0.0
18484,0.03333333333333333,0.0,0.5,1.0,0.08574300212571485
18486,0.008333333333333333,1.0,0.0,0.0,0.0
18488,0.09166666666666666,0.8181818181818182,0.18181818181818182,0.0,0.49619332448494313
18492,0.05,0.8333333333333334,0.16666666666666666,0.0,0.00275432409622099
18493,0.0,0.0,0.0,0.0,0.0
18496,0.008333333333333333,1.0,0.0,0.0,0.0
18499,0.0,0.0,0.0,0.0,0.0
18503,0.0,0.0,0.0,0.0,0.0
18505,0.016666666666666666,1.0,0.0,0.0,0.0063718915360128315
18507,0.008333333333333333,1.0,0.0,0.0,0.0
18508,0.016666666666666666,0.0,0.5,1.0,0.0
18509,0.0,0.0,0.0,0.0,0.0
18511,0.016666666666666666,0.0,0.5,1.0,0.0
18513,0.008333333333333333,0.0,1.0,0.0,0.0
18514,0.008333333333333333,0.0,1.0,0.0,0.0
18516,0.0,0.0,0.0,0.0,0.0
18517,0.06666666666666667,1.0,0.0,0.0,0.0603797570311433
18520,0.016666666666666666,1.0,0.0,0.0,0.010239852075461126
18523,0.1,0.16666666666666666,0.75,0.16666666666666666,0.21696474535196866
18532,0.0,0.0,0.0,0.0,0.0
18533,0.008333333333333333,1.0,0.0,0.0,0.0
18536,0.016666666666666666,0.0,1.0,0.0,0.0
18542,0.0,0.0,0.0,0.0,0.0
18549,0.008333333333333333,1.0,0.0,0.0,0.0
18550,0.008333333333333333,0.0,1.0,0.0,0.0
18554,0.0,0.0,0.0,0.0,0.0
18556,0.0,0.0,0.0,0.0,0.0
18557,0.0,0.0,0.0,0.0,0.0
18571,0.0,0.0,0.0,0.0,0.0
18587,0.008333333333333333,1.0,0.0,0.0,0.0
18589,0.09166666666666666,0.7272727272727273,0.18181818181818182,0.18181818181818182,0.24381459003820685
18592,0.008333333333333333,0.0,1.0,0.0,0.0
18601,0.05,0.8333333333333334,0.16666666666666666,0.0,0.20010611064223205
18618,0.05,0.0,1.0,0.0,0.02952887575249255
18621,0.025,1.0,0.0,0.0,0.2705873906937815
18624,0.008333333333333333,0.0,1.0,0.0,0.0
18626,0.016666666666666666,0.5,0.5,0.0,0.5264015885078323
18631,0.0,0.0,0.0,0.0,0.0
18645,0.016666666666666666,0.0,0.5,1.0,0.0
18656,0.0,0.0,0.0,0.0,0.0
18659,0.03333333333333333,1.0,0.0,0.0,0.3046496072505437
18661,0.008333333333333333,0.0,1.0,0.0,0.0
18665,0.1,0.16666666666666666,0.6666666666666666,0.3333333333333333,0.8945792520425423
18666,0.10833333333333334,0.6923076923076923,0.23076923076923078,0.15384615384615385,0.6578211948128355
18668,0.0,0.0,0.0,0.0,0.0
18679,0.0,0.0,0.0,0.0,0.0
18686,0.008333333333333333,0.0,1.0,0.0,0.0
18693,0.03333333333333333,0.0,1.0,0.0,0.016399872527149265
18698,0.0,0.0,0.0,0.0,0.0
18699,0.0,0.0,0.0,0.0,0.0
18706,0.008333333333333333,1.0,0.0,0.0,0.0
18710,0.0,0.0,0.0,0.0,0.0
18712,0.008333333333333333,1.0,0.0,0.0,0.0
18713,0.09166666666666666,0.09090909090909091,0.9090909090909091,0.0,0.29156262804192595
18730,0.0,0.0,0.0,0.0,0.0
18735,0.0,0.0,0.0,0.0,0.0
18737,0.0,0.0,0.0,0.0,0.0
18747,0.0,0.0,0.0,0.0,0.0
18748,0.0,0.0,0.0,0.0,0.0
18749,0.008333333333333333,1.0,0.0,0.0,0.0
18750,0.008333333333333333,1.0,0.0,0.0,0.0
18751,0.008333333333333333,1.0,0.0,0.0,0.0
18757,0.0,0.0,0.0,0.0,0.0
18761,0.03333333333333333,1.0,0.0,0.0,0.5115548535988318
18764,0.016666666666666666,0.5,0.5,0.0,0.27175005515652195
18768,0.0,0.0,0.0,0.0,0.0
18780,0.041666666666666664,0.4,0.4,0.4,0.22425941425524687
18789,0.0,0.0,0.0,0.0,0.0
18795,0.0,0.0,0.0,0.0,0.0
18797,0.025,0.3333333333333333,0.6666666666666666,0.0,0.0
18801,0.008333333333333333,1.0,0.0,0.0,0.0
18805,0.008333333333333333,1.0,0.0,0.0,0.0
18833,0.0,0.0,0.0,0.0,0.0
18862,0.008333333333333333,0.0,1.0,0.0,0.0
18863,0.016666666666666666,0.0,0.5,1.0,0.0
18865,0.008333333333333333,1.0,0.0,0.0,0.0
18867,0.025,0.6666666666666666,0.3333333333333333,0.0,0.032783986048026445
18873,0.03333333333333333,0.25,0.75,0.0,0.0832425731305441
18875,0.016666666666666666,0.0,1.0,0.0,0.0
18885,0.008333333333333333,1.0,0.0,0.0,0.0
18887,0.016666666666666666,0.5,0.5,0.0,0.0
18910,0.0,0.0,0.0,0.0,0.0
18912,0.03333333333333333,0.25,0.75,0.0,0.03932922665303221
18916,0.0,0.0,0.0,0.0,0.0
18923,0.008333333333333333,1.0,0.0,0.0,0.0
18924,0.016666666666666666,0.5,0.5,0.0,0.0
18927,0.0,0.0,0.0,0.0,0.0
18932,0.0,0.0,0.0,0.0,0.0
18954,0.008333333333333333,1.0,0.0,0.0,0.0
18987,0.016666666666666666,0.0,1.0,0.0,0.5185588563864248
18988,0.0,0.0,0.0,0.0,0.0
18995,0.0,0.0,0.0,0.0,0.0
19002,0.016666666666666666,1.0,0.0,0.0,0.2780028786451457
19054,0.008333333333333333,1.0,0.0,0.0,0.0
19076,0.016666666666666666,0.5,0.5,0.0,0.0
19080,0.016666666666666666,0.0,0.5,1.0,0.0
19082,0.0,0.0,0.0,0.0,0.0
19086,0.008333333333333333,1.0,0.0,0.0,0.0
19088,0.016666666666666666,1.0,0.0,0.0,0.3201091924034586
19091,0.0,0.0,0.0,0.0,0.0
19096,0.016666666666666666,0.0,0.5,1.0,0.0
19099,0.0,0.0,0.0,0.0,0.0
19110,0.008333333333333333,1.0,0.0,0.0,0.0
19118,0.025,1.0,0.0,0.0,0.07438250960423883
19121,0.0,0.0,0.0,0.0,0.0
19122,0.016666666666666666,0.5,0.5,0.0,0.0
19126,0.06666666666666667,0.875,0.125,0.0,0.08037093198763093
19148,0.058333333333333334,0.2857142857142857,0.7142857142857143,0.0,0.004724199880231553
19152,0.016666666666666666,0.0,0.5,1.0,0.0
19154,0.008333333333333333,1.0,0.0,0.0,0.0
19155,0.016666666666666666,1.0,0.0,0.0,8.755003484491387e-05
19159,0.03333333333333333,0.0,1.0,0.0,0.1770839534794135
19161,0.0,0.0,0.0,0.0,0.0
19162,0.008333333333333333,1.0,0.0,0.0,0.0
19164,0.016666666666666666,1.0,0.0,0.0,0.5342145536173923
19174,0.03333333333333333,0.5,0.5,0.0,0.15780018280447275
19175,0.008333333333333333,1.0,0.0,0.0,0.0
19184,0.008333333333333333,0.0,1.0,0.0,0.0
19191,0.0,0.0,0.0,0.0,0.0
19195,0.008333333333333333,1.0,0.0,0.0,0.0
19196,0.008333333333333333,1.0,0.0,0.0,0.0
19198,0.0,0.0,0.0,0.0,0.0
19205,0.058333333333333334,0.8571428571428571,0.14285714285714285,0.0,0.01102780238906535
19206,0.008333333333333333,1.0,0.0,0.0,0.0
19210,0.041666666666666664,0.6,0.2,0.4,0.4083858925375852
19211,0.016666666666666666,0.5,0.5,0.0,0.0
19214,0.025,0.3333333333333333,0.3333333333333333,0.6666666666666666,0.05888090043459838
19217,0.008333333333333333,1.0,0.0,0.0,0.0
19219,0.008333333333333333,1.0,0.0,0.0,0.0
19220,0.008333333333333333,1.0,0.0,0.0,0.0
19222,0.0,0.0,0.0,0.0,0.0
19226,0.025,0.3333333333333333,0.6666666666666666,0.0,0.27035976060318473
19229,0.008333333333333333,0.0,1.0,0.0,0.0
19232,0.008333333333333333,1.0,0.0,0.0,0.0
19233,0.016666666666666666,0.5,0.5,0.0,0.0
19235,0.008333333333333333,1.0,0.0,0.0,0.0
19237,0.008333333333333333,1.0,0.0,0.0,0.0
19239,0.008333333333333333,0.0,1.0,0.0,0.0
19241,0.008333333333333333,1.0,0.0,0.0,0.0
19246,0.041666666666666664,0.2,0.4,0.8,0.3291058339841219
19248,0.0,0.0,0.0,0.0,0.0
19254,0.025,1.0,0.0,0.0,0.2977944395221869
19255,0.0,0.0,0.0,0.0,0.0
19259,0.025,0.3333333333333333,0.6666666666666666,0.0,0.0
19261,0.008333333333333333,1.0,0.0,0.0,0.0
19262,0.008333333333333333,1.0,0.0,0.0,0.0
19268,0.016666666666666666,0.0,0.5,1.0,0.0
19270,0.041666666666666664,0.2,0.4,0.8,0.03549628612752188
19276,0.03333333333333333,0.75,0.25,0.0,0.4361182415750602
19277,0.0,0.0,0.0,0.0,0.0
19279,0.008333333333333333,0.0,1.0,0.0,0.0
19280,0.008333333333333333,1.0,0.0,0.0,0.0
19282,0.05,0.5,0.5,0.0,0.17062100990716195
19287,0.025,0.0,1.0,0.0,0.06388526042633365
19294,0.008333333333333333,1.0,0.0,0.0,0.0
19295,0.008333333333333333,1.0,0.0,0.0,0.0
19297,0.008333333333333333,0.0,1.0,0.0,0.0
19300,0.016666666666666666,1.0,0.0,0.0,0.00011556604599528631
19301,0.008333333333333333,1.0,0.0,0.0,0.0
19305,0.0,0.0,0.0,0.0,0.0
19307,0.008333333333333333,1.0,0.0,0.0,0.0
19318,0.0,0.0,0.0,0.0,0.0
19334,0.0,0.0,0.0,0.0,0.0
19335,0.058333333333333334,0.7142857142857143,0.2857142857142857,0.0,0.41214704203452274
19339,0.0,0.0,0.0,0.0,0.0
19343,0.06666666666666667,0.375,0.625,0.0,0.15687215243511668
19345,0.025,0.6666666666666666,0.3333333333333333,0.0,1.400800557518622e-05
19348,0.0,0.0,0.0,0.0,0.0
19350,0.03333333333333333,0.5,0.5,0.0,0.003218339280899034
19354,0.0,0.0,0.0,0.0,0.0
19355,0.008333333333333333,1.0,0.0,0.0,0.0
19361,0.0,0.0,0.0,0.0,0.0
19364,0.0,0.0,0.0,0.0,0.0
19366,0.09166666666666666,0.09090909090909091,0.6363636363636364,0.5454545454545454,0.1914071391800414
19370,0.025,0.3333333333333333,0.3333333333333333,0.6666666666666666,0.0004762721895563315
19383,0.0,0.0,0.0,0.0,0.0
19384,0.008333333333333333,1.0,0.0,0.0,0.0
19394,0.0,0.0,0.0,0.0,0.0
19399,0.0,0.0,0.0,0.0,0.0
19417,0.016666666666666666,1.0,0.0,0.0,0.2560470809067382
19420,0.0,0.0,0.0,0.0,0.0
19428,0.0,0.0,0.0,0.0,0.0
19503,0.008333333333333333,1.0,0.0,0.0,0.0
19509,0.008333333333333333,1.0,0.0,0.0,0.0
19521,0.016666666666666666,0.0,1.0,0.0,0.0
19527,0.016666666666666666,1.0,0.0,0.0,0.1357866020430676
19540,0.0,0.0,0.0,0.0,0.0
19541,0.016666666666666666,1.0,0.0,0.0,0.044802854831536225
19543,0.008333333333333333,1.0,0.0,0.0,0.0
19548,0.0,0.0,0.0,0.0,0.0
19557,0.0,0.0,0.0,0.0,0.0
19559,0.0,0.0,0.0,0.0,0.0
19566,0.0,0.0,0.0,0.0,0.0
19568,0.09166666666666666,0.6363636363636364,0.2727272727272727,0.18181818181818182,0.3514345948709688
19575,0.008333333333333333,1.0,0.0,0.0,0.0
19603,0.016666666666666666,0.5,0.5,0.0,0.0
19621,0.008333333333333333,1.0,0.0,0.0,0.0
19625,0.0,0.0,0.0,0.0,0.0
19629,0.0,0.0,0.0,0.0,0.0
19633,0.008333333333333333,1.0,0.0,0.0,0.0
19638,0.008333333333333333,1.0,0.0,0.0,0.0
19642,0.016666666666666666,0.0,1.0,0.0,0.26076077478278836
19644,0.058333333333333334,0.42857142857142855,0.42857142857142855,0.2857142857142857,0.006643296644032065
19645,0.008333333333333333,1.0,0.0,0.0,0.0
19647,0.008333333333333333,1.0,0.0,0.0,0.0
19649,0.0,0.0,0.0,0.0,0.0
19651,0.0,0.0,0.0,0.0,0.0
19657,0.016666666666666666,0.0,0.5,1.0,0.0
19658,0.0,0.0,0.0,0.0,0.0
19667,0.041666666666666664,0.4,0.6,0.0,0.011894547734029998
19673,0.008333333333333333,1.0,0.0,0.0,0.0
19680,0.016666666666666666,1.0,0.0,0.0,0.13429474944931027
19689,0.0,0.0,0.0,0.0,0.0
19690,0.008333333333333333,1.0,0.0,0.0,0.0
19691,0.016666666666666666,1.0,0.0,0.0,5.9534023694541435e-05
19697,0.05,0.3333333333333333,0.3333333333333333,0.6666666666666666,0.01702848177733575
19698,0.025,0.3333333333333333,0.6666666666666666,0.0,0.08061257008380289
19699,0.025,0.6666666666666666,0.3333333333333333,0.0,0.3326918834113696
19700,0.025,0.6666666666666666,0.3333333333333333,0.0,0.01324456927133857
19702,0.0,0.0,0.0,0.0,0.0
19703,0.0,0.0,0.0,0.0,0.0
19706,0.025,0.6666666666666666,0.3333333333333333,0.0,0.08146705842388925
19707,0.008333333333333333,1.0,0.0,0.0,0.0
19708,0.008333333333333333,1.0,0.0,0.0,0.0
19709,0.008333333333333333,1.0,0.0,0.0,0.0
19710,0.008333333333333333,1.0,0.0,0.0,0.0
19721,0.0,0.0,0.0,0.0,0.0
19729,0.0,0.0,0.0,0.0,0.0
19734,0.0,0.0,0.0,0.0,0.0
19735,0.0,0.0,0.0,0.0,0.0
19736,0.008333333333333333,1.0,0.0,0.0,0.0
19738,0.03333333333333333,0.25,0.75,0.0,0.10444544056928536
19742,0.008333333333333333,1.0,0.0,0.0,0.0
19744,0.008333333333333333,0.0,1.0,0.0,0.0
19745,0.008333333333333333,0.0,1.0,0.0,0.0
19751,0.0,0.0,0.0,0.0,0.0
19784,0.008333333333333333,1.0,0.0,0.0,0.0
19796,0.025,0.3333333333333333,0.6666666666666666,0.0,0.0
19813,0.008333333333333333,1.0,0.0,0.0,0.0
19815,0.008333333333333333,0.0,1.0,0.0,0.0
19820,0.008333333333333333,1.0,0.0,0.0,0.0
19849,0.016666666666666666,0.0,1.0,0.0,0.0
19858,0.008333333333333333,1.0,0.0,0.0,0.0
19865,0.041666666666666664,1.0,0.0,0.0,0.032890797090537244
19867,0.0,0.0,0.0,0.0,0.0
19877,0.05,0.8333333333333334,0.16666666666666666,0.0,0.07483952078612928
19883,0.09166666666666666,0.09090909090909091,0.8181818181818182,0.18181818181818182,0.3601703373477943
19890,0.11666666666666667,0.42857142857142855,0.42857142857142855,0.2857142857142857,0.32014771441879036
19907,0.0,0.0,0.0,0.0,0.0
19926,0.025,0.6666666666666666,0.3333333333333333,0.0,0.035093555967235276
19943,0.025,0.3333333333333333,0.6666666666666666,0.0,0.0065242285966429815
19947,0.0,0.0,0.0,0.0,0.0
19949,0.008333333333333333,1.0,0.0,0.0,0.0
19967,0.008333333333333333,0.0,1.0,0.0,0.0
19974,0.016666666666666666,0.5,0.5,0.0,0.0
19977,0.008333333333333333,0.0,1.0,0.0,0.0
19986,0.008333333333333333,1.0,0.0,0.0,0.0
19987,0.08333333333333333,0.7,0.3,0.0,0.16968247353362448
20008,0.008333333333333333,1.0,0.0,0.0,0.0
20009,0.008333333333333333,1.0,0.0,0.0,0.0
20015,0.016666666666666666,0.0,1.0,0.0,0.0
20016,0.008333333333333333,1.0,0.0,0.0,0.0
20019,0.008333333333333333,1.0,0.0,0.0,0.0
20027,0.0,0.0,0.0,0.0,0.0
20028,0.008333333333333333,1.0,0.0,0.0,0.0
20034,0.008333333333333333,0.0,1.0,0.0,0.0
20035,0.025,0.6666666666666666,0.3333333333333333,0.0,0.057607922927953324
20042,0.016666666666666666,1.0,0.0,0.0,0.05142689046790241
20046,0.041666666666666664,0.8,0.2,0.0,0.02525818505275765
20048,0.016666666666666666,0.0,0.5,1.0,0.0
20056,0.0,0.0,0.0,0.0,0.0
20060,0.0,0.0,0.0,0.0,0.0
20063,0.0,0.0,0.0,0.0,0.0
20064,0.0,0.0,0.0,0.0,0.0
20072,0.08333333333333333,0.4,0.4,0.4,0.7332753168435762
20079,0.025,0.0,0.6666666666666666,0.6666666666666666,0.03617567439791841
20091,0.008333333333333333,1.0,0.0,0.0,0.0
20105,0.016666666666666666,0.5,0.5,0.0,0.0
20124,0.0,0.0,0.0,0.0,0.0
20149,0.0,0.0,0.0,0.0,0.0
20159,0.075,0.1111111111111111,0.5555555555555556,0.6666666666666666,0.43620929361129884
20164,0.016666666666666666,0.5,0.5,0.0,0.0
20165,0.0,0.0,0.0,0.0,0.0
20167,0.0,0.0,0.0,0.0,0.0
20170,0.0,0.0,0.0,0.0,0.0
20171,0.03333333333333333,0.0,0.75,0.5,0.04123956841334823
20173,0.008333333333333333,0.0,1.0,0.0,0.0
20176,0.0,0.0,0.0,0.0,0.0
20177,0.025,0.6666666666666666,0.3333333333333333,0.0,0.25199176329272177
20178,0.025,0.0,0.6666666666666666,0.6666666666666666,0.0
20182,0.0,0.0,0.0,0.0,0.0
20200,0.016666666666666666,0.5,0.5,0.0,0.05006110992432175
20234,0.0,0.0,0.0,0.0,0.0
20236,0.016666666666666666,1.0,0.0,0.0,0.138052396944854
20248,0.0,0.0,0.0,0.0,0.0
20255,0.008333333333333333,1.0,0.0,0.0,0.0
20269,0.008333333333333333,0.0,1.0,0.0,0.0
20292,0.025,0.3333333333333333,0.3333333333333333,0.6666666666666666,0.15740445664697375
20305,0.041666666666666664,0.2,0.8,0.0,0.08552237603790566
20340,0.0,0.0,0.0,0.0,0.0
20343,0.06666666666666667,0.75,0.25,0.0,0.5031535522551138
20362,0.0,0.0,0.0,0.0,0.0
20363,0.025,0.6666666666666666,0.3333333333333333,0.0,0.009043918599479603
20366,0.05,0.6666666666666666,0.3333333333333333,0.0,0.08628756334245022
20367,0.14166666666666666,0.7058823529411765,0.29411764705882354,0.0,0.16157709130768236
20374,0.016666666666666666,0.5,0.5,0.0,0.0
20377,0.0,0.0,0.0,0.0,0.0
20379,0.008333333333333333,1.0,0.0,0.0,0.0
20383,0.016666666666666666,0.0,0.5,1.0,0.0
20386,0.025,0.3333333333333333,0.3333333333333333,0.6666666666666666,0.01807558019408092
20387,0.016666666666666666,0.0,0.5,1.0,0.0
20392,0.016666666666666666,1.0,0.0,0.0,0.012861100118717848
20395,0.041666666666666664,0.8,0.2,0.0,0.16739916862486912
20396,0.008333333333333333,1.0,0.0,0.0,0.0
20397,0.03333333333333333,0.5,0.5,0.0,0.04566784917580397
20400,0.05,0.3333333333333333,0.3333333333333333,0.6666666666666666,0.05056189612363466
20403,0.0,0.0,0.0,0.0,0.0
20405,0.0,0.0,0.0,0.0,0.0
20406,0.016666666666666666,0.0,0.5,1.0,0.0
20409,0.0,0.0,0.0,0.0,0.0
20410,0.0,0.0,0.0,0.0,0.0
20412,0.016666666666666666,0.0,0.5,1.0,0.0
20413,0.008333333333333333,1.0,0.0,0.0,0.0
20414,0.025,0.3333333333333333,0.6666666666666666,0.0,0.0
20416,0.05,0.16666666666666666,0.8333333333333334,0.0,0.164888233625517
20418,0.0,0.0,0.0,0.0,0.0
20420,0.0,0.0,0.0,0.0,0.0
20427,0.016666666666666666,0.0,1.0,0.0,0.0
20428,0.0,0.0,0.0,0.0,0.0
20435,0.008333333333333333,1.0,0.0,0.0,0.0
20441,0.025,0.3333333333333333,0.3333333333333333,0.6666666666666666,0.16123914817318097
20456,0.0,0.0,0.0,0.0,0.0
20460,0.0,0.0,0.0,0.0,0.0
20469,0.016666666666666666,1.0,0.0,0.0,0.1554363318636601
20485,0.041666666666666664,0.6,0.4,0.0,0.0025897300307125524
20496,0.008333333333333333,0.0,1.0,0.0,0.0
20497,0.025,0.6666666666666666,0.3333333333333333,0.0,0.03444743671007981
20514,0.008333333333333333,1.0,0.0,0.0,0.0
20518,0.0,0.0,0.0,0.0,0.0
20520,0.008333333333333333,1.0,0.0,0.0,0.0
20547,0.016666666666666666,1.0,0.0,0.0,7.00400278759311e-06
20558,0.03333333333333333,0.25,0.75,0.0,0.4707267703492546
20574,0.0,0.0,0.0,0.0,0.0
20579,0.008333333333333333,1.0,0.0,0.0,0.0
20580,0.05,0.6666666666666666,0.3333333333333333,0.0,0.24743916148078626
20595,0.016666666666666666,1.0,0.0,0.0,0.3271412112022021
20599,0.016666666666666666,1.0,0.0,0.0,0.02421283763670938
20601,0.016666666666666666,1.0,0.0,0.0,0.003157054256507594
20602,0.041666666666666664,0.8,0.2,0.0,0.002132718848822102
20606,0.008333333333333333,1.0,0.0,0.0,0.0
20611,0.008333333333333333,0.0,1.0,0.0,0.0
20619,0.0,0.0,0.0,0.0,0.0
20620,0.0,0.0,0.0,0.0,0.0
20626,0.0,0.0,0.0,0.0,0.0
20627,0.0,0.0,0.0,0.0,0.0
20629,0.025,0.0,0.6666666666666666,0.6666666666666666,0.0
20631,0.016666666666666666,0.5,0.5,0.0,0.0
20633,0.025,1.0,0.0,0.0,0.000555067220916754
20646,0.03333333333333333,0.75,0.25,0.0,0.005717017275372876
20648,0.025,0.0,0.6666666666666666,0.6666666666666666,0.0
20651,0.0,0.0,0.0,0.0,0.0
20652,0.008333333333333333,1.0,0.0,0.0,0.0
20658,0.008333333333333333,1.0,0.0,0.0,0.0
20662,0.016666666666666666,0.0,1.0,0.0,0.004911556954799668
20675,0.008333333333333333,1.0,0.0,0.0,0.0
20700,0.0,0.0,0.0,0.0,0.0
20705,0.0,0.0,0.0,0.0,0.0
20708,0.05,0.5,0.5,0.0,0.0019978917951609344
20721,0.0,0.0,0.0,0.0,0.0
20726,0.008333333333333333,1.0,0.0,0.0,0.0
20730,0.275,0.6363636363636364,0.36363636363636365,0.0,0.04788286505738029
20738,0.0,0.0,0.0,0.0,0.0
20749,0.016666666666666666,1.0,0.0,0.0,0.0001628430648115398
20777,0.016666666666666666,1.0,0.0,0.0,0.006328116518590375
20782,0.025,0.3333333333333333,0.6666666666666666,0.0,0.23425237523244535
20794,0.0,0.0,0.0,0.0,0.0
20803,0.025,0.3333333333333333,0.6666666666666666,0.0,0.17052820687022635
20808,0.0,0.0,0.0,0.0,0.0
20821,0.0,0.0,0.0,0.0,0.0
20823,0.016666666666666666,0.5,0.5,0.0,0.14865470616457305
20830,0.0,0.0,0.0,0.0,0.0
20838,0.0,0.0,0.0,0.0,0.0
20842,0.0,0.0,0.0,0.0,0.0
20844,0.0,0.0,0.0,0.0,0.0
20857,0.008333333333333333,1.0,0.0,0.0,0.0
20866,0.03333333333333333,0.5,0.25,0.5,0.03132190046611639
20877,0.016666666666666666,0.0,0.5,1.0,0.0
20880,0.016666666666666666,0.0,1.0,0.0,0.0
20915,0.016666666666666666,0.0,1.0,0.0,0.05683573162062119
20921,0.008333333333333333,0.0,1.0,0.0,0.0
20935,0.0,0.0,0.0,0.0,0.0
20967,0.0,0.0,0.0,0.0,0.0
20976,0.0,0.0,0.0,0.0,0.0
20979,0.008333333333333333,1.0,0.0,0.0,0.0
20992,0.008333333333333333,1.0,0.0,0.0,0.0
20997,0.08333333333333333,0.5,0.4,0.2,0.47100517946006143
20999,0.008333333333333333,0.0,1.0,0.0,0.0
21007,0.03333333333333333,0.0,0.5,1.0,0.29898511999607774
21014,0.008333333333333333,1.0,0.0,0.0,0.0
21050,0.0,0.0,0.0,0.0,0.0
21055,0.0,0.0,0.0,0.0,0.0
21056,0.008333333333333333,1.0,0.0,0.0,0.0
21057,0.008333333333333333,0.0,1.0,0.0,0.0
21072,0.008333333333333333,0.0,1.0,0.0,0.0
21090,0.025,1.0,0.0,0.0,0.1483027550244965
21120,0.008333333333333333,1.0,0.0,0.0,0.0
21123,0.0,0.0,0.0,0.0,0.0
21134,0.016666666666666666,0.0,0.5,1.0,0.0
21136,0.016666666666666666,1.0,0.0,0.0,0.0012589695010698614
21142,0.016666666666666666,1.0,0.0,0.0,0.001299242517098522
21144,0.016666666666666666,0.0,1.0,0.0,0.47933118777381273
21152,0.008333333333333333,1.0,0.0,0.0,0.0
21165,0.008333333333333333,1.0,0.0,0.0,0.0
21171,0.008333333333333333,1.0,0.0,0.0,0.0
21192,0.0,0.0,0.0,0.0,0.0
21198,0.041666666666666664,0.8,0.2,0.0,0.39291405037979205
21212,0.008333333333333333,1.0,0.0,0.0,0.0
21227,0.0,0.0,0.0,0.0,0.0
21241,0.008333333333333333,1.0,0.0,0.0,0.0
21254,0.05,0.5,0.5,0.0,0.18424904833112124
21261,0.016666666666666666,0.0,1.0,0.0,0.04074403521612602
21264,0.0,0.0,0.0,0.0,0.0
21265,0.016666666666666666,0.5,0.5,0.0,0.0
21275,0.0,0.0,0.0,0.0,0.0
21285,0.0,0.0,0.0,0.0,0.0
21309,0.008333333333333333,0.0,1.0,0.0,0.0
21314,0.008333333333333333,0.0,1.0,0.0,0.0
21317,0.03333333333333333,0.75,0.25,0.0,0.017627324015674958
21318,0.0,0.0,0.0,0.0,0.0
21322,0.016666666666666666,1.0,0.0,0.0,0.028523801352472938
21324,0.008333333333333333,1.0,0.0,0.0,0.0
21335,0.008333333333333333,0.0,1.0,0.0,0.0
21359,0.0,0.0,0.0,0.0,0.0
21362,0.03333333333333333,0.5,0.25,0.5,0.1633403490094589
21365,0.008333333333333333,1.0,0.0,0.0,0.0
21368,0.016666666666666666,0.0,1.0,0.0,0.00018035307178052257
21385,0.008333333333333333,1.0,0.0,0.0,0.0
21404,0.016666666666666666,1.0,0.0,0.0,0.06675164856715614
21407,0.008333333333333333,0.0,1.0,0.0,0.0
21418,0.016666666666666666,0.5,0.5,0.0,0.0
21419,0.0,0.0,0.0,0.0,0.0
21420,0.025,0.6666666666666666,0.3333333333333333,0.0,0.0009420383749312733
21423,0.03333333333333333,0.0,0.75,0.5,0.0
21425,0.008333333333333333,1.0,0.0,0.0,0.0
21426,0.008333333333333333,1.0,0.0,0.0,0.0
21428,0.008333333333333333,1.0,0.0,0.0,0.0
21429,0.008333333333333333,1.0,0.0,0.0,0.0
21438,0.008333333333333333,0.0,1.0,0.0,0.0
21449,0.008333333333333333,1.0,0.0,0.0,0.0
21453,0.0,0.0,0.0,0.0,0.0
21454,0.008333333333333333,1.0,0.0,0.0,0.0
21455,0.03333333333333333,0.0,0.5,1.0,0.00898613557648196
21459,0.008333333333333333,1.0,0.0,0.0,0.0
21464,0.025,0.6666666666666666,0.3333333333333333,0.0,0.0006811392710934299
21486,0.008333333333333333,1.0,0.0,0.0,0.0
21488,0.0,0.0,0.0,0.0,0.0
21493,0.008333333333333333,1.0,0.0,0.0,0.0
21497,0.0,0.0,0.0,0.0,0.0
21499,0.016666666666666666,0.5,0.5,0.0,0.0
21502,0.03333333333333333,0.5,0.5,0.0,0.15810310592503615
21503,0.05,0.5,0.5,0.0,0.10969669165928328
21524,0.008333333333333333,0.0,1.0,0.0,0.0
21548,0.0,0.0,0.0,0.0,0.0
21581,0.041666666666666664,0.4,0.6,0.0,0.02341087931752997
21584,0.0,0.0,0.0,0.0,0.0
21585,0.08333333333333333,0.1,0.8,0.2,0.33737931227696627
21589,0.016666666666666666,0.0,0.5,1.0,0.0
21591,0.008333333333333333,1.0,0.0,0.0,0.0
21592,0.008333333333333333,1.0,0.0,0.0,0.0
21594,0.016666666666666666,0.0,0.5,1.0,0.0
21644,0.008333333333333333,1.0,0.0,0.0,0.0
21652,0.0,0.0,0.0,0.0,0.0
21660,0.0,0.0,0.0,0.0,0.0
21670,0.008333333333333333,1.0,0.0,0.0,0.0
21704,0.15833333333333333,0.631578947368421,0.2631578947368421,0.21052631578947367,0.09914866346116806
21706,0.0,0.0,0.0,0.0,0.0
21731,0.0,0.0,0.0,0.0,0.0
21741,0.041666666666666664,0.0,1.0,0.0,0.2789904430381963
21750,0.0,0.0,0.0,0.0,0.0
21751,0.008333333333333333,0.0,1.0,0.0,0.0
21761,0.075,0.7777777777777778,0.2222222222222222,0.0,0.304644354248453
21764,0.016666666666666666,1.0,0.0,0.0,0.011374500527051211
21769,0.008333333333333333,1.0,0.0,0.0,0.0
21787,0.025,0.0,1.0,0.0,0.1535995321326138
21799,0.0,0.0,0.0,0.0,0.0
21803,0.025,0.3333333333333333,0.6666666666666666,0.0,0.00020486708153709846
21810,0.008333333333333333,1.0,0.0,0.0,0.0
21845,0.008333333333333333,0.0,1.0,0.0,0.0
21849,0.016666666666666666,1.0,0.0,0.0,0.013573757402355446
21853,0.0,0.0,0.0,0.0,0.0
21874,0.0,0.0,0.0,0.0,0.0
21884,0.041666666666666664,0.8,0.2,0.0,0.014521048779377415
21895,0.0,0.0,0.0,0.0,0.0
21896,0.0,0.0,0.0,0.0,0.0
21899,0.008333333333333333,1.0,0.0,0.0,0.0
21900,0.0,0.0,0.0,0.0,0.0
21902,0.016666666666666666,1.0,0.0,0.0,0.14398653830664224
21904,0.008333333333333333,0.0,1.0,0.0,0.0
21907,0.0,0.0,0.0,0.0,0.0
21911,0.025,0.3333333333333333,0.6666666666666666,0.0,0.0
21923,0.008333333333333333,0.0,1.0,0.0,0.0
21927,0.025,0.3333333333333333,0.6666666666666666,0.0,0.26385129101281385
21939,0.016666666666666666,0.0,1.0,0.0,0.0
21950,0.008333333333333333,0.0,1.0,0.0,0.0
21952,0.016666666666666666,1.0,0.0,0.0,0.0003169311261385882
21954,0.0,0.0,0.0,0.0,0.0
21955,0.0,0.0,0.0,0.0,0.0
21962,0.0,0.0,0.0,0.0,0.0
21965,0.025,0.3333333333333333,0.3333333333333333,0.6666666666666666,0.004032554604956733
21969,0.0,0.0,0.0,0.0,0.0
21970,0.0,0.0,0.0,0.0,0.0
21971,0.0,0.0,0.0,0.0,0.0
21973,0.016666666666666666,1.0,0.0,0.0,0.0038924745492048708
21974,0.0,0.0,0.0,0.0,0.0
21976,0.016666666666666666,0.5,0.5,0.0,0.0
21980,0.0,0.0,0.0,0.0,0.0
21982,0.016666666666666666,0.5,0.5,0.0,0.0
21984,0.025,1.0,0.0,0.0,0.0019593697798291725
21986,0.016666666666666666,0.5,0.5,0.0,0.0
21987,0.0,0.0,0.0,0.0,0.0
21988,0.008333333333333333,0.0,1.0,0.0,0.0
22020,0.008333333333333333,1.0,0.0,0.0,0.0
22036,0.008333333333333333,1.0,0.0,0.0,0.0
22041,0.008333333333333333,1.0,0.0,0.0,0.0
22043,0.0,0.0,0.0,0.0,0.0
22045,0.0,0.0,0.0,0.0,0.0
22059,0.008333333333333333,0.0,1.0,0.0,0.0
22061,0.03333333333333333,0.75,0.25,0.0,0.01384341150967778
22064,0.0,0.0,0.0,0.0,0.0
22092,0.008333333333333333,1.0,0.0,0.0,0.0
22093,0.0,0.0,0.0,0.0,0.0
22099,0.008333333333333333,1.0,0.0,0.0,0.0
22112,0.025,0.6666666666666666,0.3333333333333333,0.0,0.007946041162524384
22116,0.008333333333333333,1.0,0.0,0.0,0.0
22121,0.0,0.0,0.0,0.0,0.0
22124,0.008333333333333333,1.0,0.0,0.0,0.0
22127,0.0,0.0,0.0,0.0,0.0
22131,0.0,0.0,0.0,0.0,0.0
22135,0.0,0.0,0.0,0.0,0.0
22139,0.008333333333333333,1.0,0.0,0.0,0.0
22143,0.016666666666666666,1.0,0.0,0.0,0.019012365566921496
22152,0.0,0.0,0.0,0.0,0.0
22155,0.016666666666666666,0.0,0.5,1.0,0.0
22161,0.008333333333333333,0.0,1.0,0.0,0.0
22187,0.016666666666666666,0.0,1.0,0.0,0.5525755469250677
22188,0.016666666666666666,0.0,0.5,1.0,0.0
22190,0.025,0.3333333333333333,0.3333333333333333,0.6666666666666666,0.053563111318118306
22192,0.0,0.0,0.0,0.0,0.0
22195,0.008333333333333333,1.0,0.0,0.0,0.0
22200,0.016666666666666666,0.0,0.5,1.0,0.0
22202,0.016666666666666666,1.0,0.0,0.0,0.0026965410732233473
22208,0.0,0.0,0.0,0.0,0.0
22211,0.075,0.6666666666666666,0.2222222222222222,0.2222222222222222,0.14787200885305954
22217,0.016666666666666666,1.0,0.0,0.0,0.4918823607691796
22221,0.125,0.06666666666666667,0.4666666666666667,0.9333333333333333,0.3076315614373615
22224,0.0,0.0,0.0,0.0,0.0
22226,0.025,0.6666666666666666,0.3333333333333333,0.0,0.06564851812811022
22228,0.008333333333333333,1.0,0.0,0.0,0.0
22229,0.016666666666666666,0.5,0.5,0.0,5.7783022997643156e-05
22230,0.008333333333333333,1.0,0.0,0.0,0.0
22234,0.008333333333333333,1.0,0.0,0.0,0.0
22238,0.008333333333333333,1.0,0.0,0.0,0.0
22241,0.0,0.0,0.0,0.0,0.0
22242,0.008333333333333333,1.0,0.0,0.0,0.0
22243,0.008333333333333333,0.0,1.0,0.0,0.0
22246,0.0,0.0,0.0,0.0,0.0
22249,0.016666666666666666,0.5,0.5,0.0,0.0
22250,0.008333333333333333,1.0,0.0,0.0,0.0
22252,0.0,0.0,0.0,0.0,0.0
22254,0.016666666666666666,0.5,0.5,0.0,0.0
22258,0.016666666666666666,1.0,0.0,0.0,0.15626980819538366
22259,0.008333333333333333,1.0,0.0,0.0,0.0
22270,0.0,0.0,0.0,0.0,0.0
22271,0.008333333333333333,1.0,0.0,0.0,0.0
22272,0.008333333333333333,1.0,0.0,0.0,0.0
22275,0.016666666666666666,1.0,0.0,0.0,0.35083750363332644
22276,0.008333333333333333,1.0,0.0,0.0,0.0
22279,0.008333333333333333,1.0,0.0,0.0,0.0
22280,0.08333333333333333,0.9,0.1,0.0,0.39052043242713214
22283,0.016666666666666666,0.0,0.5,1.0,0.0
22296,0.0,0.0,0.0,0.0,0.0
22297,0.016666666666666666,0.5,0.5,0.0,0.0
22311,0.0,0.0,0.0,0.0,0.0
22319,0.0,0.0,0.0,0.0,0.0
22325,0.0,0.0,0.0,0.0,0.0
22340,0.008333333333333333,1.0,0.0,0.0,0.0
22346,0.016666666666666666,1.0,0.0,0.0,0.23985557746251984
22357,0.03333333333333333,0.25,0.5,0.5,0.052974775083960486
22364,0.008333333333333333,1.0,0.0,0.0,0.0
22372,0.0,0.0,0.0,0.0,0.0
22374,0.0,0.0,0.0,0.0,0.0
22375,0.03333333333333333,0.5,0.5,0.0,0.16849704606182433
22381,0.0,0.0,0.0,0.0,0.0
22383,0.016666666666666666,1.0,0.0,0.0,0.33631645485394907
22384,0.016666666666666666,0.0,0.5,1.0,0.0
22389,0.016666666666666666,0.5,0.5,0.0,0.0
22390,0.016666666666666666,1.0,0.0,0.0,0.12892968331401397
22391,0.016666666666666666,0.5,0.5,0.0,0.0
22394,0.008333333333333333,0.0,1.0,0.0,0.0
22400,0.008333333333333333,0.0,1.0,0.0,0.0
22404,0.0,0.0,0.0,0.0,0.0
22407,0.008333333333333333,0.0,1.0,0.0,0.0
22409,0.016666666666666666,0.0,0.5,1.0,0.0
22412,0.008333333333333333,1.0,0.0,0.0,0.0
22414,0.0,0.0,0.0,0.0,0.0
22417,0.0,0.0,0.0,0.0,0.0
22421,0.10833333333333334,0.46153846153846156,0.46153846153846156,0.15384615384615385,0.40502397119954053
22426,0.03333333333333333,0.5,0.5,0.0,0.3531505755539291
22433,0.041666666666666664,0.8,0.2,0.0,0.1513687572447654
22447,0.0,0.0,0.0,0.0,0.0
22452,0.008333333333333333,1.0,0.0,0.0,0.0
22455,0.025,0.0,1.0,0.0,0.00015759006272084497
22460,0.0,0.0,0.0,0.0,0.0
22465,0.0,0.0,0.0,0.0,0.0
22486,0.05,1.0,0.0,0.0,0.0018420527331369878
22504,0.008333333333333333,0.0,1.0,0.0,0.0
22516,0.016666666666666666,0.0,1.0,0.0,0.0027035450760109405
22518,0.016666666666666666,0.5,0.5,0.0,0.0021344698495190002
22541,0.016666666666666666,1.0,0.0,0.0,0.15219347857300447
22544,0.016666666666666666,0.0,0.5,1.0,0.0
22548,0.058333333333333334,0.14285714285714285,0.7142857142857143,0.2857142857142857,0.2957265076991501
22566,0.016666666666666666,0.5,0.5,0.0,0.0
22570,0.0,0.0,0.0,0.0,0.0
22575,0.0,0.0,0.0,0.0,0.0
22585,0.0,0.0,0.0,0.0,0.0
22610,0.016666666666666666,1.0,0.0,0.0,0.1529796778859118
22615,0.0,0.0,0.0,0.0,0.0
22616,0.016666666666666666,0.5,0.5,0.0,0.0
22627,0.1,0.5,0.4166666666666667,0.16666666666666666,0.3169433831434665
22630,0.06666666666666667,0.625,0.25,0.25,0.15374136318906256
22651,0.09166666666666666,0.8181818181818182,0.18181818181818182,0.0,0.4856015212694055
22670,0.0,0.0,0.0,0.0,0.0
22685,0.03333333333333333,0.5,0.5,0.0,0.08646266341214004
22689,0.008333333333333333,0.0,1.0,0.0,0.0
22690,0.008333333333333333,1.0,0.0,0.0,0.0
22692,0.041666666666666664,0.6,0.4,0.0,0.29930905512500394
22720,0.016666666666666666,1.0,0.0,0.0,2.626501045347416e-05
22722,0.008333333333333333,1.0,0.0,0.0,0.0
22729,0.058333333333333334,0.5714285714285714,0.42857142857142855,0.0,0.02344239733007414
22744,0.0,0.0,0.0,0.0,0.0
22749,0.016666666666666666,0.0,1.0,0.0,0.00525475309139173
22772,0.008333333333333333,0.0,1.0,0.0,0.0
22775,0.008333333333333333,0.0,1.0,0.0,0.0
22778,0.008333333333333333,0.0,1.0,0.0,0.0
22806,0.0,0.0,0.0,0.0,0.0
22818,0.008333333333333333,1.0,0.0,0.0,0.0
22828,0.008333333333333333,1.0,0.0,0.0,0.0
22870,0.0,0.0,0.0,0.0,0.0
22871,0.0,0.0,0.0,0.0,0.0
22879,0.025,0.6666666666666666,0.3333333333333333,0.0,8.755003484491387e-06
22880,0.016666666666666666,0.0,1.0,0.0,0.287361977370067
22882,0.008333333333333333,0.0,1.0,0.0,0.0
22904,0.0,0.0,0.0,0.0,0.0
22907,0.03333333333333333,1.0,0.0,0.0,0.3458086296318346
22915,0.008333333333333333,0.0,1.0,0.0,0.0
22932,0.0,0.0,0.0,0.0,0.0
22938,0.008333333333333333,0.0,1.0,0.0,0.0
22939,0.0,0.0,0.0,0.0,0.0
22962,0.0,0.0,0.0,0.0,0.0
22973,0.0,0.0,0.0,0.0,0.0
22975,0.025,0.0,1.0,0.0,0.20848464897689029
22980,0.016666666666666666,1.0,0.0,0.0,0.5728363759888777
22989,0.016666666666666666,0.0,1.0,0.0,0.511980346768178
22991,0.025,0.0,0.6666666666666666,0.6666666666666666,0.002101200836277933
22996,0.0,0.0,0.0,0.0,0.0
22998,0.008333333333333333,0.0,1.0,0.0,0.0
23003,0.0,0.0,0.0,0.0,0.0
23012,0.0,0.0,0.0,0.0,0.0
23014,0.0,0.0,0.0,0.0,0.0
23017,0.016666666666666666,0.5,0.5,0.0,0.0
23019,0.0,0.0,0.0,0.0,0.0
23024,0.0,0.0,0.0,0.0,0.0
23026,0.0,0.0,0.0,0.0,0.0
23034,0.016666666666666666,0.5,0.5,0.0,0.0
23039,0.008333333333333333,1.0,0.0,0.0,0.0
23045,0.0,0.0,0.0,0.0,0.0
23052,0.008333333333333333,1.0,0.0,0.0,0.0
23057,0.025,1.0,0.0,0.0,0.4547891620060865
23058,0.008333333333333333,0.0,1.0,0.0,0.0
23061,0.03333333333333333,1.0,0.0,0.0,0.3753007343696923
23069,0.008333333333333333,1.0,0.0,0.0,0.0
23070,0.008333333333333333,1.0,0.0,0.0,0.0
23074,0.008333333333333333,1.0,0.0,0.0,0.0
23075,0.0,0.0,0.0,0.0,0.0
23076,0.016666666666666666,0.0,0.5,1.0,0.0
23082,0.016666666666666666,0.5,0.5,0.0,0.1764588462306208
23083,0.008333333333333333,1.0,0.0,0.0,0.0
23084,0.0,0.0,0.0,0.0,0.0
23095,0.075,0.6666666666666666,0.3333333333333333,0.0,0.007250893885855767
23097,0.03333333333333333,0.75,0.25,0.0,0.22452031335908473
23100,0.008333333333333333,1.0,0.0,0.0,0.0
23121,0.016666666666666666,0.0,1.0,0.0,0.0
23129,0.0,0.0,0.0,0.0,0.0
23139,0.0,0.0,0.0,0.0,0.0
23149,0.0,0.0,0.0,0.0,0.0
23151,0.008333333333333333,1.0,0.0,0.0,0.0
23153,0.0,0.0,0.0,0.0,0.0
23159,0.16666666666666666,0.5,0.45,0.1,0.48197169682473534
23161,0.0,0.0,0.0,0.0,0.0
23166,0.008333333333333333,1.0,0.0,0.0,0.0
23168,0.016666666666666666,0.0,1.0,0.0,0.03735584886762785
23172,0.008333333333333333,1.0,0.0,0.0,0.0
23180,0.016666666666666666,0.5,0.5,0.0,0.0
23185,0.025,0.3333333333333333,0.3333333333333333,0.6666666666666666,0.016494426564781773
23188,0.05,0.16666666666666666,0.5,0.6666666666666666,0.007662379049626862
23191,0.025,1.0,0.0,0.0,0.14298671690871334
23201,0.016666666666666666,0.5,0.5,0.0,0.0
23204,0.09166666666666666,0.6363636363636364,0.2727272727272727,0.18181818181818182,0.08532451295915616
23213,0.05,1.0,0.0,0.0,0.2712982969767222
23236,0.058333333333333334,0.8571428571428571,0.14285714285714285,0.0,0.3560134616933578
23240,0.008333333333333333,1.0,0.0,0.0,0.0
23247,0.016666666666666666,1.0,0.0,0.0,0.044149731571593166
23256,0.008333333333333333,1.0,0.0,0.0,0.0
23279,0.008333333333333333,1.0,0.0,0.0,0.0
23280,0.041666666666666664,1.0,0.0,0.0,0.16657619829732692
23286,0.0,0.0,0.0,0.0,0.0
23289,0.008333333333333333,1.0,0.0,0.0,0.0
23291,0.03333333333333333,0.25,0.75,0.0,0.07883530437645114
23312,0.025,0.3333333333333333,0.3333333333333333,0.6666666666666666,0.09680407352802127
23313,0.008333333333333333,1.0,0.0,0.0,0.0
23314,0.0,0.0,0.0,0.0,0.0
23317,0.0,0.0,0.0,0.0,0.0
23329,0.0,0.0,0.0,0.0,0.0
23332,0.008333333333333333,0.0,1.0,0.0,0.0
23333,0.008333333333333333,1.0,0.0,0.0,0.0
23336,0.025,0.0,1.0,0.0,0.06382747740333601
23339,0.0,0.0,0.0,0.0,0.0
23370,0.008333333333333333,1.0,0.0,0.0,0.0
23373,0.05,0.6666666666666666,0.3333333333333333,0.0,0.260921866846903
23374,0.025,1.0,0.0,0.0,0.38846825961036735
23378,0.008333333333333333,0.0,1.0,0.0,0.0
23385,0.0,0.0,0.0,0.0,0.0
23387,0.03333333333333333,0.0,0.5,1.0,0.05283819702960242
23388,0.058333333333333334,0.0,0.5714285714285714,0.8571428571428571,0.0016196756446309067
23390,0.03333333333333333,0.75,0.25,0.0,0.08519844090897949
23391,0.0,0.0,0.0,0.0,0.0
23393,0.0,0.0,0.0,0.0,0.0
23395,0.041666666666666664,0.4,0.6,0.0,0.14753056371716436
23396,0.0,0.0,0.0,0.0,0.0
23400,0.025,1.0,0.0,0.0,0.06084902521791204
23401,0.008333333333333333,0.0,1.0,0.0,0.0
23404,0.0,0.0,0.0,0.0,0.0
23406,0.0,0.0,0.0,0.0,0.0
23410,0.0,0.0,0.0,0.0,0.0
23413,0.008333333333333333,0.0,1.0,0.0,0.0
23414,0.016666666666666666,0.0,0.5,1.0,0.0
23416,0.016666666666666666,0.5,0.5,0.0,0.0
23419,0.008333333333333333,1.0,0.0,0.0,0.0
23425,0.06666666666666667,0.125,0.5,0.75,0.1526785057660453
23430,0.008333333333333333,0.0,1.0,0.0,0.0
23432,0.0,0.0,0.0,0.0,0.0
23434,0.0,0.0,0.0,0.0,0.0
23441,0.0,0.0,0.0,0.0,0.0
23449,0.0,0.0,0.0,0.0,0.0
23489,0.08333333333333333,0.0,0.7,0.6,0.3140927540089161
23502,0.0,0.0,0.0,0.0,0.0
23503,0.016666666666666666,0.5,0.5,0.0,1.2257004878287942e-05
23512,0.025,1.0,0.0,0.0,0.03146022952117135
23522,0.008333333333333333,0.0,1.0,0.0,0.0
23544,0.008333333333333333,0.0,1.0,0.0,0.0
23555,0.008333333333333333,1.0,0.0,0.0,0.0
23562,0.008333333333333333,1.0,0.0,0.0,0.0
23565,0.025,0.6666666666666666,0.3333333333333333,0.0,0.5102643660852177
23566,0.016666666666666666,0.0,1.0,0.0,0.2127430826717469
23569,0.058333333333333334,0.42857142857142855,0.5714285714285714,0.0,0.19735879054879865
23574,0.025,0.0,0.6666666666666666,0.6666666666666666,0.0
23578,0.05,0.3333333333333333,0.5,0.3333333333333333,0.05384852443171272
23585,0.025,0.3333333333333333,0.6666666666666666,0.0,0.0
23589,0.016666666666666666,0.0,1.0,0.0,0.0
23590,0.0,0.0,0.0,0.0,0.0
23591,0.025,0.6666666666666666,0.3333333333333333,0.0,0.016531197579416637
23599,0.008333333333333333,1.0,0.0,0.0,0.0
23607,0.016666666666666666,0.5,0.5,0.0,0.28722189731431513
23608,0.0,0.0,0.0,0.0,0.0
23619,0.05,0.3333333333333333,0.5,0.3333333333333333,0.1619290424477589
23623,0.016666666666666666,0.0,0.5,1.0,0.0
23627,0.0,0.0,0.0,0.0,0.0
23632,0.025,0.6666666666666666,0.3333333333333333,0.0,0.0063666385339221365
23676,0.016666666666666666,0.5,0.5,0.0,0.1401606017839195
23686,0.0,0.0,0.0,0.0,0.0
23696,0.058333333333333334,0.42857142857142855,0.5714285714285714,0.0,0.018070327191990223
23702,0.0,0.0,0.0,0.0,0.0
23712,0.008333333333333333,1.0,0.0,0.0,0.0
23713,0.016666666666666666,0.5,0.5,0.0,0.6393849084751936
23732,0.008333333333333333,1.0,0.0,0.0,0.0
23734,0.0,0.0,0.0,0.0,0.0
23742,0.008333333333333333,1.0,0.0,0.0,0.0
23745,0.008333333333333333,1.0,0.0,0.0,0.0
23746,0.008333333333333333,1.0,0.0,0.0,0.0
23747,0.0,0.0,0.0,0.0,0.0
23749,0.008333333333333333,1.0,0.0,0.0,0.0
23758,0.016666666666666666,0.0,0.5,1.0,0.0
23761,0.016666666666666666,0.0,1.0,0.0,0.006680067658666929
23764,0.008333333333333333,0.0,1.0,0.0,0.0
23778,0.008333333333333333,1.0,0.0,0.0,0.0
23782,0.008333333333333333,1.0,0.0,0.0,0.0
23783,0.008333333333333333,0.0,1.0,0.0,0.0
23784,0.016666666666666666,0.0,0.5,1.0,0.0
23793,0.0,0.0,0.0,0.0,0.0
23794,0.008333333333333333,1.0,0.0,0.0,0.0
23799,0.0,0.0,0.0,0.0,0.0
23800,0.016666666666666666,0.5,0.5,0.0,0.0
23828,0.0,0.0,0.0,0.0,0.0
23835,0.0,0.0,0.0,0.0,0.0
23846,0.0,0.0,0.0,0.0,0.0
23861,0.016666666666666666,0.5,0.5,0.0,0.0
23862,0.008333333333333333,1.0,0.0,0.0,0.0
23866,0.1,0.3333333333333333,0.5833333333333334,0.16666666666666666,0.341429376888892
23867,0.008333333333333333,0.0,1.0,0.0,0.0
23887,0.008333333333333333,1.0,0.0,0.0,0.0
23907,0.016666666666666666,1.0,0.0,0.0,0.06561875111626295
23920,0.0,0.0,0.0,0.0,0.0
23923,0.008333333333333333,1.0,0.0,0.0,0.0
23925,0.06666666666666667,0.75,0.125,0.25,0.1638656492185284
23936,0.016666666666666666,0.0,0.5,1.0,0.0
23939,0.008333333333333333,1.0,0.0,0.0,0.0
23944,0.0,0.0,0.0,0.0,0.0
23948,0.008333333333333333,1.0,0.0,0.0,0.0
23950,0.03333333333333333,1.0,0.0,0.0,0.21318433484736526
23951,0.0,0.0,0.0,0.0,0.0
23955,0.0,0.0,0.0,0.0,0.0
23957,0.008333333333333333,0.0,1.0,0.0,0.0
23959,0.016666666666666666,1.0,0.0,0.0,0.13188187048898445
23960,0.075,0.4444444444444444,0.3333333333333333,0.4444444444444444,0.2669680722532928
23961,0.0,0.0,0.0,0.0,0.0
23969,0.008333333333333333,1.0,0.0,0.0,0.0
23970,0.008333333333333333,1.0,0.0,0.0,0.0
23972,0.075,0.4444444444444444,0.5555555555555556,0.0,0.1577511547849596
23978,0.03333333333333333,0.0,0.5,1.0,0.1461612811721899
23982,0.075,0.4444444444444444,0.5555555555555556,0.0,0.4071899590616037
23983,0.008333333333333333,1.0,0.0,0.0,0.0
23990,0.0,0.0,0.0,0.0,0.0
23991,0.016666666666666666,1.0,0.0,0.0,0.09836771715035143
24001,0.008333333333333333,1.0,0.0,0.0,0.0
24026,0.0,0.0,0.0,0.0,0.0
24042,0.008333333333333333,0.0,1.0,0.0,0.0
24125,0.016666666666666666,1.0,0.0,0.0,0.3239946629498759
24141,0.0,0.0,0.0,0.0,0.0
24192,0.008333333333333333,0.0,1.0,0.0,0.0
24195,0.016666666666666666,0.5,0.5,0.0,0.0
24198,0.0,0.0,0.0,0.0,0.0
24211,0.008333333333333333,1.0,0.0,0.0,0.0
24212,0.0,0.0,0.0,0.0,0.0
24222,0.0,0.0,0.0,0.0,0.0
24242,0.008333333333333333,1.0,0.0,0.0,0.0
24258,0.016666666666666666,0.0,0.5,1.0,0.0
24259,0.008333333333333333,1.0,0.0,0.0,0.0
24299,0.016666666666666666,1.0,0.0,0.0,0.36915472192357934
24323,0.008333333333333333,1.0,0.0,0.0,0.0
24342,0.008333333333333333,1.0,0.0,0.0,0.0
24343,0.03333333333333333,0.5,0.5,0.0,0.4931518362744309
24344,0.0,0.0,0.0,0.0,0.0
24348,0.025,0.3333333333333333,0.3333333333333333,0.6666666666666666,0.39048366141249724
24350,0.008333333333333333,1.0,0.0,0.0,0.0
24351,0.008333333333333333,1.0,0.0,0.0,0.0
24357,0.06666666666666667,0.25,0.625,0.25,0.041011938322751455
24361,0.0,0.0,0.0,0.0,0.0
24374,0.008333333333333333,1.0,0.0,0.0,0.0
24395,0.19166666666666665,0.9130434782608695,0.08695652173913043,0.0,0.4680564942864847
24416,0.0,0.0,0.0,0.0,0.0
24417,0.008333333333333333,1.0,0.0,0.0,0.0
24418,0.016666666666666666,0.5,0.5,0.0,0.14759184874155581
24422,0.008333333333333333,1.0,0.0,0.0,0.0
24432,0.0,0.0,0.0,0.0,0.0
24438,0.041666666666666664,0.2,0.8,0.0,0.006249321487229952
24446,0.025,1.0,0.0,0.0,0.39526214231433265
24452,0.008333333333333333,1.0,0.0,0.0,0.0
24463,0.025,0.3333333333333333,0.3333333333333333,0.6666666666666666,0.10078760011346485
24468,0.008333333333333333,1.0,0.0,0.0,0.0
24481,0.0,0.0,0.0,0.0,0.0
24486,0.008333333333333333,0.0,1.0,0.0,0.0
24506,0.008333333333333333,1.0,0.0,0.0,0.0
24518,0.0,0.0,0.0,0.0,0.0
24533,0.008333333333333333,1.0,0.0,0.0,0.0
24540,0.016666666666666666,1.0,0.0,0.0,0.031539024552531776
24576,0.0,0.0,0.0,0.0,0.0
24589,0.0,0.0,0.0,0.0,0.0
24590,0.0,0.0,0.0,0.0,0.0
24596,0.008333333333333333,1.0,0.0,0.0,0.0
24603,0.008333333333333333,1.0,0.0,0.0,0.0
24616,0.0,0.0,0.0,0.0,0.0
24622,0.0,0.0,0.0,0.0,0.0
24623,0.008333333333333333,1.0,0.0,0.0,0.0
24636,0.008333333333333333,1.0,0.0,0.0,0.0
24650,0.008333333333333333,1.0,0.0,0.0,0.0
24651,0.008333333333333333,1.0,0.0,0.0,0.0
24661,0.008333333333333333,1.0,0.0,0.0,0.0
24663,0.016666666666666666,0.0,1.0,0.0,0.0
24666,0.0,0.0,0.0,0.0,0.0
24669,0.20833333333333334,0.36,0.64,0.0,0.48430753175439767
24672,0.008333333333333333,0.0,1.0,0.0,0.0
24675,0.008333333333333333,1.0,0.0,0.0,0.0
24679,0.008333333333333333,1.0,0.0,0.0,0.0
24700,0.05,0.5,0.5,0.0,0.51955517578296
24711,0.008333333333333333,1.0,0.0,0.0,0.0
24712,0.016666666666666666,0.0,1.0,0.0,0.0
24714,0.008333333333333333,1.0,0.0,0.0,0.0
24729,0.008333333333333333,0.0,1.0,0.0,0.0
24740,0.0,0.0,0.0,0.0,0.0
24741,0.016666666666666666,0.0,0.5,1.0,0.0
24745,0.0,0.0,0.0,0.0,0.0
24754,0.008333333333333333,1.0,0.0,0.0,0.0
24755,0.1,0.5,0.5,0.0,0.12712265059481495
24756,0.008333333333333333,1.0,0.0,0.0,0.0
24777,0.008333333333333333,1.0,0.0,0.0,0.0
24778,0.0,0.0,0.0,0.0,0.0
24798,0.008333333333333333,1.0,0.0,0.0,0.0
24800,0.0,0.0,0.0,0.0,0.0
24801,0.016666666666666666,0.5,0.5,0.0,0.0
24803,0.008333333333333333,1.0,0.0,0.0,0.0
24805,0.016666666666666666,1.0,0.0,0.0,0.05730675080808682
24807,0.0,0.0,0.0,0.0,0.0
24812,0.025,0.0,0.6666666666666666,0.6666666666666666,0.0
24852,0.008333333333333333,1.0,0.0,0.0,0.0
24858,0.03333333333333333,0.5,0.5,0.0,0.126553575368323
24879,0.008333333333333333,1.0,0.0,0.0,0.0
24883,0.008333333333333333,1.0,0.0,0.0,0.0
24888,0.008333333333333333,0.0,1.0,0.0,0.0
24889,0.0,0.0,0.0,0.0,0.0
24891,0.025,0.3333333333333333,0.6666666666666666,0.0,0.0
24892,0.016666666666666666,0.5,0.5,0.0,0.0
24908,0.008333333333333333,1.0,0.0,0.0,0.0
24909,0.008333333333333333,1.0,0.0,0.0,0.0
24912,0.0,0.0,0.0,0.0,0.0
24913,0.008333333333333333,1.0,0.0,0.0,0.0
24920,0.0,0.0,0.0,0.0,0.0
24922,0.016666666666666666,0.0,0.5,1.0,0.0
24923,0.0,0.0,0.0,0.0,0.0
24928,0.008333333333333333,1.0,0.0,0.0,0.0
24929,0.03333333333333333,1.0,0.0,0.0,0.008858312525608385
24933,0.0,0.0,0.0,0.0,0.0
24938,0.0,0.0,0.0,0.0,0.0
24959,0.016666666666666666,1.0,0.0,0.0,0.454883716043719
24963,0.0,0.0,0.0,0.0,0.0
24988,0.0,0.0,0.0,0.0,0.0
25006,0.16666666666666666,0.35,0.5,0.3,0.19038280377235592
25038,0.008333333333333333,1.0,0.0,0.0,0.0
25042,0.0,0.0,0.0,0.0,0.0
25044,0.008333333333333333,0.0,1.0,0.0,0.0
25046,0.008333333333333333,1.0,0.0,0.0,0.0
25048,0.016666666666666666,1.0,0.0,0.0,0.27399308704924863
25051,0.0,0.0,0.0,0.0,0.0
25053,0.008333333333333333,0.0,1.0,0.0,0.0
25071,0.0,0.0,0.0,0.0,0.0
25072,0.016666666666666666,1.0,0.0,0.0,0.027504718946878143
25096,0.008333333333333333,1.0,0.0,0.0,0.0
25099,0.10833333333333334,0.6923076923076923,0.3076923076923077,0.0,0.10936400152687262
25105,0.008333333333333333,1.0,0.0,0.0,0.0
25112,0.03333333333333333,0.0,1.0,0.0,0.0
25115,0.025,0.6666666666666666,0.3333333333333333,0.0,0.0018385507317431912
25117,0.016666666666666666,0.0,0.5,1.0,0.0
25122,0.0,0.0,0.0,0.0,0.0
25127,0.025,1.0,0.0,0.0,0.0014883505923635359
25135,0.0,0.0,0.0,0.0,0.0
25147,0.008333333333333333,1.0,0.0,0.0,0.0
25148,0.041666666666666664,0.6,0.4,0.0,0.007937286159039892
25149,0.008333333333333333,1.0,0.0,0.0,0.0
25154,0.016666666666666666,0.5,0.5,0.0,0.0
25159,0.016666666666666666,0.5,0.5,0.0,0.0
25162,0.008333333333333333,1.0,0.0,0.0,0.0
25164,0.0,0.0,0.0,0.0,0.0
25172,0.025,0.3333333333333333,0.6666666666666666,0.0,0.0
25189,0.008333333333333333,1.0,0.0,0.0,0.0
25208,0.008333333333333333,1.0,0.0,0.0,0.0
25218,0.008333333333333333,1.0,0.0,0.0,0.0
25224,0.0,0.0,0.0,0.0,0.0
25225,0.0,0.0,0.0,0.0,0.0
25227,0.0,0.0,0.0,0.0,0.0
25229,0.016666666666666666,1.0,0.0,0.0,0.02751522495105953
25235,0.008333333333333333,1.0,0.0,0.0,0.0
25237,0.025,0.6666666666666666,0.3333333333333333,0.0,0.02329881527292848
25240,0.016666666666666666,1.0,0.0,0.0,0.000504288200706704
25242,0.025,1.0,0.0,0.0,0.11060546102097349
25249,0.03333333333333333,0.25,0.5,0.5,0.10221116368004314
25259,0.0,0.0,0.0,0.0,0.0
25267,0.008333333333333333,1.0,0.0,0.0,0.0
25290,0.008333333333333333,1.0,0.0,0.0,0.0
25303,0.008333333333333333,0.0,1.0,0.0,0.0
25309,0.008333333333333333,1.0,0.0,0.0,0.0
25312,0.058333333333333334,0.5714285714285714,0.2857142857142857,0.2857142857142857,0.16434542340947852
25314,0.025,0.6666666666666666,0.3333333333333333,0.0,0.13242468070502292
25317,0.008333333333333333,1.0,0.0,0.0,0.0
25325,0.0,0.0,0.0,0.0,0.0
25327,0.0,0.0,0.0,0.0,0.0
25338,0.016666666666666666,0.5,0.5,0.0,0.0
25340,0.008333333333333333,1.0,0.0,0.0,0.0
25348,0.008333333333333333,1.0,0.0,0.0,0.0
25354,0.008333333333333333,1.0,0.0,0.0,0.0
25355,0.008333333333333333,1.0,0.0,0.0,0.0
25356,0.058333333333333334,0.7142857142857143,0.2857142857142857,0.0,0.3588465808209392
25370,0.008333333333333333,1.0,0.0,0.0,0.0
25376,0.016666666666666666,0.5,0.5,0.0,3.326901324106727e-05
25380,0.0,0.0,0.0,0.0,0.0
25383,0.0,0.0,0.0,0.0,0.0
25394,0.008333333333333333,1.0,0.0,0.0,0.0
25395,0.0,0.0,0.0,0.0,0.0
25398,0.008333333333333333,0.0,1.0,0.0,0.0
25401,0.0,0.0,0.0,0.0,0.0
25403,0.008333333333333333,0.0,1.0,0.0,0.0
25406,0.0,0.0,0.0,0.0,0.0
25407,0.008333333333333333,1.0,0.0,0.0,0.0
25409,0.008333333333333333,1.0,0.0,0.0,0.0
25412,0.03333333333333333,1.0,0.0,0.0,0.031852453677276564
25415,0.016666666666666666,0.0,1.0,0.0,0.0
25419,0.0,0.0,0.0,0.0,0.0
25421,0.058333333333333334,0.0,0.8571428571428571,0.2857142857142857,0.15751652069157523
25423,0.0,0.0,0.0,0.0,0.0
25427,0.025,0.6666666666666666,0.3333333333333333,0.0,0.03670272560768479
25434,0.10833333333333334,0.46153846153846156,0.5384615384615384,0.0,0.42309780039292455
25436,0.016666666666666666,1.0,0.0,0.0,0.4335092505366817
25439,0.025,0.6666666666666666,0.3333333333333333,0.0,0.15062633294928052
25446,0.008333333333333333,1.0,0.0,0.0,0.0
25461,0.03333333333333333,0.5,0.25,0.5,0.30198808619125833
25470,0.008333333333333333,1.0,0.0,0.0,0.0
25478,0.008333333333333333,1.0,0.0,0.0,0.0
25479,0.0,0.0,0.0,0.0,0.0
25480,0.008333333333333333,1.0,0.0,0.0,0.0
25502,0.0,0.0,0.0,0.0,0.0
25503,0.016666666666666666,1.0,0.0,0.0,0.008459084366715578
25504,0.016666666666666666,1.0,0.0,0.0,0.00029767011847270716
25505,0.016666666666666666,0.5,0.5,0.0,0.0
25507,0.041666666666666664,0.8,0.2,0.0,0.31960840620414566
25508,0.008333333333333333,1.0,0.0,0.0,0.0
25516,0.008333333333333333,1.0,0.0,0.0,0.0
25518,0.0,0.0,0.0,0.0,0.0
25579,0.0,0.0,0.0,0.0,0.0
25582,0.058333333333333334,0.7142857142857143,0.14285714285714285,0.2857142857142857,0.0520414917125137
25603,0.0,0.0,0.0,0.0,0.0
25623,0.016666666666666666,1.0,0.0,0.0,0.0038732135415389898
25630,0.008333333333333333,1.0,0.0,0.0,0.0
25638,0.008333333333333333,1.0,0.0,0.0,0.0
25640,0.1,0.3333333333333333,0.5,0.3333333333333333,0.3197502372605944
25646,0.008333333333333333,1.0,0.0,0.0,0.0
25654,0.016666666666666666,1.0,0.0,0.0,0.3122769662862326
25657,0.008333333333333333,1.0,0.0,0.0,0.0
25659,0.008333333333333333,0.0,1.0,0.0,0.0
25662,0.008333333333333333,1.0,0.0,0.0,0.0
25673,0.03333333333333333,1.0,0.0,0.0,0.33426078003579046
25674,0.041666666666666664,0.8,0.2,0.0,0.3111178038248859
25698,0.0,0.0,0.0,0.0,0.0
25723,0.008333333333333333,1.0,0.0,0.0,0.0
25726,0.0,0.0,0.0,0.0,0.0
25733,0.016666666666666666,0.0,0.5,1.0,0.0
25734,0.03333333333333333,0.5,0.5,0.0,0.4535564575154701
25736,0.008333333333333333,1.0,0.0,0.0,0.0
25737,0.008333333333333333,1.0,0.0,0.0,0.0
25742,0.008333333333333333,1.0,0.0,0.0,0.0
25749,0.025,0.6666666666666666,0.3333333333333333,0.0,0.1329604869182738
25765,0.0,0.0,0.0,0.0,0.0
25766,0.14166666666666666,0.47058823529411764,0.29411764705882354,0.47058823529411764,0.6383378100584485
25772,0.008333333333333333,1.0,0.0,0.0,0.0
25783,0.008333333333333333,1.0,0.0,0.0,0.0
25784,0.0,0.0,0.0,0.0,0.0
25792,0.016666666666666666,0.5,0.5,0.0,0.0
25797,0.0,0.0,0.0,0.0,0.0
25808,0.008333333333333333,0.0,1.0,0.0,0.0
25814,0.0,0.0,0.0,0.0,0.0
25818,0.016666666666666666,1.0,0.0,0.0,0.009094697619689653
25824,0.0,0.0,0.0,0.0,0.0
25836,0.0,0.0,0.0,0.0,0.0
25842,0.016666666666666666,1.0,0.0,0.0,0.24113906097334628
25843,0.008333333333333333,0.0,1.0,0.0,0.0
25850,0.05,0.6666666666666666,0.3333333333333333,0.0,0.33505748535287916
25852,0.016666666666666666,0.0,0.5,1.0,0.0
25870,0.016666666666666666,0.0,0.5,1.0,0.0
25871,0.016666666666666666,1.0,0.0,0.0,0.15056679892558597
25872,0.008333333333333333,0.0,1.0,0.0,0.0
25875,0.0,0.0,0.0,0.0,0.0
25877,0.0,0.0,0.0,0.0,0.0
25880,0.0,0.0,0.0,0.0,0.0
25881,0.016666666666666666,0.0,1.0,0.0,0.0
25884,0.0,0.0,0.0,0.0,0.0
25887,0.041666666666666664,0.0,0.8,0.4,0.17152452626676146
25888,0.0,0.0,0.0,0.0,0.0
25892,0.008333333333333333,1.0,0.0,0.0,0.0
25896,0.008333333333333333,1.0,0.0,0.0,0.0
25898,0.008333333333333333,0.0,1.0,0.0,0.0
25907,0.45,0.42592592592592593,0.5370370370370371,0.07407407407407407,0.5622428217726431
25923,0.016666666666666666,0.0,0.5,1.0,0.0
25924,0.0,0.0,0.0,0.0,0.0
25926,0.016666666666666666,1.0,0.0,0.0,0.1323353796694811
25931,0.26666666666666666,0.3125,0.5,0.375,0.40686777493337445
25958,0.008333333333333333,0.0,1.0,0.0,0.0
25967,0.0,0.0,0.0,0.0,0.0
25969,0.008333333333333333,1.0,0.0,0.0,0.0
25984,0.0,0.0,0.0,0.0,0.0
26014,0.008333333333333333,1.0,0.0,0.0,0.0
26016,0.016666666666666666,0.5,0.5,0.0,0.0
26019,0.008333333333333333,0.0,1.0,0.0,0.0
26024,0.03333333333333333,0.0,1.0,0.0,0.23760203956561177
26057,0.0,0.0,0.0,0.0,0.0
26059,0.0,0.0,0.0,0.0,0.0
26067,0.025,0.0,1.0,0.0,0.2632314367661118
26068,0.0,0.0,0.0,0.0,0.0
26077,0.016666666666666666,1.0,0.0,0.0,0.15570598597098242
26082,0.025,0.6666666666666666,0.3333333333333333,0.0,3.502001393796555e-06
26092,0.2,0.4583333333333333,0.4583333333333333,0.16666666666666666,0.8515116389016323
26095,0.0,0.0,0.0,0.0,0.0
26114,0.008333333333333333,1.0,0.0,0.0,0.0
26116,0.008333333333333333,0.0,1.0,0.0,0.0
26118,0.0,0.0,0.0,0.0,0.0
26119,0.008333333333333333,1.0,0.0,0.0,0.0
26120,0.016666666666666666,0.5,0.5,0.0,0.0
26124,0.008333333333333333,1.0,0.0,0.0,0.0
26133,0.03333333333333333,1.0,0.0,0.0,0.30549183858575174
26137,0.0,0.0,0.0,0.0,0.0
26140,0.03333333333333333,0.5,0.5,0.0,0.2211951630356749
26142,0.008333333333333333,1.0,0.0,0.0,0.0
26144,0.025,0.0,0.6666666666666666,0.6666666666666666,0.0
26150,0.0,0.0,0.0,0.0,0.0
26155,0.0,0.0,0.0,0.0,0.0
26164,0.008333333333333333,0.0,1.0,0.0,0.0
26173,0.05,0.6666666666666666,0.3333333333333333,0.0,0.10985253072130723
26176,0.0,0.0,0.0,0.0,0.0
26184,0.0,0.0,0.0,0.0,0.0
26202,0.0,0.0,0.0,0.0,0.0
26205,0.05,0.5,0.3333333333333333,0.3333333333333333,0.08861114126723423
26208,0.025,1.0,0.0,0.0,0.5008930103554181
26209,0.0,0.0,0.0,0.0,0.0
26215,0.016666666666666666,0.5,0.5,0.0,0.0
26219,0.008333333333333333,0.0,1.0,0.0,0.0
26232,0.008333333333333333,1.0,0.0,0.0,0.0
26244,0.0,0.0,0.0,0.0,0.0
26273,0.0,0.0,0.0,0.0,0.0
26274,0.008333333333333333,1.0,0.0,0.0,0.0
26279,0.016666666666666666,0.0,0.5,1.0,0.0
26289,0.19166666666666665,0.4782608695652174,0.391304347826087,0.2608695652173913,0.6643944514289917
26290,0.0,0.0,0.0,0.0,0.0
26291,0.016666666666666666,0.5,0.5,0.0,0.0
26299,0.041666666666666664,0.6,0.4,0.0,0.3043449331292834
26309,0.0,0.0,0.0,0.0,0.0
26314,0.05,0.3333333333333333,0.6666666666666666,0.0,0.011075079407881605
26320,0.016666666666666666,0.5,0.5,0.0,0.0
26321,0.016666666666666666,1.0,0.0,0.0,0.12776001484848593
26335,0.0,0.0,0.0,0.0,0.0
26337,0.016666666666666666,0.0,1.0,0.0,0.0
26343,0.0,0.0,0.0,0.0,0.0
26350,0.016666666666666666,0.5,0.5,0.0,0.0
26366,0.0,0.0,0.0,0.0,0.0
26385,0.008333333333333333,1.0,0.0,0.0,0.0
26396,0.06666666666666667,1.0,0.0,0.0,0.30559339662617185
26421,0.008333333333333333,1.0,0.0,0.0,0.0
26424,0.008333333333333333,1.0,0.0,0.0,0.0
26431,0.008333333333333333,1.0,0.0,0.0,0.0
26464,0.0,0.0,0.0,0.0,0.0
26475,0.016666666666666666,1.0,0.0,0.0,0.18344709001194184
26485,0.016666666666666666,1.0,0.0,0.0,6.653802648213454e-05
26488,0.0,0.0,0.0,0.0,0.0
26492,0.05,0.8333333333333334,0.16666666666666666,0.0,0.18017446970943896
26495,0.008333333333333333,1.0,0.0,0.0,0.0
26501,0.0,0.0,0.0,0.0,0.0
26513,0.0,0.0,0.0,0.0,0.0
26538,0.008333333333333333,0.0,1.0,0.0,0.0
26541,0.0,0.0,0.0,0.0,0.0
26543,0.016666666666666666,0.0,1.0,0.0,0.0001400800557518622
26544,0.016666666666666666,0.0,1.0,0.0,0.0
26545,0.008333333333333333,1.0,0.0,0.0,0.0
26548,0.0,0.0,0.0,0.0,0.0
26553,0.0,0.0,0.0,0.0,0.0
26556,0.0,0.0,0.0,0.0,0.0
26557,0.016666666666666666,0.5,0.5,0.0,0.20778950170022167
26558,0.0,0.0,0.0,0.0,0.0
26561,0.008333333333333333,1.0,0.0,0.0,0.0
26565,0.008333333333333333,1.0,0.0,0.0,0.0
26575,0.008333333333333333,0.0,1.0,0.0,0.0
26578,0.0,0.0,0.0,0.0,0.0
26584,0.0,0.0,0.0,0.0,0.0
26585,0.0,0.0,0.0,0.0,0.0
26588,0.008333333333333333,0.0,1.0,0.0,0.0
26597,0.0,0.0,0.0,0.0,0.0
26605,0.0,0.0,0.0,0.0,0.0
26613,0.0,0.0,0.0,0.0,0.0
26623,0.0,0.0,0.0,0.0,0.0
26629,0.14166666666666666,0.29411764705882354,0.5882352941176471,0.23529411764705882,0.8992001428816568
26636,0.008333333333333333,0.0,1.0,0.0,0.0
26640,0.05,0.0,1.0,0.0,0.7319235443055706
26650,0.016666666666666666,0.5,0.5,0.0,0.0
26651,0.0,0.0,0.0,0.0,0.0
26659,0.016666666666666666,0.0,0.5,1.0,0.0
26667,0.016666666666666666,0.0,0.5,1.0,0.0
26679,0.016666666666666666,1.0,0.0,0.0,0.018868783509775836
26695,0.025,0.3333333333333333,0.6666666666666666,0.0,0.2977191464922203
26705,0.008333333333333333,0.0,1.0,0.0,0.0
26706,0.016666666666666666,1.0,0.0,0.0,2.2763009059677608e-05
26716,0.0,0.0,0.0,0.0,0.0
26720,0.11666666666666667,0.5714285714285714,0.42857142857142855,0.0,0.022269226863152292
26721,0.008333333333333333,1.0,0.0,0.0,0.0
26725,0.008333333333333333,1.0,0.0,0.0,0.0
26733,0.025,0.6666666666666666,0.3333333333333333,0.0,0.00028541311359441923
26754,0.06666666666666667,0.0,0.75,0.5,5.9534023694541435e-05
26756,0.0,0.0,0.0,0.0,0.0
26769,0.016666666666666666,0.5,0.5,0.0,0.0
26771,0.008333333333333333,1.0,0.0,0.0,0.0
26776,0.03333333333333333,1.0,0.0,0.0,0.35326088859783367
26784,0.016666666666666666,0.5,0.5,0.0,0.0
26795,0.03333333333333333,0.5,0.5,0.0,0.0022080118787887277
26800,0.05,0.16666666666666666,0.5,0.6666666666666666,0.3344096150950268
26802,0.008333333333333333,1.0,0.0,0.0,0.0
26805,0.016666666666666666,0.0,0.5,1.0,0.0
26808,0.0,0.0,0.0,0.0,0.0
26819,0.008333333333333333,1.0,0.0,0.0,0.0
26820,0.0,0.0,0.0,0.0,0.0
26845,0.0,0.0,0.0,0.0,0.0
26850,0.008333333333333333,1.0,0.0,0.0,0.0
26853,0.008333333333333333,1.0,0.0,0.0,0.0
26854,0.0,0.0,0.0,0.0,0.0
26856,0.008333333333333333,1.0,0.0,0.0,0.0
26858,0.008333333333333333,1.0,0.0,0.0,0.0
26862,0.06666666666666667,0.875,0.125,0.0,0.041924209685835455
26869,0.016666666666666666,0.0,0.5,1.0,0.0
26882,0.0,0.0,0.0,0.0,0.0
26886,0.0,0.0,0.0,0.0,0.0
26887,0.008333333333333333,1.0,0.0,0.0,0.0
26888,0.0,0.0,0.0,0.0,0.0
26890,0.025,0.6666666666666666,0.3333333333333333,0.0,0.23812208677259053
26904,0.0,0.0,0.0,0.0,0.0
26920,0.008333333333333333,0.0,1.0,0.0,0.0
26951,0.0,0.0,0.0,0.0,0.0
26963,0.008333333333333333,1.0,0.0,0.0,0.0
26970,0.008333333333333333,1.0,0.0,0.0,0.0
26973,0.016666666666666666,0.5,0.5,0.0,0.0
26980,0.008333333333333333,1.0,0.0,0.0,0.0
26982,0.0,0.0,0.0,0.0,0.0
26983,0.008333333333333333,1.0,0.0,0.0,0.0
26989,0.008333333333333333,1.0,0.0,0.0,0.0
26991,0.03333333333333333,0.75,0.25,0.0,0.2644886552664848
26999,0.016666666666666666,0.5,0.5,0.0,0.0
27006,0.0,0.0,0.0,0.0,0.0
27008,0.008333333333333333,1.0,0.0,0.0,0.0
27009,0.016666666666666666,1.0,0.0,0.0,0.37342541262331425
27012,0.0,0.0,0.0,0.0,0.0
27018,0.016666666666666666,0.0,1.0,0.0,0.0
27023,0.0,0.0,0.0,0.0,0.0
27041,0.008333333333333333,0.0,1.0,0.0,0.0
27055,0.0,0.0,0.0,0.0,0.0
27060,0.0,0.0,0.0,0.0,0.0
27064,0.0,0.0,0.0,0.0,0.0
27079,0.058333333333333334,0.42857142857142855,0.2857142857142857,0.5714285714285714,0.1687386841579963
27091,0.0,0.0,0.0,0.0,0.0
27100,0.025,0.3333333333333333,0.3333333333333333,0.6666666666666666,0.0026475130537101954
27104,0.025,0.3333333333333333,0.6666666666666666,0.0,0.2794562092235713
27105,0.0,0.0,0.0,0.0,0.0
27108,0.016666666666666666,0.5,0.5,0.0,0.10234073773161362
27110,0.016666666666666666,0.0,1.0,0.0,0.0
27115,0.016666666666666666,0.0,0.5,1.0,0.0
27116,0.008333333333333333,1.0,0.0,0.0,0.0
27120,0.0,0.0,0.0,0.0,0.0
27124,0.008333333333333333,1.0,0.0,0.0,0.0
27128,0.0,0.0,0.0,0.0,0.0
27132,0.0,0.0,0.0,0.0,0.0
27133,0.0,0.0,0.0,0.0,0.0
27163,0.008333333333333333,0.0,1.0,0.0,0.0
27185,0.0,0.0,0.0,0.0,0.0
27187,0.008333333333333333,1.0,0.0,0.0,0.0
27201,0.016666666666666666,0.5,0.5,0.0,0.0
27203,0.008333333333333333,1.0,0.0,0.0,0.0
27204,0.008333333333333333,1.0,0.0,0.0,0.0
27205,0.05,0.3333333333333333,0.3333333333333333,0.6666666666666666,0.0031220342425696285
27209,0.025,0.6666666666666666,0.3333333333333333,0.0,0.2857072817114981
27217,0.008333333333333333,0.0,1.0,0.0,0.0
27231,0.008333333333333333,0.0,1.0,0.0,0.0
27235,0.0,0.0,0.0,0.0,0.0
27236,0.016666666666666666,0.5,0.5,0.0,0.0077359210788965896
27238,0.008333333333333333,1.0,0.0,0.0,0.0
27244,0.0,0.0,0.0,0.0,0.0
27245,0.016666666666666666,1.0,0.0,0.0,0.06039026303532469
27246,0.016666666666666666,0.5,0.5,0.0,0.29981684532710445
27253,0.10833333333333334,0.6923076923076923,0.3076923076923077,0.0,0.058063183109146876
27255,0.0,0.0,0.0,0.0,0.0
27257,0.0,0.0,0.0,0.0,0.0
27287,0.0,0.0,0.0,0.0,0.0
27290,0.008333333333333333,1.0,0.0,0.0,0.0
27303,0.0,0.0,0.0,0.0,0.0
27304,0.041666666666666664,0.6,0.4,0.0,0.1410781261490942
27309,0.0,0.0,0.0,0.0,0.0
27310,0.008333333333333333,0.0,1.0,0.0,0.0
27311,0.9,0.2777777777777778,0.5648148148148148,0.3148148148148148,0.4523482670346103
27341,0.0,0.0,0.0,0.0,0.0
27349,0.008333333333333333,1.0,0.0,0.0,0.0
27368,0.008333333333333333,1.0,0.0,0.0,0.0
27384,0.016666666666666666,0.0,0.5,1.0,0.0
27389,0.008333333333333333,0.0,1.0,0.0,0.0
27396,0.0,0.0,0.0,0.0,0.0
27402,0.0,0.0,0.0,0.0,0.0
27412,0.041666666666666664,0.0,1.0,0.0,0.34975363420194644
27442,0.0,0.0,0.0,0.0,0.0
27453,0.058333333333333334,0.7142857142857143,0.2857142857142857,0.0,0.1855255278391601
27458,0.008333333333333333,1.0,0.0,0.0,0.0
27459,0.0,0.0,0.0,0.0,0.0
27463,0.016666666666666666,0.0,0.5,1.0,0.0
27467,0.016666666666666666,1.0,0.0,0.0,0.46630549358958645
27478,0.05,1.0,0.0,0.0,0.015268726076952979
27489,0.0,0.0,0.0,0.0,0.0
27515,0.0,0.0,0.0,0.0,0.0
27552,0.008333333333333333,1.0,0.0,0.0,0.0
27553,0.016666666666666666,0.5,0.5,0.0,0.0
27555,0.0,0.0,0.0,0.0,0.0
27556,0.041666666666666664,0.6,0.4,0.0,0.09388865736768563
27559,0.008333333333333333,1.0,0.0,0.0,0.0
27561,0.008333333333333333,1.0,0.0,0.0,0.0
27567,0.0,0.0,0.0,0.0,0.0
27571,0.025,0.6666666666666666,0.3333333333333333,0.0,0.14988565965449255
27572,0.0,0.0,0.0,0.0,0.0
27573,0.008333333333333333,1.0,0.0,0.0,0.0
27582,0.008333333333333333,1.0,0.0,0.0,0.0
27586,0.008333333333333333,1.0,0.0,0.0,0.0
27611,0.0,0.0,0.0,0.0,0.0
27612,0.008333333333333333,1.0,0.0,0.0,0.0
27623,0.025,0.0,0.6666666666666666,0.6666666666666666,0.0
27625,0.0,0.0,0.0,0.0,0.0
27629,0.0,0.0,0.0,0.0,0.0
27640,0.008333333333333333,1.0,0.0,0.0,0.0
27642,0.008333333333333333,1.0,0.0,0.0,0.0
27654,0.0,0.0,0.0,0.0,0.0
27662,0.016666666666666666,0.5,0.5,0.0,0.0
27673,0.016666666666666666,0.5,0.5,0.0,0.0
27678,0.025,0.6666666666666666,0.3333333333333333,0.0,0.18024801173870866
27694,0.041666666666666664,0.6,0.4,0.0,0.0072578978886433596
27714,0.008333333333333333,1.0,0.0,0.0,0.0
27719,0.016666666666666666,1.0,0.0,0.0,0.11680925649008408
27763,0.008333333333333333,1.0,0.0,0.0,0.0
27764,0.008333333333333333,0.0,1.0,0.0,0.0
27769,0.025,0.6666666666666666,0.3333333333333333,0.0,0.25193923327181483
27777,0.008333333333333333,1.0,0.0,0.0,0.0
27782,0.025,1.0,0.0,0.0,0.16450476447289628
27785,0.016666666666666666,0.0,0.5,1.0,0.0
27809,0.008333333333333333,1.0,0.0,0.0,0.0
27811,0.10833333333333334,0.6153846153846154,0.38461538461538464,0.0,0.3867680379336791
27812,0.0,0.0,0.0,0.0,0.0
27815,0.025,0.3333333333333333,0.6666666666666666,0.0,0.0009560463805064595
27820,0.0,0.0,0.0,0.0,0.0
27830,0.016666666666666666,1.0,0.0,0.0,0.002712300079495432
27839,0.016666666666666666,0.0,0.5,1.0,0.0
27847,0.008333333333333333,0.0,1.0,0.0,0.0
27848,0.11666666666666667,0.21428571428571427,0.5714285714285714,0.42857142857142855,0.18486014757433875
27850,0.041666666666666664,0.0,1.0,0.0,0.06140584343952569
27856,0.0,0.0,0.0,0.0,0.0
27860,0.0,0.0,0.0,0.0,0.0
27866,0.008333333333333333,1.0,0.0,0.0,0.0
27867,0.016666666666666666,1.0,0.0,0.0,1.2257004878287942e-05
27871,0.016666666666666666,0.0,1.0,0.0,0.10187672254693558
27872,0.008333333333333333,0.0,1.0,0.0,0.0
27873,0.0,0.0,0.0,0.0,0.0
27874,0.016666666666666666,0.0,1.0,0.0,0.019317039688181797
27876,0.025,0.6666666666666666,0.3333333333333333,0.0,0.00010330904111699837
27880,0.008333333333333333,1.0,0.0,0.0,0.0
27903,0.075,0.7777777777777778,0.2222222222222222,0.0,0.25423304418475157
27912,0.008333333333333333,1.0,0.0,0.0,0.0
27920,0.016666666666666666,0.0,0.5,1.0,0.0
27929,0.0,0.0,0.0,0.0,0.0
27953,0.0,0.0,0.0,0.0,0.0
27959,0.058333333333333334,0.7142857142857143,0.2857142857142857,0.0,0.707938336759458
27963,0.008333333333333333,1.0,0.0,0.0,0.0
27975,0.008333333333333333,0.0,1.0,0.0,0.0
27976,0.0,0.0,0.0,0.0,0.0
28024,0.0,0.0,0.0,0.0,0.0
28038,0.025,0.6666666666666666,0.3333333333333333,0.0,0.07172449054634723
28059,0.016666666666666666,0.5,0.5,0.0,0.13515799279288113
28066,0.008333333333333333,1.0,0.0,0.0,0.0
28070,0.0,0.0,0.0,0.0,0.0
28076,0.016666666666666666,0.0,1.0,0.0,0.027357634888338686
28091,0.03333333333333333,0.5,0.5,0.0,0.018879289513957228
28092,0.05,0.5,0.5,0.0,0.3691564729242762
28107,0.025,1.0,0.0,0.0,0.4261147745936803
28205,0.03333333333333333,1.0,0.0,0.0,0.15976305458569573
28208,0.008333333333333333,0.0,1.0,0.0,0.0
28217,0.008333333333333333,1.0,0.0,0.0,0.0
28223,0.008333333333333333,1.0,0.0,0.0,0.0
28237,0.0,0.0,0.0,0.0,0.0
28239,0.016666666666666666,0.0,0.5,1.0,0.0
28245,0.008333333333333333,1.0,0.0,0.0,0.0
28253,0.24166666666666667,0.6206896551724138,0.3103448275862069,0.13793103448275862,0.2074673175719924
28262,0.0,0.0,0.0,0.0,0.0
28266,0.016666666666666666,1.0,0.0,0.0,0.004018546599381547
28283,0.0,0.0,0.0,0.0,0.0
28288,0.008333333333333333,0.0,1.0,0.0,0.0
28289,0.016666666666666666,1.0,0.0,0.0,0.3772268351362804
28291,0.008333333333333333,1.0,0.0,0.0,0.0
28308,0.008333333333333333,1.0,0.0,0.0,0.0
28329,0.008333333333333333,1.0,0.0,0.0,0.0
28346,0.008333333333333333,1.0,0.0,0.0,0.0
28358,0.008333333333333333,0.0,1.0,0.0,0.0
28366,0.025,0.6666666666666666,0.3333333333333333,0.0,0.003584298426550774
28369,0.0,0.0,0.0,0.0,0.0
28371,0.008333333333333333,1.0,0.0,0.0,0.0
28375,0.1,0.8333333333333334,0.16666666666666666,0.0,0.32786262348932416
28383,0.025,0.0,1.0,0.0,0.42576107245290684
28424,0.0,0.0,0.0,0.0,0.0
28433,0.008333333333333333,0.0,1.0,0.0,0.0
28470,0.016666666666666666,0.5,0.5,0.0,0.0
28497,0.008333333333333333,0.0,1.0,0.0,0.0
28503,0.0,0.0,0.0,0.0,0.0
28511,0.008333333333333333,0.0,1.0,0.0,0.0
28541,0.025,0.3333333333333333,0.6666666666666666,0.0,0.060885796232546904
28553,0.0,0.0,0.0,0.0,0.0
28568,0.0,0.0,0.0,0.0,0.0
28588,0.025,1.0,0.0,0.0,0.044060430536051354
28589,0.06666666666666667,0.5,0.5,0.0,0.18344709001194184
28598,0.008333333333333333,1.0,0.0,0.0,0.0
28604,0.025,0.3333333333333333,0.3333333333333333,0.6666666666666666,0.04649257050404306
28605,0.016666666666666666,0.0,0.5,1.0,0.0
28607,0.008333333333333333,1.0,0.0,0.0,0.0
28636,0.016666666666666666,0.0,0.5,1.0,0.0
28651,0.016666666666666666,0.5,0.5,0.0,0.0
28660,0.0,0.0,0.0,0.0,0.0
28673,0.058333333333333334,0.14285714285714285,0.5714285714285714,0.5714285714285714,0.525769477256252
28704,0.008333333333333333,1.0,0.0,0.0,0.0
28747,0.03333333333333333,0.5,0.5,0.0,0.10638029633935794
28756,0.016666666666666666,1.0,0.0,0.0,0.43298570132830916
28764,0.0,0.0,0.0,0.0,0.0
28778,0.0,0.0,0.0,0.0,0.0
28789,0.041666666666666664,0.6,0.2,0.4,0.004079831623772986
28790,0.0,0.0,0.0,0.0,0.0
28794,0.008333333333333333,1.0,0.0,0.0,0.0
28797,0.016666666666666666,1.0,0.0,0.0,0.005400086149234287
28803,0.008333333333333333,0.0,1.0,0.0,0.0
28804,0.0,0.0,0.0,0.0,0.0
28805,0.0,0.0,0.0,0.0,0.0
28817,0.008333333333333333,1.0,0.0,0.0,0.0
28829,0.03333333333333333,0.25,0.5,0.5,0.0003957261574990107
28841,0.0,0.0,0.0,0.0,0.0
28844,0.008333333333333333,0.0,1.0,0.0,0.0
28848,0.008333333333333333,1.0,0.0,0.0,0.0
28849,0.0,0.0,0.0,0.0,0.0
28858,0.075,0.5555555555555556,0.4444444444444444,0.0,0.022377788906359986
28865,0.0,0.0,0.0,0.0,0.0
28868,0.075,0.6666666666666666,0.2222222222222222,0.2222222222222222,0.4459045844700246
28878,0.0,0.0,0.0,0.0,0.0
28887,0.008333333333333333,1.0,0.0,0.0,0.0
28888,0.008333333333333333,1.0,0.0,0.0,0.0
28896,0.008333333333333333,1.0,0.0,0.0,0.0
28905,0.008333333333333333,0.0,1.0,0.0,0.0
28909,0.008333333333333333,1.0,0.0,0.0,0.0
28924,0.016666666666666666,0.5,0.5,0.0,0.0019803817881919516
28931,0.0,0.0,0.0,0.0,0.0
28948,0.0,0.0,0.0,0.0,0.0
28952,0.05,0.16666666666666666,0.6666666666666666,0.3333333333333333,0.3001390294553337
28956,0.0,0.0,0.0,0.0,0.0
28957,0.025,0.3333333333333333,0.3333333333333333,0.6666666666666666,0.17320198493439
28959,0.016666666666666666,0.5,0.5,0.0,0.0
28961,0.03333333333333333,0.5,0.5,0.0,0.10822935307528253
28966,0.0,0.0,0.0,0.0,0.0
28972,0.0,0.0,0.0,0.0,0.0
28975,0.03333333333333333,0.25,0.5,0.5,0.0010523514188358646
28990,0.0,0.0,0.0,0.0,0.0
28996,0.058333333333333334,0.2857142857142857,0.7142857142857143,0.0,0.057010831690311015
28998,0.0,0.0,0.0,0.0,0.0
29002,0.05,0.3333333333333333,0.6666666666666666,0.0,0.012707012057390799
29004,0.008333333333333333,1.0,0.0,0.0,0.0
29005,0.0,0.0,0.0,0.0,0.0
29006,0.016666666666666666,0.0,1.0,0.0,0.0
29007,0.0,0.0,0.0,0.0,0.0
29011,0.016666666666666666,0.0,0.5,1.0,0.0
29013,0.0,0.0,0.0,0.0,0.0
29018,0.008333333333333333,1.0,0.0,0.0,0.0
29022,0.008333333333333333,0.0,1.0,0.0,0.0
29025,0.03333333333333333,0.25,0.75,0.0,0.0015251216069983996
29029,0.0,0.0,0.0,0.0,0.0
29032,0.05,0.0,0.6666666666666666,0.6666666666666666,0.015030589982174814
29037,0.0,0.0,0.0,0.0,0.0
29043,0.0,0.0,0.0,0.0,0.0
29067,0.008333333333333333,1.0,0.0,0.0,0.0
29082,0.025,0.0,1.0,0.0,0.0
29087,0.016666666666666666,0.5,0.5,0.0,0.0
29092,0.0,0.0,0.0,0.0,0.0
29135,0.08333333333333333,0.3,0.5,0.4,0.24980826542368964
29157,0.008333333333333333,0.0,1.0,0.0,0.0
29162,0.0,0.0,0.0,0.0,0.0
29167,0.0,0.0,0.0,0.0,0.0
29168,0.016666666666666666,0.0,1.0,0.0,0.26745660144772737
29171,0.016666666666666666,0.5,0.5,0.0,0.0
29176,0.008333333333333333,0.0,1.0,0.0,0.0
29181,0.016666666666666666,0.0,1.0,0.0,0.0016652016627502618
29183,0.016666666666666666,1.0,0.0,0.0,0.01289787113335271
29184,0.0,0.0,0.0,0.0,0.0
29186,0.008333333333333333,1.0,0.0,0.0,0.0
29188,0.016666666666666666,1.0,0.0,0.0,0.0011521584585590665
29189,0.058333333333333334,0.42857142857142855,0.42857142857142855,0.2857142857142857,0.010190824055947975
29208,0.0,0.0,0.0,0.0,0.0
29214,0.008333333333333333,1.0,0.0,0.0,0.0
29219,0.0,0.0,0.0,0.0,0.0
29221,0.0,0.0,0.0,0.0,0.0
29222,0.0,0.0,0.0,0.0,0.0
29242,0.0,0.0,0.0,0.0,0.0
29243,0.041666666666666664,0.8,0.2,0.0,0.15953367349440206
29246,0.016666666666666666,0.5,0.5,0.0,0.0
29250,0.008333333333333333,1.0,0.0,0.0,0.0
29251,0.008333333333333333,1.0,0.0,0.0,0.0
29259,0.05,0.0,1.0,0.0,0.12487086369860376
29263,0.0,0.0,0.0,0.0,0.0
29276,0.008333333333333333,1.0,0.0,0.0,0.0
29280,0.041666666666666664,0.0,0.6,0.8,0.3501948863775648
29283,0.016666666666666666,0.5,0.5,0.0,0.23240682049791456
29297,0.0,0.0,0.0,0.0,0.0
29335,0.008333333333333333,1.0,0.0,0.0,0.0
29341,0.008333333333333333,1.0,0.0,0.0,0.0
29345,0.008333333333333333,1.0,0.0,0.0,0.0
29360,0.0,0.0,0.0,0.0,0.0
29363,0.008333333333333333,1.0,0.0,0.0,0.0
29369,0.03333333333333333,0.75,0.25,0.0,0.010892975335404185
29372,0.008333333333333333,1.0,0.0,0.0,0.0
29374,0.0,0.0,0.0,0.0,0.0
29376,0.008333333333333333,1.0,0.0,0.0,0.0
29377,0.008333333333333333,0.0,1.0,0.0,0.0
29381,0.016666666666666666,1.0,0.0,0.0,0.039996357918550454
29382,0.008333333333333333,1.0,0.0,0.0,0.0
29383,0.008333333333333333,1.0,0.0,0.0,0.0
29397,0.008333333333333333,1.0,0.0,0.0,0.0
29399,0.0,0.0,0.0,0.0,0.0
29402,0.016666666666666666,0.0,1.0,0.0,0.0
29403,0.058333333333333334,0.8571428571428571,0.14285714285714285,0.0,0.024011472556566077
29404,0.0,0.0,0.0,0.0,0.0
29407,0.008333333333333333,0.0,1.0,0.0,0.0
29410,0.0,0.0,0.0,0.0,0.0
29413,0.0,0.0,0.0,0.0,0.0
29419,0.008333333333333333,1.0,0.0,0.0,0.0
29420,0.025,0.3333333333333333,0.6666666666666666,0.0,0.005027123000794954
29421,0.016666666666666666,0.0,1.0,0.0,0.026546921565674782
29422,0.0,0.0,0.0,0.0,0.0
29426,0.0,0.0,0.0,0.0,0.0
29427,0.008333333333333333,1.0,0.0,0.0,0.0
29429,0.008333333333333333,1.0,0.0,0.0,0.0
29430,0.025,0.3333333333333333,0.6666666666666666,0.0,0.002530196007018011
29437,0.041666666666666664,0.6,0.4,0.0,0.23771585461091013
29440,0.008333333333333333,1.0,0.0,0.0,0.0
29445,0.008333333333333333,0.0,1.0,0.0,0.0
29451,0.0,0.0,0.0,0.0,0.0
29453,0.008333333333333333,0.0,1.0,0.0,0.0
29454,0.0,0.0,0.0,0.0,0.0
29455,0.008333333333333333,1.0,0.0,0.0,0.0
29457,0.016666666666666666,1.0,0.0,0.0,6.653802648213454e-05
29458,0.008333333333333333,1.0,0.0,0.0,0.0
29462,0.03333333333333333,0.0,0.5,1.0,0.009033412595298213
29463,0.0,0.0,0.0,0.0,0.0
29466,0.008333333333333333,1.0,0.0,0.0,0.0
29467,0.058333333333333334,0.0,0.7142857142857143,0.5714285714285714,0.6209433691354609
29470,0.0,0.0,0.0,0.0,0.0
29471,0.008333333333333333,1.0,0.0,0.0,0.0
29472,0.008333333333333333,1.0,0.0,0.0,0.0
29473,0.016666666666666666,0.5,0.5,0.0,0.0
29475,0.016666666666666666,0.0,1.0,0.0,0.0
29476,0.0,0.0,0.0,0.0,0.0
29477,0.175,0.6666666666666666,0.23809523809523808,0.19047619047619047,0.5659987182674899
29483,0.075,0.2222222222222222,0.5555555555555556,0.4444444444444444,0.328037723559014
29485,0.025,0.6666666666666666,0.3333333333333333,0.0,0.006592517623822015
29486,0.0,0.0,0.0,0.0,0.0
29488,0.008333333333333333,1.0,0.0,0.0,0.0
29489,0.008333333333333333,1.0,0.0,0.0,0.0
29492,0.008333333333333333,0.0,1.0,0.0,0.0
29493,0.16666666666666666,0.2,0.6,0.4,0.7938634429576503
29495,0.008333333333333333,1.0,0.0,0.0,0.0
29496,0.06666666666666667,1.0,0.0,0.0,0.004925564960374855
29497,0.008333333333333333,1.0,0.0,0.0,0.0
29499,0.008333333333333333,1.0,0.0,0.0,0.0
29501,0.008333333333333333,1.0,0.0,0.0,0.0
29502,0.09166666666666666,0.5454545454545454,0.36363636363636365,0.18181818181818182,0.025366747095965345
29503,0.0,0.0,0.0,0.0,0.0
29504,0.016666666666666666,0.5,0.5,0.0,0.2978434675417001
29505,0.0,0.0,0.0,0.0,0.0
29507,0.008333333333333333,0.0,1.0,0.0,0.0
29511,0.0,0.0,0.0,0.0,0.0
29512,0.025,0.0,1.0,0.0,0.0037348844864840258
29513,0.025,0.0,0.6666666666666666,0.6666666666666666,0.11205003659591457
29514,0.016666666666666666,1.0,0.0,0.0,0.17139670321588787
29518,0.0,0.0,0.0,0.0,0.0
29519,0.16666666666666666,0.5,0.4,0.2,0.6826854047087911
29521,0.16666666666666666,0.65,0.3,0.1,0.04906829252918043
29522,0.06666666666666667,0.25,0.75,0.0,0.006949721765989263
29523,0.0,0.0,0.0,0.0,0.0
29525,0.008333333333333333,1.0,0.0,0.0,0.0
29526,0.008333333333333333,1.0,0.0,0.0,0.0
29530,0.008333333333333333,1.0,0.0,0.0,0.0
29532,0.0,0.0,0.0,0.0,0.0
29533,0.008333333333333333,0.0,1.0,0.0,0.0
29534,0.008333333333333333,0.0,1.0,0.0,0.0
29535,0.0,0.0,0.0,0.0,0.0
29537,0.03333333333333333,1.0,0.0,0.0,0.0016827116697192446
29538,0.008333333333333333,0.0,1.0,0.0,0.0
29539,0.008333333333333333,0.0,1.0,0.0,0.0
29542,0.475,0.42105263157894735,0.5789473684210527,0.0,0.711674972246639
29543,0.0,0.0,0.0,0.0,0.0
29544,0.025,0.3333333333333333,0.6666666666666666,0.0,0.0833616411779332
29545,0.0,0.0,0.0,0.0,0.0
29546,0.025,0.6666666666666666,0.3333333333333333,0.0,0.019858098903523365
29550,0.008333333333333333,1.0,0.0,0.0,0.0
29553,0.0,0.0,0.0,0.0,0.0
29555,0.016666666666666666,0.0,1.0,0.0,0.00013482705366116735
29556,0.041666666666666664,0.0,1.0,0.0,0.01037818113051609
29558,0.0,0.0,0.0,0.0,0.0
29559,0.008333333333333333,1.0,0.0,0.0,0.0
29560,0.0,0.0,0.0,0.0,0.0
29563,0.06666666666666667,0.625,0.375,0.0,0.5309927123350995
29564,0.008333333333333333,1.0,0.0,0.0,0.0
29565,0.008333333333333333,0.0,1.0,0.0,0.0
29570,0.03333333333333333,0.25,0.75,0.0,0.2547513403910335
29571,0.0,0.0,0.0,0.0,0.0
29573,0.016666666666666666,1.0,0.0,0.0,0.11520358885102837
29581,0.0,0.0,0.0,0.0,0.0
29582,0.0,0.0,0.0,0.0,0.0
29602,0.016666666666666666,0.5,0.5,0.0,0.0
29604,0.008333333333333333,1.0,0.0,0.0,0.0
29605,0.0,0.0,0.0,0.0,0.0
29606,0.0,0.0,0.0,0.0,0.0
29611,0.008333333333333333,1.0,0.0,0.0,0.0
29612,0.008333333333333333,0.0,1.0,0.0,0.0
29614,0.025,0.0,0.6666666666666666,0.6666666666666666,0.0
29620,0.008333333333333333,1.0,0.0,0.0,0.0
29648,0.025,0.6666666666666666,0.3333333333333333,0.0,0.6261631022129147
29650,0.016666666666666666,1.0,0.0,0.0,0.028142083200549114
29651,0.09166666666666666,0.09090909090909091,0.5454545454545454,0.7272727272727273,0.2288960641006335
29660,0.0,0.0,0.0,0.0,0.0
29662,0.0,0.0,0.0,0.0,0.0
29668,0.008333333333333333,1.0,0.0,0.0,0.0
29669,0.0,0.0,0.0,0.0,0.0
29670,0.0,0.0,0.0,0.0,0.0
29673,0.016666666666666666,0.5,0.5,0.0,0.0
29681,0.008333333333333333,1.0,0.0,0.0,0.0
29682,0.008333333333333333,1.0,0.0,0.0,0.0
29690,0.0,0.0,0.0,0.0,0.0
29767,0.058333333333333334,0.0,1.0,0.0,0.6214529103382583
29777,0.016666666666666666,0.5,0.5,0.0,0.0
29779,0.0,0.0,0.0,0.0,0.0
29782,0.016666666666666666,1.0,0.0,0.0,0.0712534713588816
29814,0.008333333333333333,1.0,0.0,0.0,0.0
29819,0.016666666666666666,0.5,0.5,0.0,0.02980378286190558
29821,0.0,0.0,0.0,0.0,0.0
29822,0.0,0.0,0.0,0.0,0.0
29823,0.016666666666666666,1.0,0.0,0.0,0.025375502099449835
29825,0.0,0.0,0.0,0.0,0.0
29826,0.0,0.0,0.0,0.0,0.0
29836,0.03333333333333333,0.5,0.5,0.0,0.16919569533988674
29837,0.0,0.0,0.0,0.0,0.0
29840,0.008333333333333333,1.0,0.0,0.0,0.0
29841,0.008333333333333333,1.0,0.0,0.0,0.0
29869,0.008333333333333333,0.0,1.0,0.0,0.0
29880,0.05,0.3333333333333333,0.3333333333333333,0.6666666666666666,0.053219915181526245
29924,0.0,0.0,0.0,0.0,0.0
29945,0.016666666666666666,0.5,0.5,0.0,0.0
29951,0.0,0.0,0.0,0.0,0.0
29954,0.008333333333333333,0.0,1.0,0.0,0.0
29975,0.016666666666666666,0.0,0.5,1.0,0.0
29976,0.06666666666666667,0.625,0.25,0.25,0.2770363262604579
29978,0.041666666666666664,0.2,0.6,0.4,0.17810303588500828
29980,0.0,0.0,0.0,0.0,0.0
30030,0.058333333333333334,0.5714285714285714,0.42857142857142855,0.0,0.9785152214490581
30031,0.025,0.3333333333333333,0.6666666666666666,0.0,0.005527909200107862
30064,0.008333333333333333,0.0,1.0,0.0,0.0
30067,0.008333333333333333,1.0,0.0,0.0,0.0
30081,0.0,0.0,0.0,0.0,0.0
30083,0.0,0.0,0.0,0.0,0.0
30088,0.0,0.0,0.0,0.0,0.0
30089,0.016666666666666666,0.5,0.5,0.0,0.24328228582634975
30100,0.0,0.0,0.0,0.0,0.0
30102,0.016666666666666666,0.0,0.5,1.0,0.0
30105,0.016666666666666666,0.0,0.5,1.0,0.0
30107,0.016666666666666666,0.0,0.5,1.0,0.0
30112,0.0,0.0,0.0,0.0,0.0
30117,0.025,0.3333333333333333,0.6666666666666666,0.0,0.0
30121,0.016666666666666666,0.0,0.5,1.0,0.0
30135,0.0,0.0,0.0,0.0,0.0
30139,0.016666666666666666,0.5,0.5,0.0,0.0
30141,0.0,0.0,0.0,0.0,0.0
30155,0.008333333333333333,1.0,0.0,0.0,0.0
30162,0.025,0.6666666666666666,0.3333333333333333,0.0,0.011251930478268331
30170,0.0,0.0,0.0,0.0,0.0
30173,0.008333333333333333,1.0,0.0,0.0,0.0
30176,0.041666666666666664,0.4,0.4,0.4,0.05328470220731148
30177,0.0,0.0,0.0,0.0,0.0
30195,0.025,0.6666666666666666,0.3333333333333333,0.0,0.03179467065427892
30201,0.016666666666666666,0.0,0.5,1.0,0.0
30205,0.008333333333333333,1.0,0.0,0.0,0.0
30209,0.008333333333333333,1.0,0.0,0.0,0.0
30229,0.0,0.0,0.0,0.0,0.0
30239,0.125,0.8,0.2,0.0,0.22760732758771637
30254,0.008333333333333333,0.0,1.0,0.0,0.0
30255,0.008333333333333333,1.0,0.0,0.0,0.0
30256,0.0,0.0,0.0,0.0,0.0
30262,0.0,0.0,0.0,0.0,0.0
30271,0.016666666666666666,0.5,0.5,0.0,0.37677507695648066
30272,0.025,1.0,0.0,0.0,0.013393404330574924
30286,0.008333333333333333,1.0,0.0,0.0,0.0
30290,0.025,1.0,0.0,0.0,0.05812271713284142
30301,0.008333333333333333,0.0,1.0,0.0,0.0
30303,0.016666666666666666,1.0,0.0,0.0,0.00013307605296426908
30318,0.0,0.0,0.0,0.0,0.0
30329,0.008333333333333333,1.0,0.0,0.0,0.0
30336,0.0,0.0,0.0,0.0,0.0
30343,0.008333333333333333,1.0,0.0,0.0,0.0
30348,0.008333333333333333,1.0,0.0,0.0,0.0
30356,0.125,0.6,0.3333333333333333,0.13333333333333333,0.3510808927301953
30367,0.06666666666666667,0.75,0.25,0.0,0.0048502719304082285
30369,0.0,0.0,0.0,0.0,0.0
30370,0.0,0.0,0.0,0.0,0.0
30381,0.0,0.0,0.0,0.0,0.0
30393,0.008333333333333333,1.0,0.0,0.0,0.0
30395,0.0,0.0,0.0,0.0,0.0
30397,0.0,0.0,0.0,0.0,0.0
30399,0.0,0.0,0.0,0.0,0.0
30415,0.008333333333333333,1.0,0.0,0.0,0.0
30417,0.016666666666666666,1.0,0.0,0.0,0.17242103862357339
30436,0.0,0.0,0.0,0.0,0.0
30451,0.1,0.16666666666666666,0.5,0.6666666666666666,0.21571453085438327
30459,0.0,0.0,0.0,0.0,0.0
30460,0.0,0.0,0.0,0.0,0.0
30462,0.0,0.0,0.0,0.0,0.0
30472,0.0,0.0,0.0,0.0,0.0
30498,0.016666666666666666,0.0,0.5,1.0,0.0
30502,0.025,0.0,1.0,0.0,0.0
30505,0.0,0.0,0.0,0.0,0.0
30507,0.0,0.0,0.0,0.0,0.0
30518,0.016666666666666666,1.0,0.0,0.0,0.08561342807414438
30520,0.008333333333333333,1.0,0.0,0.0,0.0
30524,0.0,0.0,0.0,0.0,0.0
30525,0.175,0.5238095238095238,0.42857142857142855,0.09523809523809523,0.6031514510542776
30533,0.0,0.0,0.0,0.0,0.0
30537,0.016666666666666666,0.0,1.0,0.0,0.02197856074746718
30562,0.016666666666666666,1.0,0.0,0.0,0.01262471502463658
30572,0.008333333333333333,1.0,0.0,0.0,0.0
30578,0.0,0.0,0.0,0.0,0.0
30582,0.0,0.0,0.0,0.0,0.0
30591,0.0,0.0,0.0,0.0,0.0
30594,0.0,0.0,0.0,0.0,0.0
30595,0.008333333333333333,0.0,1.0,0.0,0.0
30599,0.008333333333333333,0.0,1.0,0.0,0.0
30613,0.008333333333333333,0.0,1.0,0.0,0.0
30621,0.025,0.6666666666666666,0.3333333333333333,0.0,0.041377897468403195
30622,0.03333333333333333,0.0,1.0,0.0,0.004465051777090607
30624,0.025,1.0,0.0,0.0,0.0002801601115037244
30645,0.008333333333333333,1.0,0.0,0.0,0.0
30660,0.008333333333333333,1.0,0.0,0.0,0.0
30668,0.008333333333333333,0.0,1.0,0.0,0.0
30684,0.008333333333333333,1.0,0.0,0.0,0.0
30686,0.0,0.0,0.0,0.0,0.0
30706,0.016666666666666666,0.0,1.0,0.0,0.0
30709,0.008333333333333333,1.0,0.0,0.0,0.0
30756,0.008333333333333333,1.0,0.0,0.0,0.0
30773,0.025,1.0,0.0,0.0,0.0016879646718099394
30776,0.0,0.0,0.0,0.0,0.0
30784,0.008333333333333333,0.0,1.0,0.0,0.0
30789,0.0,0.0,0.0,0.0,0.0
30790,0.041666666666666664,0.2,0.6,0.4,0.07180503657840456
30791,0.008333333333333333,0.0,1.0,0.0,0.0
30792,0.008333333333333333,1.0,0.0,0.0,0.0
30793,0.016666666666666666,0.0,0.5,1.0,0.0
30794,0.0,0.0,0.0,0.0,0.0
30795,0.008333333333333333,1.0,0.0,0.0,0.0
30796,0.016666666666666666,0.0,1.0,0.0,0.08501283483510827
30798,0.0,0.0,0.0,0.0,0.0
30800,0.016666666666666666,0.0,1.0,0.0,0.012892618131262017
30801,0.008333333333333333,0.0,1.0,0.0,0.0
30805,0.025,0.3333333333333333,0.6666666666666666,0.0,0.0
30837,0.0,0.0,0.0,0.0,0.0
30840,0.03333333333333333,0.75,0.25,0.0,0.4757749053584123
30875,0.025,1.0,0.0,0.0,0.07391499241816699
30881,0.008333333333333333,1.0,0.0,0.0,0.0
30883,0.0,0.0,0.0,0.0,0.0
30889,0.016666666666666666,1.0,0.0,0.0,0.05505146191048184
30897,0.0,0.0,0.0,0.0,0.0
30903,0.0,0.0,0.0,0.0,0.0
30909,0.016666666666666666,0.5,0.5,0.0,0.0
30910,0.008333333333333333,1.0,0.0,0.0,0.0
30912,0.008333333333333333,1.0,0.0,0.0,0.0
30928,0.0,0.0,0.0,0.0,0.0
30931,0.0,0.0,0.0,0.0,0.0
30977,0.008333333333333333,1.0,0.0,0.0,0.0
31004,0.008333333333333333,0.0,1.0,0.0,0.0
31020,0.03333333333333333,0.0,1.0,0.0,0.156556972309675
31022,0.06666666666666667,0.875,0.125,0.0,0.11519833584893767
31042,0.03333333333333333,0.5,0.5,0.0,0.3037443398902473
31099,0.0,0.0,0.0,0.0,0.0
31101,0.03333333333333333,0.75,0.25,0.0,0.060413026044384366
31103,0.058333333333333334,0.42857142857142855,0.5714285714285714,0.0,0.07162643450732094
31107,0.016666666666666666,1.0,0.0,0.0,0.44709876694530926
31108,0.025,0.6666666666666666,0.3333333333333333,0.0,5.077902021005005e-05
31115,0.0,0.0,0.0,0.0,0.0
31119,0.008333333333333333,1.0,0.0,0.0,0.0
31124,0.008333333333333333,1.0,0.0,0.0,0.0
31128,0.0,0.0,0.0,0.0,0.0
31129,0.0,0.0,0.0,0.0,0.0
31136,0.06666666666666667,0.125,0.625,0.5,0.23263795258990513
31140,0.008333333333333333,0.0,1.0,0.0,0.0
31144,0.0,0.0,0.0,0.0,0.0
31148,0.016666666666666666,0.5,0.5,0.0,0.0
31160,0.008333333333333333,1.0,0.0,0.0,0.0
31169,0.025,0.6666666666666666,0.3333333333333333,0.0,0.024239102647162853
31175,0.0,0.0,0.0,0.0,0.0
31176,0.025,0.3333333333333333,0.3333333333333333,0.6666666666666666,0.0011118854425304062
31178,0.1,0.8333333333333334,0.16666666666666666,0.0,0.004423027760365049
31179,0.008333333333333333,1.0,0.0,0.0,0.0
31183,0.008333333333333333,0.0,1.0,0.0,0.0
31185,0.025,0.3333333333333333,0.6666666666666666,0.0,0.4401385391751386
31191,0.0,0.0,0.0,0.0,0.0
31201,0.041666666666666664,1.0,0.0,0.0,0.3284719717318448
31205,0.008333333333333333,1.0,0.0,0.0,0.0
31222,0.016666666666666666,0.5,0.5,0.0,0.0
31230,0.016666666666666666,0.0,0.5,1.0,0.0
31241,0.0,0.0,0.0,0.0,0.0
31251,0.03333333333333333,0.0,1.0,0.0,0.2964199039751218
31255,0.03333333333333333,1.0,0.0,0.0,0.033344306271033894
31276,0.0,0.0,0.0,0.0,0.0
31279,0.008333333333333333,1.0,0.0,0.0,0.0
31289,0.03333333333333333,0.75,0.25,0.0,0.13170151741720393
31307,0.008333333333333333,1.0,0.0,0.0,0.0
31316,0.008333333333333333,0.0,1.0,0.0,0.0
31317,0.008333333333333333,1.0,0.0,0.0,0.0
31318,0.016666666666666666,0.0,0.5,1.0,0.0
31335,0.03333333333333333,0.25,0.75,0.0,0.07052680606966882
31347,0.016666666666666666,0.0,0.5,1.0,0.0
31350,0.016666666666666666,1.0,0.0,0.0,0.018115853210109577
31353,0.008333333333333333,1.0,0.0,0.0,0.0
31355,0.008333333333333333,0.0,1.0,0.0,0.0
31357,0.008333333333333333,1.0,0.0,0.0,0.0
31360,0.0,0.0,0.0,0.0,0.0
31362,0.0,0.0,0.0,0.0,0.0
31365,0.0,0.0,0.0,0.0,0.0
31367,0.008333333333333333,0.0,1.0,0.0,0.0
31370,0.0,0.0,0.0,0.0,0.0
31371,0.008333333333333333,1.0,0.0,0.0,0.0
31373,0.016666666666666666,1.0,0.0,0.0,0.006767617693511842
31374,0.03333333333333333,0.75,0.25,0.0,0.008804031504004538
31375,0.008333333333333333,1.0,0.0,0.0,0.0
31378,0.0,0.0,0.0,0.0,0.0
31382,0.0,0.0,0.0,0.0,0.0
31385,0.008333333333333333,1.0,0.0,0.0,0.0
31387,0.05,0.5,0.5,0.0,0.011857776719395134
31388,0.025,0.6666666666666666,0.3333333333333333,0.0,0.0892555095236928
31394,0.008333333333333333,0.0,1.0,0.0,0.0
31395,0.008333333333333333,1.0,0.0,0.0,0.0
31397,0.008333333333333333,1.0,0.0,0.0,0.0
31402,0.041666666666666664,0.8,0.2,0.0,0.09778988692037499
31403,0.0,0.0,0.0,0.0,0.0
31406,0.008333333333333333,1.0,0.0,0.0,0.0
31408,0.008333333333333333,0.0,1.0,0.0,0.0
31412,0.0,0.0,0.0,0.0,0.0
31415,0.016666666666666666,1.0,0.0,0.0,0.024596306789330103
31416,0.03333333333333333,0.5,0.5,0.0,3.502001393796555e-05
31417,0.016666666666666666,1.0,0.0,0.0,0.0004762721895563315
31418,0.0,0.0,0.0,0.0,0.0
31419,0.008333333333333333,0.0,1.0,0.0,0.0
31422,0.0,0.0,0.0,0.0,0.0
31423,0.016666666666666666,0.5,0.5,0.0,0.0
31426,0.0,0.0,0.0,0.0,0.0
31429,0.008333333333333333,1.0,0.0,0.0,0.0
31432,0.025,0.6666666666666666,0.3333333333333333,0.0,0.06526329797479259
31435,0.016666666666666666,1.0,0.0,0.0,0.06501990887792373
31439,0.016666666666666666,0.5,0.5,0.0,0.0
31440,0.016666666666666666,0.0,0.5,1.0,0.0
31469,0.008333333333333333,1.0,0.0,0.0,0.0
31470,0.008333333333333333,1.0,0.0,0.0,0.0
31471,0.03333333333333333,0.5,0.5,0.0,0.0038399445282979224
31472,0.008333333333333333,1.0,0.0,0.0,0.0
31473,0.008333333333333333,0.0,1.0,0.0,0.0
31478,0.008333333333333333,1.0,0.0,0.0,0.0
31489,0.0,0.0,0.0,0.0,0.0
31509,0.0,0.0,0.0,0.0,0.0
31514,0.008333333333333333,1.0,0.0,0.0,0.0
31520,0.008333333333333333,0.0,1.0,0.0,0.0
31531,0.0,0.0,0.0,0.0,0.0
31538,0.06666666666666667,0.875,0.125,0.0,0.22131598208376088
31549,0.0,0.0,0.0,0.0,0.0
31551,0.05,0.16666666666666666,0.8333333333333334,0.0,0.0972803457175776
31559,0.008333333333333333,1.0,0.0,0.0,0.0
31563,0.0,0.0,0.0,0.0,0.0
31573,0.025,0.6666666666666666,0.3333333333333333,0.0,0.18685278636740899
31575,0.025,1.0,0.0,0.0,0.09519140188617796
31576,0.0,0.0,0.0,0.0,0.0
31578,0.016666666666666666,0.5,0.5,0.0,0.0
31585,0.0,0.0,0.0,0.0,0.0
31604,0.0,0.0,0.0,0.0,0.0
31615,0.008333333333333333,1.0,0.0,0.0,0.0
31625,0.008333333333333333,1.0,0.0,0.0,0.0
31629,0.008333333333333333,1.0,0.0,0.0,0.0
31631,0.025,1.0,0.0,0.0,0.024144548609530348
31634,0.0,0.0,0.0,0.0,0.0
31637,0.008333333333333333,1.0,0.0,0.0,0.0
31649,0.0,0.0,0.0,0.0,0.0
31650,0.0,0.0,0.0,0.0,0.0
31710,0.0,0.0,0.0,0.0,0.0
31712,0.0,0.0,0.0,0.0,0.0
31731,0.03333333333333333,0.5,0.5,0.0,0.031820935664732396
31734,0.08333333333333333,0.6,0.4,0.0,0.22237008450329362
31740,0.025,0.3333333333333333,0.6666666666666666,0.0,0.2690850320958428
31754,0.025,0.6666666666666666,0.3333333333333333,0.0,0.001400800557518622
31774,0.0,0.0,0.0,0.0,0.0
31799,0.0,0.0,0.0,0.0,0.0
31807,0.0,0.0,0.0,0.0,0.0
31809,0.016666666666666666,1.0,0.0,0.0,0.021878753707743975
31846,0.008333333333333333,1.0,0.0,0.0,0.0
31886,0.008333333333333333,1.0,0.0,0.0,0.0
31894,0.008333333333333333,1.0,0.0,0.0,0.0
31896,0.008333333333333333,1.0,0.0,0.0,0.0
31912,0.0,0.0,0.0,0.0,0.0
31915,0.06666666666666667,0.25,0.75,0.0,0.49143235359007675
31930,0.008333333333333333,0.0,1.0,0.0,0.0
31931,0.0,0.0,0.0,0.0,0.0
31933,0.008333333333333333,1.0,0.0,0.0,0.0
31966,0.1,0.75,0.16666666666666666,0.16666666666666666,0.34776624841096687
31976,0.1,0.6666666666666666,0.3333333333333333,0.0,0.7876526434857521
31978,0.008333333333333333,1.0,0.0,0.0,0.0
31990,0.0,0.0,0.0,0.0,0.0
32018,0.008333333333333333,0.0,1.0,0.0,0.0
32033,0.0,0.0,0.0,0.0,0.0
32044,0.008333333333333333,0.0,1.0,0.0,0.0
32047,0.008333333333333333,1.0,0.0,0.0,0.0
32053,0.008333333333333333,0.0,1.0,0.0,0.0
32067,0.0,0.0,0.0,0.0,0.0
32093,0.016666666666666666,0.5,0.5,0.0,0.0
32110,0.0,0.0,0.0,0.0,0.0
32119,0.025,0.3333333333333333,0.6666666666666666,0.0,0.09135145735788003
32121,0.0,0.0,0.0,0.0,0.0
32130,0.008333333333333333,1.0,0.0,0.0,0.0
32155,0.016666666666666666,0.0,1.0,0.0,0.0
32163,0.008333333333333333,1.0,0.0,0.0,0.0
32169,0.0,0.0,0.0,0.0,0.0
32184,0.008333333333333333,1.0,0.0,0.0,0.0
32193,0.008333333333333333,1.0,0.0,0.0,0.0
32195,0.016666666666666666,0.5,0.5,0.0,0.0
32201,0.008333333333333333,1.0,0.0,0.0,0.0
32206,0.0,0.0,0.0,0.0,0.0
32207,0.13333333333333333,0.0,0.5,1.0,0.19303556982815678
32209,0.008333333333333333,0.0,1.0,0.0,0.0
32210,0.008333333333333333,1.0,0.0,0.0,0.0
32212,0.008333333333333333,0.0,1.0,0.0,0.0
32213,0.0,0.0,0.0,0.0,0.0
32224,0.016666666666666666,0.0,1.0,0.0,0.0
32229,0.008333333333333333,0.0,1.0,0.0,0.0
32230,0.008333333333333333,1.0,0.0,0.0,0.0
32231,0.008333333333333333,0.0,1.0,0.0,0.0
32238,0.008333333333333333,1.0,0.0,0.0,0.0
32245,0.1,0.9166666666666666,0.08333333333333333,0.0,0.5939464403906833
32250,0.0,0.0,0.0,0.0,0.0
32257,0.008333333333333333,1.0,0.0,0.0,0.0
32267,0.025,0.6666666666666666,0.3333333333333333,0.0,0.014459763754985975
32268,0.008333333333333333,1.0,0.0,0.0,0.0
32269,0.03333333333333333,0.5,0.5,0.0,0.14002577473025835
32288,0.0,0.0,0.0,0.0,0.0
32292,0.0,0.0,0.0,0.0,0.0
32296,0.03333333333333333,1.0,0.0,0.0,0.1437343942062889
32297,0.008333333333333333,0.0,1.0,0.0,0.0
32298,0.008333333333333333,1.0,0.0,0.0,0.0
32299,0.0,0.0,0.0,0.0,0.0
32300,0.008333333333333333,0.0,1.0,0.0,0.0
32304,0.0,0.0,0.0,0.0,0.0
32314,0.025,0.3333333333333333,0.3333333333333333,0.6666666666666666,0.26645678004979845
32324,0.075,0.5555555555555556,0.3333333333333333,0.2222222222222222,0.14643443728090605
32328,0.025,0.6666666666666666,0.3333333333333333,0.0,0.39558607744325885
32336,0.025,0.6666666666666666,0.3333333333333333,0.0,0.002209762879485626
32338,0.0,0.0,0.0,0.0,0.0
32346,0.0,0.0,0.0,0.0,0.0
32350,0.008333333333333333,1.0,0.0,0.0,0.0
32351,0.14166666666666666,0.29411764705882354,0.7058823529411765,0.0,0.0793833675945803
32355,0.1,0.6666666666666666,0.3333333333333333,0.0,0.34350781471611025
32366,0.0,0.0,0.0,0.0,0.0
32367,0.0,0.0,0.0,0.0,0.0
32369,0.0,0.0,0.0,0.0,0.0
32380,0.0,0.0,0.0,0.0,0.0
32386,0.0,0.0,0.0,0.0,0.0
32389,0.016666666666666666,0.5,0.5,0.0,0.0
32390,0.008333333333333333,1.0,0.0,0.0,0.0
32425,0.008333333333333333,0.0,1.0,0.0,0.0
32426,0.008333333333333333,0.0,1.0,0.0,0.0
32430,0.008333333333333333,1.0,0.0,0.0,0.0
32432,0.016666666666666666,0.0,0.5,1.0,0.0
32438,0.13333333333333333,0.75,0.1875,0.125,0.4826335750881629
32458,0.0,0.0,0.0,0.0,0.0
32461,0.0,0.0,0.0,0.0,0.0
32473,0.03333333333333333,0.75,0.25,0.0,0.05213429474944931
32475,0.025,1.0,0.0,0.0,0.062470451863239844
32488,0.03333333333333333,0.0,1.0,0.0,0.38357421266253666
32506,0.016666666666666666,0.0,0.5,1.0,0.0
32521,0.008333333333333333,1.0,0.0,0.0,0.0
32523,0.008333333333333333,1.0,0.0,0.0,0.0
32524,0.025,0.3333333333333333,0.3333333333333333,0.6666666666666666,0.027721843033293527
32565,0.0,0.0,0.0,0.0,0.0
32583,0.0,0.0,0.0,0.0,0.0
32584,0.016666666666666666,0.0,0.5,1.0,0.0
32585,0.0,0.0,0.0,0.0,0.0
32593,0.016666666666666666,0.5,0.5,0.0,0.0
32605,0.008333333333333333,1.0,0.0,0.0,0.0
32607,0.008333333333333333,1.0,0.0,0.0,0.0
32613,0.008333333333333333,1.0,0.0,0.0,0.0
32614,0.008333333333333333,1.0,0.0,0.0,0.0
32621,0.016666666666666666,1.0,0.0,0.0,0.0006653802648213454
32622,0.016666666666666666,0.0,0.5,1.0,0.0
32624,0.0,0.0,0.0,0.0,0.0
32626,0.008333333333333333,1.0,0.0,0.0,0.0
32627,0.0,0.0,0.0,0.0,0.0
32629,0.0,0.0,0.0,0.0,0.0
32630,0.008333333333333333,0.0,1.0,0.0,0.0
32631,0.0,0.0,0.0,0.0,0.0
32636,0.0,0.0,0.0,0.0,0.0
32638,0.008333333333333333,1.0,0.0,0.0,0.0
32639,0.008333333333333333,1.0,0.0,0.0,0.0
32640,0.0,0.0,0.0,0.0,0.0
32642,0.0,0.0,0.0,0.0,0.0
32647,0.0,0.0,0.0,0.0,0.0
32650,0.008333333333333333,1.0,0.0,0.0,0.0
32652,0.14166666666666666,0.5294117647058824,0.35294117647058826,0.23529411764705882,0.2722193233432907
32654,0.0,0.0,0.0,0.0,0.0
32656,0.008333333333333333,0.0,1.0,0.0,0.0
32657,0.0,0.0,0.0,0.0,0.0
32658,0.008333333333333333,0.0,1.0,0.0,0.0
32664,0.0,0.0,0.0,0.0,0.0
32669,0.03333333333333333,0.75,0.25,0.0,0.31258689340958357
32671,0.03333333333333333,0.0,0.5,1.0,6.128502439143971e-05
32673,0.008333333333333333,1.0,0.0,0.0,0.0
32675,0.016666666666666666,1.0,0.0,0.0,0.006060213411964938
32679,0.0,0.0,0.0,0.0,0.0
32686,0.025,0.6666666666666666,0.3333333333333333,0.0,0.017096770804514782
32687,0.008333333333333333,1.0,0.0,0.0,0.0
32691,0.0,0.0,0.0,0.0,0.0
32708,0.0,0.0,0.0,0.0,0.0
32714,0.0,0.0,0.0,0.0,0.0
32717,0.008333333333333333,1.0,0.0,0.0,0.0
32739,0.008333333333333333,1.0,0.0,0.0,0.0
32743,0.058333333333333334,0.8571428571428571,0.14285714285714285,0.0,0.08799829102331982
32744,0.0,0.0,0.0,0.0,0.0
32746,0.008333333333333333,0.0,1.0,0.0,0.0
32747,0.008333333333333333,1.0,0.0,0.0,0.0
32750,0.016666666666666666,1.0,0.0,0.0,0.0006513722592461592
32758,0.0,0.0,0.0,0.0,0.0
32781,0.008333333333333333,1.0,0.0,0.0,0.0
32796,0.041666666666666664,0.2,0.4,0.8,0.15558166492150263
32809,0.0,0.0,0.0,0.0,0.0
32833,0.0,0.0,0.0,0.0,0.0
32842,0.016666666666666666,1.0,0.0,0.0,0.007625608034991998
32846,0.0,0.0,0.0,0.0,0.0
32850,0.008333333333333333,1.0,0.0,0.0,0.0
32862,0.025,1.0,0.0,0.0,0.32798869553950083
32885,0.0,0.0,0.0,0.0,0.0
32892,0.008333333333333333,1.0,0.0,0.0,0.0
32897,0.025,0.3333333333333333,0.6666666666666666,0.0,0.0
32901,0.0,0.0,0.0,0.0,0.0
32904,0.0,0.0,0.0,0.0,0.0
32906,0.008333333333333333,0.0,1.0,0.0,0.0
32907,0.0,0.0,0.0,0.0,0.0
32908,0.008333333333333333,1.0,0.0,0.0,0.0
