node,degree,betweenness,closeness,eigenvector,pagerank,clustering
4,0.1492,0.009017297620377467,0.0760027183836618,0.16738721050538866,0.06737635381020354,0.023588477827952765
9,0.006600000000000001,2.5706140794711804e-05,0.003312585572165627,0.006883404389275918,0.005680346083109637,0.11586452762923351
16,0.0038,3.658416365486241e-06,0.0019045702065152437,0.020481959325191975,0.0009679400345059102,0.3894736842105263
19,0.0728,0.00240673539468481,0.03639542070197366,0.09174704529805276,0.04602487329540017,0.03922235172235172
20,0.019000000000000003,2.446323411769671e-05,0.008271952250391124,0.051435266751081635,0.0031027068187023917,0.23449897149573906
49,0.0132,5.887420896356627e-05,0.0056343631910062975,0.014344691862357588,0.007399688881718562,0.14097744360902256
61,0.002,0.0,0.0010015020326745727,0.011941318473280359,0.0,0.45454545454545453
65,0.0228,3.5590885637924376e-05,0.010310298955357844,0.046147899815902865,0.018321133595428946,0.17513801637159718
66,0.006600000000000001,8.492469470554253e-06,0.002909891886128557,0.02013985092406222,0.0005903962185785859,0.2850574712643678
71,0.1228,0.00468925917832609,0.06341019547910642,0.19779544101318006,0.0837703802006669,0.048992164401425474
83,0.1018,0.002702684434577762,0.05044615303303224,0.1690099814514044,0.08576330269538256,0.05466042966042966
102,0.0034000000000000002,1.3605274577083393e-07,0.0016033665244477024,0.01671162444496738,7.002367966840685e-05,0.3897058823529412
115,0.0002,0.0,0.00010006003201601388,0.0006885856343224524,0.0,1.0
150,0.0006000000000000001,0.0,0.00030024016811047716,0.003922808620795975,0.0,0.8333333333333334
191,0.0048000000000000004,4.499147193179251e-06,0.002205955063729892,0.005232768853644761,0.0026708691138232345,0.2015810276679842
193,0.005600000000000001,9.590280296652204e-06,0.0024069790354728227,0.01920117868592942,0.0017707197638222021,0.3466666666666667
202,0.0204,0.00016774333536297422,0.010208185942121473,0.020853048429576963,0.007503496269003281,0.039992234517569406
205,0.26860000000000006,0.030495846376924908,0.15455222393842627,0.3510949366403488,0.6657711286886072,0.01747394202442311
208,0.0038,7.040401926360648e-07,0.0018041488566566954,0.02117798972014969,0.00011672497866972243,0.4678362573099415
210,0.0064,8.957496246009731e-06,0.0024069790354728227,0.016302695705096685,0.0006639224545577121,0.27666666666666667
221,0.059800000000000006,0.001221350318551095,0.02945703046948367,0.07036852342797001,0.03178964632612325,0.03308886235715504
276,0.0068000000000000005,2.140276215880995e-06,0.0028092689578591568,0.025501612706681217,0.0006983067862320033,0.28078817733990147
287,0.0038,0.0,0.0018041488566566954,0.015571936541186146,0.0004468632829685439,0.3157894736842105
292,0.024600000000000004,6.562168103814027e-05,0.011844474631958146,0.04249140727048957,0.009748838718658958,0.10575112270027524
297,0.039200000000000006,0.0001415456361087024,0.016888741052315748,0.07820345077388265,0.0243461870125511,0.1713440588702114
301,0.37920000000000004,0.07000634854797813,0.22923557717689302,0.4536101747451729,0.2560006092196576,0.015454670977689306
325,0.033,0.0003259332337444745,0.01626837580615259,0.05691300007922945,0.010062745001261591,0.07453416149068323
329,0.019200000000000002,8.80717617361487e-05,0.009697930278060207,0.038686290970793805,0.008711334547150267,0.08419243986254296
331,0.1332,0.00753733708854877,0.07115963282344984,0.1914035802497913,0.06846749452300778,0.02524685206993387
337,0.005000000000000001,1.2587487195936406e-06,0.002205955063729892,0.019163157948329224,0.00033016101962038413,0.4980237154150198
339,0.05740000000000001,0.0011080652090431707,0.02734078936270845,0.08100687043760632,0.028295684930110167,0.05922108642392498
340,0.004200000000000001,5.473133348893633e-06,0.0017037476313173094,0.01003995875744585,0.0020756063268023276,0.38562091503267976
342,0.0006000000000000001,2.146744533437948e-07,0.00020014008604940514,0.00024345609311803452,0.00013600782317690636,0.6666666666666666
352,0.2396,0.02450909695924188,0.1337305391650876,0.29056924242090454,0.1358971127031898,0.015814896278086858
355,0.030000000000000002,0.0002522190131682051,0.01286984905411015,0.03944318460185829,0.008822319987869096,0.07787893700787402
359,0.0152,3.5537562940502856e-05,0.007255859522650399,0.041758873667056884,0.007295894294738348,0.20015220700152206
367,0.09,0.0010773227953694644,0.031156309867939047,0.11569578149901318,0.03856819408632472,0.0924310974143772
370,0.25980000000000003,0.025040930936245178,0.1446362149164684,0.43581428487602764,0.19044140118346112,0.03167814225723363
371,0.0058000000000000005,6.597445320913668e-06,0.0023064569722013317,0.012129484089656861,0.001971087595707286,0.30434782608695654
380,0.0084,2.885962432464622e-05,0.00381640757517987,0.01860520639687473,0.0030709861824505026,0.23751686909581646
381,0.0344,0.0001886967343248179,0.014617762257648659,0.048490524825058695,0.017476301175930683,0.1010536398467433
385,0.040600000000000004,0.0007239772905208017,0.020522684369787214,0.041185976076410294,0.01693915514239545,0.035761785133737255
393,0.0238,6.160633645706011e-05,0.010718957484925129,0.05056458190010195,0.012073912024294515,0.17615940751190265
399,0.0034000000000000002,2.4852432114704443e-06,0.001503005530002266,0.01173165175778082,0.0010549683506389878,0.3333333333333333
400,0.1112,0.0035124568291985034,0.054880662827545335,0.20215245950154517,0.0555137432052837,0.058843939170234755
403,0.0878,0.003833243969377586,0.044300097559132334,0.10175165717484592,0.05029961969144578,0.025860155382907882
409,0.0302,0.00023565158737549058,0.014103044342102855,0.04162389187659969,0.018595603529483494,0.08335046248715314
419,0.047400000000000005,0.0006337309849196106,0.020418497091599708,0.07242605866063753,0.026388220021322104,0.08044776119402985
425,0.003,9.589252067720542e-07,0.0014026646419362798,0.009681152938110928,3.65985375747242e-05,0.4
431,0.060000000000000005,0.0009171924822377478,0.02945703046948367,0.09172418108941463,0.05221982527695842,0.06483760142296728
437,0.0148,7.627796515561861e-05,0.006444458383373597,0.03742018012375692,0.010159761260436566,0.2110576923076923
440,0.0108,4.1430904096187016e-05,0.004623575890008391,0.024813907872936504,0.0030701308526528254,0.18593894542090658
441,0.0086,8.204891603725536e-06,0.0030105350056146563,0.01974156275282429,0.0012344762480433315,0.2731182795698925
456,0.0784,0.0016546344297408764,0.03661039280913525,0.11387233862585779,0.07782289296468334,0.06922104319713193
461,0.075,0.000978970208868539,0.03532189594976365,0.14967416670020417,0.06288668813786313,0.10258784791891754
471,0.033800000000000004,0.000285254965281973,0.01523611374071332,0.052900137250440835,0.015173034893059283,0.08741721854304636
476,0.0122,1.4202268607432592e-05,0.00472456319211112,0.02560336581367072,0.0023283982757589853,0.23847517730496454
477,0.017800000000000003,2.8376210468446945e-05,0.0068499955123555445,0.03530250415610671,0.01122891736674948,0.30392156862745096
479,0.0142,5.080148654982658e-05,0.0068499955123555445,0.03683950866183293,0.0109562996992496,0.2591645353793691
486,0.007000000000000001,9.131660117022809e-06,0.003111198322395703,0.014673685324998957,0.003126782807281634,0.2056451612903226
494,0.023600000000000003,6.807518559122118e-05,0.010616761868516233,0.06137585449839547,0.02021421935183213,0.2186882300089847
496,0.007000000000000001,4.903955251098024e-06,0.0032118818425515006,0.029024882078550186,0.00040232452755483317,0.4090909090909091
498,0.0144,4.5056535482918386e-05,0.006343125130060079,0.027719910169176996,0.010859659988864496,0.24851190476190477
503,0.151,0.005399407791724524,0.07623443391782403,0.22877795777090854,0.1024765623758522,0.038145553935279256
510,0.0106,4.062332096896655e-05,0.005128715471710565,0.01633586061479473,0.0036813497559124424,0.11764705882352941
514,0.015600000000000001,4.895283710643359e-05,0.006647186112386683,0.03699266015573335,0.009477420389897592,0.2265943012211669
515,0.050600000000000006,0.0007549443625879209,0.024917840829175697,0.07739121474309554,0.04225129878179722,0.05849018417324428
519,0.1348,0.005293586594638994,0.06533702568836586,0.19364479423190234,0.07167474430132412,0.03816866906493934
521,0.0134,2.9756296911700353e-05,0.005836764729032939,0.028507451148848856,0.004561766845187889,0.2571595558153127
524,0.0036,5.883268308699801e-06,0.0016033665244477024,0.007590177516473477,0.0014582748777689594,0.27205882352941174
526,0.0112,6.865164507941397e-06,0.0049265987054252225,0.034030384810156286,0.0018120368880105522,0.37551020408163266
527,0.030000000000000002,0.00020421006066807608,0.011844474631958146,0.05467231257242329,0.01312896944684962,0.14848616543531798
529,0.166,0.005145746129956978,0.07646624925408951,0.3215704191408741,0.09072323147711736,0.07126245518115727
533,0.0568,0.0008292777135281525,0.026813087601515795,0.08766472926795087,0.028786972406958496,0.08092772951946418
534,0.0022,1.2161423947755708e-06,0.0009012615859320672,0.004326111758438885,0.00026277844694309286,0.35555555555555557
538,0.0078000000000000005,1.8115060296710416e-05,0.003715602706946264,0.015493664130739628,0.005279398728276967,0.17354196301564723
545,0.005600000000000001,3.1804782532956527e-06,0.0021054733039971296,0.018020498989628788,0.003227204858169218,0.4155844155844156
550,0.04020000000000001,0.0005018965866644318,0.01958576393331457,0.07766864239594692,0.04036252772604019,0.08927029360967184
554,0.077,0.0012422641570227128,0.03628796807413748,0.1263062161466098,0.04777197867089173,0.07807895807895808
556,0.06899999999999999,0.0005153484579343462,0.03009360364444591,0.17258476432898495,0.0435183993730501,0.14640703165178362
565,0.0134,4.545506724407683e-05,0.006444458383373597,0.023035199704138917,0.006566991881647039,0.1125
566,0.0094,9.08221757726639e-06,0.004421662164313389,0.02806515769527131,0.0010455107653461549,0.2191919191919192
567,0.0032,2.2324032353488528e-07,0.0013023438542085763,0.010549102260693718,0.00020374440427258726,0.6593406593406593
570,0.0142,1.8205824936602138e-05,0.004421662164313389,0.02255410554539955,0.0019607896669562495,0.24141414141414141
571,0.0142,8.275783732489111e-05,0.007154362853342144,0.024709536131842944,0.0058152088575971015,0.17214397496087636
579,0.0356,0.00015902726004113026,0.01533924559057831,0.10178989723687211,0.03231477965576721,0.19240153363541304
588,0.0038,3.0810024263757687e-06,0.0019045702065152437,0.011651681097540223,0.000547813537976027,0.4473684210526316
590,0.0124,4.218787440193964e-05,0.0056343631910062975,0.02865917066145701,0.0021763626556546116,0.2286967418546366
591,0.0122,3.744480748301515e-05,0.005937996047684635,0.044688681058544164,0.0007565373489323617,0.27853107344632766
607,0.005600000000000001,2.9423065474034222e-06,0.0021054733039971296,0.014142516076869425,0.0006110353334399125,0.38961038961038963
610,0.0126,8.012364388441725e-06,0.005128715471710565,0.048785338921626786,0.0010127216675871343,0.3627450980392157
616,0.0124,1.716827319649014e-05,0.005533192959340294,0.033454163820869354,0.0067840396673243784,0.22077922077922077
618,0.0018,0.0,0.0006006606425976724,0.0017568877573700212,0.00011165410789650443,0.8095238095238095
630,0.0016,0.0,0.0006006606425976724,0.0010491141260902913,0.0008736714960062274,0.2857142857142857
634,0.0116,2.246938017695868e-05,0.0043207357284889,0.02607196327276413,0.0037622054184858703,0.26849894291754756
638,0.0618,0.00032769183808718176,0.023134297214945754,0.12783281096827423,0.019084542372789906,0.14026743596740868
642,0.0128,1.5800576452236657e-05,0.005330913539993931,0.03650609508485052,0.0026813329349394013,0.23549965059399022
647,0.0036,0.0,0.0013023438542085763,0.008804817665412617,0.00032006271695472614,0.37362637362637363
654,0.016,2.4921423628369902e-05,0.0057355537788557065,0.038874553274749035,0.006663243795360643,0.26255293405928615
664,0.0132,1.698815266793569e-05,0.005330913539993931,0.04319739290643532,0.0016188788507975078,0.2962962962962963
665,0.007200000000000001,6.464253707905162e-06,0.0030105350056146563,0.02391025031422147,0.0013510159623539375,0.3913978494623656
672,0.0006000000000000001,0.0,0.00030024016811047716,0.0035834996931111487,0.0,0.5
675,0.0112,1.6439074163964486e-05,0.0049265987054252225,0.058280356060332744,0.002076362175193934,0.3836734693877551
678,0.0084,7.022017309449385e-06,0.0028092689578591568,0.01894119982688782,0.0029202944625616005,0.35467980295566504
679,0.18760000000000002,0.009035173605678508,0.09750550785689205,0.37211006107759537,0.13585509613978666,0.054330201967997246
682,0.0032,1.0767815498485598e-06,0.0013023438542085763,0.012598165056879267,0.0004944953624057066,0.5164835164835165
683,0.002,0.0,0.0008010412093559793,0.012295019932823777,0.00021920860754138475,0.7777777777777778
689,0.216,0.012862164848496581,0.11938341566612087,0.369761922612591,0.14502689381090753,0.03744080912801054
701,0.034800000000000005,0.00041163509126979677,0.016992208887624427,0.06680471182952255,0.02456660960969359,0.10479041916167664
731,0.026400000000000003,0.0001453599719653892,0.012459450055088084,0.10425909980871896,0.0039563208927439406,0.23314975085234724
745,0.0134,2.4022929908949917e-05,0.0052298043400367256,0.03385855176102666,0.011278820282501155,0.2474600870827286
763,0.0074,1.819251328255912e-06,0.003111198322395703,0.02473368436246174,0.0002830586893024056,0.31451612903225806
774,0.0016,1.5801109665537896e-08,0.0008010412093559793,0.011565805632456572,0.0006925577195430842,0.5
779,0.0022,0.0,0.0011017625556131172,0.007467235560455676,0.00030938841489215043,0.42424242424242425
794,0.0032,4.208091687288732e-06,0.0016033665244477024,0.013650608554317,0.0,0.5294117647058824
812,0.0008,0.0,0.00030024016811047716,0.0044608655511011,0.0002141829107301143,0.6666666666666666
818,0.0922,0.0023239493674682104,0.04615824982148564,0.1310556919918557,0.056542953094915596,0.03969793045423298
821,0.020000000000000004,0.0002321811767677298,0.01000402181482829,0.017812168116217022,0.010868858372620662,0.035555555555555556
834,0.0028,3.935902473441287e-07,0.0014026646419362798,0.017152059145086357,0.0,0.5428571428571428
837,0.0014,1.6947983158720643e-09,0.0007008408969193525,0.013770518223601997,0.0,0.6071428571428571
840,0.0016,1.4461544549504736e-06,0.0008010412093559793,0.004134366242602376,0.0003823602557024773,0.4444444444444444
841,0.005600000000000001,1.0555617505426625e-06,0.0027086662147308704,0.027555315446977164,0.00020968127299314672,0.40476190476190477
845,0.0014,0.0,0.0007008408969193525,0.0010531036588354954,0.0004319847936086631,0.2857142857142857
853,0.0034000000000000002,1.489756918467272e-07,0.001503005530002266,0.01782954061179708,0.0019568640225451983,0.425
861,0.0022,1.9435091616794724e-07,0.0008010412093559793,0.006935564972496684,0.00019582718310876338,0.4166666666666667
899,0.007000000000000001,2.4862372974600584e-06,0.002608083650670334,0.00976817340045678,0.002054923633951197,0.2336182336182336
917,0.006200000000000001,6.188757549686603e-06,0.002205955063729892,0.01973166608524633,0.0007199979564668975,0.3557312252964427
920,0.159,0.004941906482847866,0.07357571465012125,0.28199595915112874,0.08491780698282524,0.06396118405652146
931,0.006000000000000001,2.0563129747270056e-05,0.0025075212596070706,0.013676277889081496,0.0010808024219045036,0.2953846153846154
939,0.0096,6.7764869781458254e-06,0.003312585572165627,0.020348514514743704,0.0018146084937794506,0.3422459893048128
941,0.0064,3.2116187627929973e-06,0.0025075212596070706,0.012347187998004307,0.0011206635348177795,0.38153846153846155
957,0.053200000000000004,0.0009211815119659688,0.02712964359688197,0.06490141171566825,0.016833894795903356,0.023499142367066895
960,0.1902,0.012254320572459431,0.10368600962133612,0.2679903836296243,0.09726297061356944,0.024235832596922937
962,0.0,0.0,0.0,0.0,0.0,0.0
968,0.0004000000000000001,0.0,0.00020014008604940514,0.0018748168456990538,7.302537544302758e-05,0.6666666666666666
969,0.0086,2.058207173773884e-05,0.0035140536841118397,0.01304566194509342,0.002655767997463933,0.29523809523809524
975,0.007000000000000001,1.4858063432523132e-05,0.003111198322395703,0.011605378664477167,0.002151234269902424,0.2399193548387097
988,0.0026,3.6166454150276565e-07,0.0012020431607797644,0.012185022825590905,0.0003771127213480207,0.4358974358974359
990,0.011,9.493538164401083e-06,0.004118943680324838,0.019691315201186128,0.0035297687025930002,0.18815331010452963
997,0.0078000000000000005,7.168905248793314e-06,0.003614818078621962,0.028005962075530442,0.00155091741671872,0.3108108108108108
1020,0.009,9.797348495581415e-06,0.003715602706946264,0.011847803834889127,0.0033065595564235216,0.19487908961593173
1035,0.020200000000000003,4.936799527675451e-05,0.0093920241763914,0.05145224669679402,0.009443832284731004,0.24525280256234272
1038,0.006000000000000001,1.7081220443388383e-06,0.0024069790354728227,0.01577617554884022,0.002951585943038064,0.37
1044,0.004000000000000001,1.6619298815621315e-06,0.0016033665244477024,0.0077981174038982,0.0008419557825407495,0.3235294117647059
1062,0.37700000000000006,0.06373932568135098,0.23090065871214294,0.501008073305549,0.2620371450633666,0.017331058990760484
1068,0.003,6.044537947706055e-07,0.0014026646419362798,0.012268788226349605,7.203047844635475e-05,0.3142857142857143
1105,0.016200000000000003,9.927478186706188e-06,0.0060392477409603185,0.046330603940592546,0.0018306060005319853,0.24316939890710382
1106,0.005600000000000001,1.518521546311732e-06,0.002608083650670334,0.019961708776423944,0.0023275990555750668,0.38461538461538464
1115,0.0204,0.00012745317870686246,0.008678963463097045,0.04247072533041245,0.005528756820378416,0.1892542101042502
1140,0.005200000000000001,0.0,0.0024069790354728227,0.017574011125223672,0.00011263250874812023,0.2966666666666667
1147,0.0048000000000000004,3.76745363686439e-06,0.0020050116869441137,0.009653728962835055,0.0008702805715097064,0.24285714285714285
1152,0.0114,2.3563613331215335e-05,0.004522608882781443,0.02937106863845591,0.001501540313150833,0.18454106280193236
1159,0.0078000000000000005,3.868914537926138e-06,0.003111198322395703,0.012059918248615575,0.0008516556611698078,0.36088709677419356
1160,0.0096,6.820043042431495e-06,0.004118943680324838,0.03122527245328276,0.0015557849606245059,0.27990708478513354
1162,0.0058000000000000005,3.2232270865665267e-06,0.0023064569722013317,0.011985464296865582,0.0010679583274748427,0.26811594202898553
1168,0.0112,1.3688273793308616e-05,0.004522608882781443,0.03414861741454002,0.003487443244081398,0.3207729468599034
1177,0.0078000000000000005,1.6389500157016618e-05,0.003715602706946264,0.013912348483555253,0.0024574567330531553,0.17354196301564723
1193,0.0078000000000000005,2.5492692044914778e-05,0.003614818078621962,0.020980694810415867,0.002815095326075554,0.28678678678678676
1194,0.0092,5.112239912369889e-06,0.004118943680324838,0.03224665462357994,0.0003497822675692853,0.3124274099883856
1203,0.0008,0.0,0.0004003602842119758,0.0065528441837128856,0.0,0.7
1225,0.017,6.341838006056856e-06,0.006140519815011292,0.045619635306636125,0.003618136448268793,0.25859333685880487
1250,0.04,0.0003805694244312021,0.016992208887624427,0.048879266518801534,0.01568851164168335,0.09580838323353294
1265,0.0038,2.435557091436333e-06,0.0016033665244477024,0.01059659730970959,0.0005097063463256581,0.2647058823529412
1274,0.2534,0.025321075441035238,0.14411214245368553,0.30974361856041777,0.16768855113623263,0.01854205277557144
1286,0.1036,0.0024052355935049656,0.05310237441653176,0.19641033997136728,0.08829540410717528,0.05790507622190791
1291,0.0328,0.0002407244176915039,0.01647508011847343,0.04923493257232432,0.030196226722081512,0.050821782928122394
1298,0.039400000000000004,0.0005534021129137762,0.0189621052783564,0.06774904796974793,0.013248207486464296,0.0831464550629636
1312,0.0058000000000000005,0.0,0.0025075212596070706,0.018133127439431188,0.0003795291978159161,0.28307692307692306
1314,0.0158,1.6194759531426148e-05,0.006140519815011292,0.025497015970209275,0.0036553313608241565,0.19196192490745637
1317,0.023200000000000002,0.00018928788800944322,0.010923410723375326,0.023096451740586346,0.011114386529177919,0.08069996602106694
1341,0.012,3.329281769561533e-05,0.005432043077715942,0.022551190861704904,0.008248530997869074,0.1622895622895623
1353,0.0112,1.4194169840747243e-05,0.0049265987054252225,0.03344322676270242,0.0011345759547756466,0.26040816326530614
1363,0.0028,0.0,0.0013023438542085763,0.01745835145776727,0.00011792243161621457,0.4835164835164835
1372,0.0024000000000000002,0.0,0.0011017625556131172,0.006077629044703199,0.0015372136285908755,0.3939393939393939
1394,0.0012,1.7798824060928908e-07,0.0005005004403684232,0.004688191109561389,7.857176094586875e-05,0.5333333333333333
1397,0.005200000000000001,1.7374857881409325e-06,0.0023064569722013317,0.0128995704664943,0.0024195563480515635,0.2608695652173913
1401,0.0022,3.5350442232122696e-07,0.0010015020326745727,0.014116478684027559,0.00020104736389656825,0.45454545454545453
1440,0.012,1.817257051255675e-05,0.005432043077715942,0.03790772105683196,0.007284671538409989,0.24781144781144782
1455,0.016200000000000003,2.4866862485220425e-05,0.006241812275992631,0.030309870160657604,0.0033818607273307976,0.1597542242703533
1458,0.028800000000000003,3.5690687880591124e-05,0.011946918660165728,0.07720772036184899,0.00785476495192704,0.21264777097279589
1461,0.0148,1.2663653799389716e-05,0.0057355537788557065,0.03861969126637084,0.003859813534876671,0.28009679370840895
1464,0.0118,2.5661919101905827e-05,0.0052298043400367256,0.027089937452261816,0.0007756250450529457,0.3018867924528302
1472,0.0114,4.283008473861564e-06,0.005533192959340294,0.061158574968991436,0.0002381192321197689,0.36103896103896105
1481,0.0086,6.7572198280895015e-06,0.003111198322395703,0.008667448020223305,0.0015769033344113824,0.3951612903225806
1486,0.008,2.6808128707648946e-06,0.0035140536841118397,0.028100814036419352,0.00289145708160369,0.3634920634920635
1499,0.0008,2.142451044371072e-07,0.00020014008604940514,0.00013593576779733375,0.00021415738024476274,0.6666666666666666
1503,1.0,1.0,1.0,1.0,1.0,0.0080365012578346
1512,0.004000000000000001,3.2904477289799042e-06,0.0012020431607797644,0.007495949798211823,0.0007533923952131233,0.4230769230769231
1513,0.0012,6.823580838427763e-07,0.0005005004403684232,0.001036937892762115,0.0002397130272770759,0.3333333333333333
1520,0.006200000000000001,4.765340632730939e-06,0.002205955063729892,0.007799535102044671,0.00039024433841355823,0.3794466403162055
1530,0.003,2.531407930402725e-06,0.0013023438542085763,0.004472606925854657,0.0016767784137513286,0.37362637362637363
1548,0.0664,0.001362990130988786,0.03371577149110094,0.11683024325814644,0.043254059287888565,0.06861034502166939
1550,0.0016,0.0,0.0006006606425976724,0.00388016009481156,0.00021497991541718304,0.42857142857142855
1554,0.0182,9.635439628950777e-06,0.006343125130060079,0.02762566595290673,0.0037022199806636506,0.23809523809523808
1559,0.0026,1.0786452660621456e-06,0.0012020431607797644,0.003447338751289766,0.0009738081076721164,0.24358974358974358
1574,0.0228,0.0001964547427568745,0.010616761868516233,0.021766700134534373,0.013809565705282393,0.13459119496855346
1586,0.009,3.429944434984716e-07,0.003715602706946264,0.02784225740082773,0.000840010176813655,0.28165007112375534
1667,0.0028,4.0062067917394277e-08,0.0013023438542085763,0.016182364375821698,4.4115778832919225e-05,0.46153846153846156
1703,0.002,1.2558455520611996e-06,0.0008010412093559793,0.0015824422282134758,0.00023853526176578288,0.25
1728,0.0024000000000000002,2.785186357682394e-06,0.0012020431607797644,0.002853576749528467,0.0009235475859920385,0.16666666666666666
1750,0.0014,0.0,0.0007008408969193525,0.007733325833415197,0.0,0.5714285714285714
1752,0.0,0.0,0.0,0.0,0.0,0.0
1762,0.0176,4.26154986498905e-05,0.007966909288418256,0.034109709366185875,0.03447235619001116,0.17468354430379746
1791,0.004000000000000001,1.0249900228018e-06,0.0016033665244477024,0.0072570761378694705,0.0006790393002805642,0.2426470588235294
1840,0.0044,5.495666005601148e-06,0.0020050116869441137,0.009205485092077668,0.0014374092987107846,0.18571428571428572
1871,0.023600000000000003,0.0002624317900799903,0.011639648775924272,0.021779853840472065,0.010799979792132099,0.06131934032983508
1884,0.0302,0.00027049202132314247,0.014617762257648659,0.04907490038719438,0.008072697003358711,0.09310344827586207
1896,0.0692,0.0014777766957902157,0.03532189594976365,0.0874368502644894,0.043049640081294756,0.042667764229733667
1926,0.0098,1.4379663953004112e-05,0.004421662164313389,0.01917754609040944,0.0034526045630886727,0.201010101010101
1942,0.030400000000000003,9.646411228968663e-05,0.012151868948450106,0.05591907204256888,0.00878004340883973,0.13305785123966943
1944,0.003,0.0,0.0014026646419362798,0.009907954300969312,0.00012078656592285893,0.41904761904761906
1973,0.0144,3.316298342614531e-05,0.007154362853342144,0.036795266927830916,0.002993721960120181,0.19561815336463223
1979,0.0016,1.0193556547954995e-06,0.0007008408969193525,0.006825194952768973,0.00028376051414233275,0.4642857142857143
1985,0.0144,1.6827530406906472e-05,0.005330913539993931,0.030248926419750573,0.005649735907374402,0.3025856044723969
1988,0.277,0.02965922185714998,0.1487141104862031,0.3496262913712655,0.1297237015595896,0.01877987503953501
2001,0.0144,0.00010119193928522851,0.007255859522650399,0.021197724808219156,0.0046730283096123185,0.08028919330289193
2009,0.032400000000000005,0.00019684124146123833,0.015648766872389697,0.07071047803306185,0.016524669396456942,0.13648931713447843
2015,0.0048000000000000004,1.7720885527114619e-06,0.0023064569722013317,0.025383502272723412,0.0003239445428941612,0.3442028985507246
2058,0.002,8.926879351546134e-08,0.0008010412093559793,0.00870559688910059,8.485647430749618e-05,0.6666666666666666
2065,0.002,1.2440879670758517e-06,0.0010015020326745727,0.016184610400778798,0.0,0.509090909090909
2070,0.013,3.339689707173007e-05,0.006343125130060079,0.031182153005443903,0.012860430533344732,0.1984126984126984
2071,0.051800000000000006,0.0009104274772679301,0.026285927572959222,0.09543775851971867,0.027567928627549303,0.07152845330739299
2080,0.024600000000000004,9.876715227066458e-05,0.012049383430229765,0.05000594604238204,0.004569709448158896,0.2
2081,0.0102,1.0488643241970903e-05,0.004421662164313389,0.033041592221806554,0.0031417998676102794,0.3373737373737374
2086,0.0188,4.9175781352057846e-05,0.008271952250391124,0.05320871649656307,0.027029784015340837,0.22274463708492506
2089,0.0028,0.0,0.0012020431607797644,0.005221605486348957,0.0004260870766814882,0.2564102564102564
2111,0.003,0.0,0.0013023438542085763,0.006786818266064892,0.0003258992078471282,0.38461538461538464
2122,0.004600000000000001,6.655103611999341e-08,0.0023064569722013317,0.026719380392087506,0.0,0.35507246376811596
2138,0.195,0.00977176638018651,0.10161812383355562,0.3363717435567093,0.13857731218685748,0.044542576668084595
2152,0.005600000000000001,4.611459670567892e-06,0.0021054733039971296,0.009510153812584219,0.0005189614140060842,0.19913419913419914
2157,0.039200000000000006,0.00021943082430295386,0.015751982565023637,0.07312163602316384,0.0319766566701936,0.1511166253101737
2163,0.01,8.257756707517714e-06,0.004219829569195754,0.029129880042581813,0.003918851899624652,0.301218161683278
2164,0.0922,0.002426266209713903,0.04769346430670374,0.16695704811895604,0.06284186402946883,0.05603431656063235
2165,0.016200000000000003,2.2765022029094823e-05,0.006647186112386683,0.03784776350133584,0.012349743259955047,0.2591587516960651
2167,0.0018,0.0,0.0007008408969193525,0.005558063961539536,0.0005368381264743066,0.4642857142857143
2168,0.009,9.53566704423333e-06,0.0035140536841118397,0.02195861151859204,0.01093610730088234,0.4238095238095238
2175,0.016,1.4850092534269401e-05,0.007255859522650399,0.035106727027080384,0.008591907968943928,0.2819634703196347
2179,0.1958,0.009904093107040327,0.10625119805585181,0.3659492206080713,0.12407726497162415,0.04291536593825876
2183,0.006600000000000001,3.0029010976668548e-06,0.0028092689578591568,0.02902923799297191,0.0005485180011128053,0.4014778325123153
2189,0.0034000000000000002,5.132377133064638e-07,0.0016033665244477024,0.011480750665258062,0.0006369209219896705,0.49264705882352944
2203,0.0012,6.852203010767173e-09,0.0006006606425976724,0.011351177234889848,0.0,0.7142857142857143
2209,0.0014,0.0,0.0006006606425976724,0.005026541083300381,3.9943199092751366e-05,0.5714285714285714
2243,0.015,4.6603120912105544e-05,0.006140519815011292,0.02656659717655616,0.001267236799520143,0.2675832892649392
2247,0.0106,1.7084460313743913e-05,0.00472456319211112,0.012929718657043163,0.0020232707020345175,0.21453900709219859
2249,0.017800000000000003,2.6815147796178294e-05,0.0067485806004177196,0.02427100884537884,0.005621876503184411,0.3208955223880597
2255,0.0064,1.7447673980414685e-05,0.0027086662147308704,0.009016034748781123,0.0016626768506195176,0.2857142857142857
2260,0.0044,1.298694753936167e-07,0.0021054733039971296,0.020482807506618655,4.3090106485042324e-05,0.5324675324675324
2272,0.006200000000000001,3.7876206592648304e-06,0.0024069790354728227,0.011712773146319931,0.0005510398295364363,0.38
2280,0.016600000000000004,6.823374069141411e-05,0.007357376646748959,0.027934213155358916,0.005149593657609466,0.15920029618659756
2281,0.0016,0.0,0.0007008408969193525,0.003863304041113104,0.00013993028455721462,0.5357142857142857
2287,0.015,4.797073107417639e-05,0.007458914231821989,0.023803950026820536,0.010329394288887673,0.21945945945945947
2305,0.0026,2.0515413562696045e-06,0.0012020431607797644,0.007729680115446263,0.0001232386622604892,0.3717948717948718
2313,0.0014,0.0,0.0005005004403684232,0.003058771721228426,0.00010551704578952035,0.6
2314,0.0216,0.0001397673178548472,0.008577179863067164,0.02610622222383135,0.006714134042431167,0.08618331053351573
2331,0.0092,9.07604958534832e-06,0.00381640757517987,0.03927934567471672,0.000862720939746625,0.3144399460188934
2334,0.0014,0.0,0.0006006606425976724,0.002081281683462926,0.0021466823067550493,0.6190476190476191
2338,0.0028,1.5810849943758118e-06,0.0011017625556131172,0.006502126699801766,0.0016964290890951771,0.5
2340,0.003,7.667719527222786e-08,0.0013023438542085763,0.010215139256593269,0.00012724276959093402,0.4945054945054945
2346,0.0024000000000000002,5.761575037633372e-07,0.0012020431607797644,0.011756093100835047,0.00024103828781235355,0.38461538461538464
2350,0.025,0.00032830656525694775,0.012459450055088084,0.024687071188740688,0.01188494192871111,0.03894571203776554
2381,0.0048000000000000004,4.606269745397804e-06,0.0019045702065152437,0.014087253447619442,0.0005894449050927716,0.25263157894736843
2400,0.0008,1.6100584000784613e-07,0.00030024016811047716,0.003098593851266632,9.456286513284402e-05,0.8333333333333334
2417,0.3168,0.037631707645255176,0.18269359086353099,0.47128711906994897,0.16127790968130787,0.022247094924291968
2423,0.0342,0.0001942938331915377,0.011537266935510493,0.061527820626040064,0.003744876249644892,0.15286041189931351
2450,0.061000000000000006,0.0006796317797574485,0.029351011409506356,0.09500238916603324,0.057464515201076975,0.08519200098147467
2458,0.0104,1.3967706967793262e-05,0.00472456319211112,0.023979314628909433,0.0013509151439592354,0.27925531914893614
2461,0.002,2.823986003212316e-07,0.0010015020326745727,0.010252102990826118,0.0,0.4727272727272727
2464,0.0016,8.694315360423689e-07,0.0007008408969193525,0.007656502463086351,0.00010170045305226035,0.5
2469,0.007200000000000001,2.9805574886333755e-06,0.0023064569722013317,0.009593595824542556,0.003856462614093196,0.29347826086956524
2471,0.003,2.1902452183465632e-06,0.001503005530002266,0.012854085864232936,0.0,0.4
2485,0.0124,2.2303326709551675e-05,0.005330913539993931,0.030359186826749974,0.0016476031516377853,0.2348008385744235
2489,0.0008,5.203095393472604e-07,0.0004003602842119758,0.0008134300262185798,0.00012823779668346823,0.4
2497,0.0068000000000000005,1.941534758442757e-07,0.0030105350056146563,0.022669907860492385,0.00018209550071552694,0.35268817204301073
2503,0.0018,0.0,0.0007008408969193525,0.005669485571272932,0.00012898081441741773,0.42857142857142855
2504,0.0024000000000000002,1.022632094698507e-07,0.0010015020326745727,0.00947743082723478,9.82399352768002e-05,0.41818181818181815
2505,0.0024000000000000002,1.33903190273192e-06,0.0009012615859320672,0.005179673631072109,0.00024009163209191841,0.4222222222222222
2513,0.006200000000000001,6.217451075873115e-06,0.002608083650670334,0.008295377683693796,0.0007028468645660133,0.1908831908831909
2516,0.002,1.1416257785281023e-09,0.0007008408969193525,0.006700708931267263,0.00024120944648669054,0.6428571428571429
2522,0.0038,6.162372968864021e-06,0.0019045702065152437,0.011994913070776148,0.0,0.2789473684210526
2530,0.0028,9.991960398333854e-07,0.0011017625556131172,0.008429784649828903,0.00014743026613788163,0.36363636363636365
2532,0.0118,1.2492359487204483e-05,0.005027646928883245,0.03935833169895381,0.0005379927022767782,0.23921568627450981
2535,0.0016,3.2391819361324546e-07,0.0007008408969193525,0.010774603256522696,5.2826359425729046e-05,0.6785714285714286
2540,0.0008,0.0,0.0004003602842119758,0.0038684469093031026,0.0,0.5
2544,0.0038,0.0,0.0018041488566566954,0.020919505139750535,3.184649243733655e-05,0.4269005847953216
2553,0.0296,0.00013302684274433236,0.012356902254572866,0.054440841000890944,0.021508862355892496,0.23297347727575637
2554,0.0086,6.551594604016314e-06,0.0032118818425515006,0.014287428505627794,0.007962638164621252,0.23863636363636365
2556,0.0154,2.8855948881338077e-05,0.004522608882781443,0.0180367313648485,0.002727616470595599,0.20772946859903382
2562,0.002,1.5303221745507657e-08,0.0010015020326745727,0.011583186591645304,0.0,0.7090909090909091
2593,0.0084,1.8257364271481365e-05,0.004118943680324838,0.03636529544472812,3.635135432778988e-05,0.2450638792102207
2599,0.003,0.0,0.0014026646419362798,0.011018271290006581,2.228973537564112e-05,0.4666666666666667
2601,0.0004000000000000001,0.0,0.00020014008604940514,0.004941314271221879,0.0,1.0
2613,0.007600000000000001,3.282683805828749e-06,0.00381640757517987,0.04096285265059692,5.532449608957322e-05,0.3157894736842105
2615,0.0012,0.0,0.0006006606425976724,0.0049981026249591685,0.0,0.3333333333333333
2662,0.1942,0.013919689951055157,0.10674115766089476,0.2990799965004743,0.6548000738045908,0.023720250252617547
2670,0.1946,0.013041604484432742,0.10588401289719429,0.26193153438941946,0.14813892580891302,0.030848401951994207
2671,0.0524,0.0006420436582035562,0.02660215862890669,0.08600016101680985,0.055728627533360865,0.07992277992277992
2672,0.002,0.0,0.0009012615859320672,0.0031258725812392633,0.0002607519295731587,0.4
2684,0.0152,2.6839167322461572e-05,0.006140519815011292,0.0338342792811781,0.031981987358324505,0.2464304600740349
2689,0.0592,0.0008397060406852872,0.03009360364444591,0.09036257397833992,0.06343070218480762,0.06346720276777783
2692,0.038400000000000004,0.00021465552382180937,0.01761345824974958,0.11111427472885348,0.02954102120747972,0.18091821141452394
2700,0.0468,0.0005371025806529862,0.023343803689968246,0.09215676324047714,0.047154840824911275,0.10587604382134375
2705,0.0018,0.0,0.0008010412093559793,0.009640462724798248,2.0640694570991697e-05,0.5277777777777778
2719,0.0058000000000000005,1.0722034745960888e-05,0.0025075212596070706,0.024126526072730838,0.0012712602894036505,0.31384615384615383
2725,0.0106,5.030403933276078e-06,0.004118943680324838,0.03254460787831508,0.0012723964265871535,0.38443670150987225
2732,0.0074,1.3306263437224145e-05,0.003312585572165627,0.025691045008933922,0.00019452153380356322,0.36541889483065954
2737,0.0028,1.3872370512302694e-06,0.0013023438542085763,0.0094774359767228,0.0001394417112913403,0.31868131868131866
2753,0.1346,0.0033510715377745685,0.06829748355850151,0.2873234770927185,0.1579826641226681,0.07346928794992175
2757,0.006200000000000001,3.9464717127417604e-06,0.0030105350056146563,0.030596842285009782,0.0004897040554970369,0.2989247311827957
2760,0.051800000000000006,0.00040806885977031086,0.020001960584254297,0.1045680777689394,0.015544132236622559,0.1426499533823682
2763,0.0158,1.1965704430951389e-05,0.006241812275992631,0.04700849640641025,0.003498197964231376,0.289810547875064
2770,0.027200000000000002,0.00018332938497495605,0.012767218122179624,0.08295693943194501,0.008737159462416228,0.1733533308336458
2786,0.032,0.0002476714499507193,0.015545572150030385,0.05641591788864002,0.009342600546035857,0.13462354638825227
2807,0.0026,5.698235446975049e-07,0.0011017625556131172,0.009088735339672943,0.0003347597135822843,0.4393939393939394
2808,0.0008,3.7492893276493764e-07,0.00030024016811047716,0.0008937516192537949,0.00011550025546593664,0.6666666666666666
2813,0.0028,2.832770468953576e-06,0.0013023438542085763,0.010316024040192391,8.829651833926872e-05,0.43956043956043955
2817,0.003,0.0,0.0011017625556131172,0.004278900808442364,0.0012751024167187313,0.3787878787878788
2821,0.0004000000000000001,0.0,0.00020014008604940514,0.0037659934128574987,0.0,1.0
2858,0.0038,1.5223557405244546e-08,0.0019045702065152437,0.026685321933761625,0.0,0.43157894736842106
2862,0.0024000000000000002,5.277413644701623e-07,0.0010015020326745727,0.010567604288445751,0.0001800281876264718,0.6545454545454545
2871,0.0028,1.346173406213157e-06,0.0011017625556131172,0.011083116599050844,0.00022728016919745743,0.5454545454545454
2882,0.0064,9.80495433431803e-06,0.0028092689578591568,0.025853807255934707,0.00027305592593188034,0.41625615763546797
2903,0.0022,8.694930519991675e-07,0.0011017625556131172,0.01650209142598282,0.0,0.6515151515151515
2988,0.0054,7.511798822005432e-06,0.0024069790354728227,0.012185104438832747,0.006909497136375221,0.3
2989,0.0116,1.5360648704013567e-05,0.005533192959340294,0.018713183759247434,0.005361502744973587,0.1
2998,0.0016,1.2021769387252509e-06,0.0008010412093559793,0.005701466354416415,0.0002638468113168185,0.3611111111111111
3002,0.005000000000000001,9.27851858224261e-06,0.0021054733039971296,0.007796095836732311,0.0017545372489747874,0.24242424242424243
3005,0.0016,0.0,0.0008010412093559793,0.01560241619995923,0.0,0.8055555555555556
3013,0.038400000000000004,0.00012249808842846344,0.015958476886689832,0.11455992710913997,0.007054325619927229,0.18551963234701283
3019,0.005000000000000001,1.9868290509282946e-06,0.0021054733039971296,0.011418183294496623,0.0003773447878858304,0.2554112554112554
3020,0.025200000000000004,0.00016346404446919768,0.011127946677811584,0.03902487405413467,0.008545002331713092,0.11187551187551188
3026,0.006200000000000001,3.868654457264337e-06,0.0020050116869441137,0.004460908329171889,0.0013617668978097778,0.12857142857142856
3029,0.008,3.3871492735069654e-06,0.002608083650670334,0.00922775098529302,0.001363496793102826,0.4672364672364672
3048,0.0018,0.0,0.0007008408969193525,0.002164568948091583,0.00025971772202990854,0.4642857142857143
3049,0.0058000000000000005,3.841653780246555e-06,0.0020050116869441137,0.0034438403793476437,0.0012169996547831954,0.45714285714285713
3052,0.0064,2.0528577017807993e-06,0.0023064569722013317,0.007396009648103044,0.0015177038246760397,0.32971014492753625
3054,0.0032,1.565009291308589e-06,0.0014026646419362798,0.0050608389335297915,0.00021694854661431242,0.45714285714285713
3057,0.004200000000000001,1.777051291079516e-06,0.0017037476313173094,0.007585410898151087,0.000455718256839026,0.5032679738562091
3064,0.0088,1.5955225081903086e-05,0.003917232689420347,0.018850160365887946,0.00017044827668456872,0.3923076923076923
3067,0.0124,1.2450884055784105e-05,0.0057355537788557065,0.028400479847108858,0.0020520917288826515,0.23049001814882034
3075,0.0022,1.4023298698285017e-06,0.0011017625556131172,0.009991937853260247,1.5794585874816074e-05,0.3787878787878788
3076,0.0012,2.0085478540978802e-08,0.0006006606425976724,0.0014795923114896345,0.0,0.9047619047619048
3091,0.006200000000000001,2.1711209843550806e-06,0.0030105350056146563,0.029120242238579747,0.000356190906308455,0.34838709677419355
3104,0.005200000000000001,5.882790447073686e-06,0.0021054733039971296,0.013003904940750193,0.0012599814122667163,0.2597402597402597
3108,0.004600000000000001,7.454974374067205e-07,0.0023064569722013317,0.025898968084910417,7.665958604093071e-05,0.48188405797101447
3117,0.0086,1.375930184970495e-05,0.003111198322395703,0.02238416013704407,0.0009379280733944167,0.28024193548387094
3119,0.0036,1.2278284913812314e-06,0.0014026646419362798,0.0060472042472349725,0.0003114666447540023,0.3047619047619048
3138,0.0088,1.5253348465704911e-05,0.0032118818425515006,0.019994883942018028,0.0016217354248622808,0.3712121212121212
3161,0.0002,0.0,0.00010006003201601388,0.002012706747087657,0.0,1.0
3192,0.0044,4.320988718280466e-06,0.0019045702065152437,0.023643872647041923,0.0007435261435138563,0.5421052631578948
3195,0.007000000000000001,3.4540288926578736e-06,0.002909891886128557,0.022196839831395594,0.0006188379429928138,0.31264367816091954
3197,0.057,0.0008419024129449259,0.028715355250970687,0.1120605246780958,0.040575630039723413,0.08241167434715822
3200,0.001,0.0,0.0005005004403684232,0.0014160867118509293,0.0006455032950970476,0.4
3222,0.0096,8.115298491642711e-06,0.0043207357284889,0.021780221092107293,0.001006962417083279,0.18816067653276955
3228,0.0182,7.730515364292456e-05,0.00878076760472113,0.036137737397031466,0.006811504580641586,0.12460815047021943
3229,0.0002,0.0,0.00010006003201601388,8.124779168114556e-05,0.0,1.0
3242,0.0008,3.2136765665566083e-07,0.0004003602842119758,0.006351558416342624,0.0002681743231117919,0.6
3267,0.007600000000000001,1.5405714717133674e-05,0.0027086662147308704,0.01304785214532805,0.0009321008659714055,0.18253968253968253
3269,0.0102,2.2538958481214737e-06,0.004421662164313389,0.039186364184759806,0.0012113682878644688,0.301010101010101
3273,0.032600000000000004,0.00012503275636127463,0.012767218122179624,0.08742668087595146,0.0068308603578260945,0.19622547181602298
3285,0.01,1.9141968564820438e-05,0.004118943680324838,0.022819072002633386,0.006899906722423869,0.2462253193960511
3287,0.006200000000000001,1.1394306928766865e-05,0.0028092689578591568,0.017298632412138904,0.0005767097792133746,0.23399014778325122
3289,0.0108,4.828621276738565e-06,0.004623575890008391,0.025604556665781177,0.0012368804648406578,0.2506938020351526
3307,0.0088,8.232895932402967e-06,0.003614818078621962,0.020050409980885975,0.001530755819043913,0.45045045045045046
3310,0.01,2.0599917698160873e-06,0.0030105350056146563,0.016345613324434804,0.002104793498915457,0.3763440860215054
3333,0.004000000000000001,1.5843543190214424e-06,0.0018041488566566954,0.0147299867858032,0.0002952533054043691,0.30994152046783624
3368,0.0146,5.751491603176194e-05,0.006444458383373597,0.03427735383672728,0.005351290561076403,0.1625
3371,0.0104,5.6199206746229405e-05,0.00472456319211112,0.02549898190332069,0.00659519079971563,0.1976950354609929
3428,0.004200000000000001,1.3951240962837232e-06,0.001503005530002266,0.010634793260821337,0.00036285131969173454,0.38333333333333336
3430,0.011,1.7192707880514633e-05,0.0048255707952091775,0.03274107666807087,0.0007084332599236349,0.20408163265306123
3433,0.0078000000000000005,1.4862195273985452e-05,0.0034133095173229933,0.022957145737729723,0.0002961293980183865,0.2739495798319328
3434,0.0126,1.1101535745904579e-05,0.005533192959340294,0.040643082824752194,0.0006558229020118975,0.23896103896103896
3441,0.0094,2.403210864443922e-05,0.003917232689420347,0.018357705736005592,0.00048647723175588924,0.3153846153846154
3443,0.024600000000000004,7.957953331539397e-05,0.012356902254572866,0.03444923185544957,0.005939815202235929,0.19805411168865786
3448,0.0024000000000000002,0.0,0.0011017625556131172,0.015283327456811699,0.00014917588745629333,0.696969696969697
3450,0.0096,7.099710482808029e-06,0.004219829569195754,0.03436029282074937,0.002986371681822522,0.3576965669988926
3459,0.0092,9.120428263886697e-06,0.004118943680324838,0.02355460642642382,0.003981963651390157,0.25203252032520324
3463,0.0032,0.0,0.001503005530002266,0.012009599582504634,6.207811900206506e-05,0.49166666666666664
3481,0.007000000000000001,2.5759041164291724e-06,0.0028092689578591568,0.016971967256618627,0.0006695485020270362,0.49507389162561577
3482,0.0132,5.566146980490553e-05,0.006140519815011292,0.027260446837245832,0.0027863766171541352,0.26652564780539395
3497,0.0018,1.6958520230980069e-06,0.0008010412093559793,0.0021073403761503705,0.0036078489042934937,0.4166666666666667
3502,0.004200000000000001,1.5787270853842545e-06,0.0020050116869441137,0.01116665294845541,0.0011580677781603136,0.2571428571428571
3503,0.0022,0.0,0.0009012615859320672,0.005518150068874159,9.044814946464262e-05,0.3111111111111111
3506,0.024800000000000003,8.538043944320253e-05,0.011127946677811584,0.05150821067255108,0.012880077516434937,0.13022113022113022
3510,0.007200000000000001,9.613363508049146e-06,0.0032118818425515006,0.017497867898756955,0.002397346195383608,0.23106060606060605
3516,0.0022,4.6674826323798367e-07,0.0007008408969193525,0.004096359129841612,0.0001584494668774516,0.39285714285714285
3521,0.005200000000000001,1.094967669820655e-06,0.0024069790354728227,0.027627983124844966,0.0005269924956286155,0.38
3541,0.0028,0.0,0.0014026646419362798,0.009113113189703509,9.60514339608192e-05,0.3333333333333333
3563,0.0034000000000000002,1.440798327339546e-06,0.0013023438542085763,0.003787412355793938,0.0008398539463551833,0.3516483516483517
3564,0.0036,1.5369999440397147e-06,0.0016033665244477024,0.010286801864677165,0.0014618218748810113,0.3088235294117647
3566,0.0176,3.697523531474038e-05,0.006444458383373597,0.03969056085758896,0.003820475641380293,0.18701923076923077
3567,0.0114,1.6739631874367615e-05,0.004219829569195754,0.015517451632813803,0.002190387809056883,0.2547065337763012
3577,0.0026,0.0,0.0008010412093559793,0.0024745757618253404,0.00044107752030352976,0.4722222222222222
3583,0.0036,1.6999301633015476e-06,0.0017037476313173094,0.020592670174688008,0.0005400082802040352,0.43790849673202614
3603,0.050800000000000005,0.00022558785224109434,0.020835373871799456,0.1227786732976423,0.03208404346236503,0.19818268770923003
3605,0.0012,0.0,0.0004003602842119758,0.0008063918746524226,8.65982035815955e-05,0.5
3629,0.0074,7.899320047133957e-06,0.003111198322395703,0.01222603957307154,0.0020619958375547188,0.31048387096774194
3630,0.01,3.0049146528443164e-05,0.0043207357284889,0.010969827730899676,0.0032373282778364633,0.23044397463002114
3631,0.004600000000000001,9.658464590285456e-07,0.0018041488566566954,0.005340418515610788,0.0007150810288263882,0.5497076023391813
3637,0.014,3.903128168676194e-05,0.0067485806004177196,0.02171885812702053,0.005858256612890275,0.16505706760316066
3639,0.002,0.0,0.0007008408969193525,0.0011024855479745098,0.0005149324585134756,0.75
3659,0.005000000000000001,2.2605640922068537e-06,0.002205955063729892,0.02499704029214751,0.00031589849886230173,0.42292490118577075
3660,0.0036,2.2457477911532488e-06,0.0014026646419362798,0.008917214209146916,0.0006432261104913417,0.5333333333333333
3663,0.0078000000000000005,1.178834995095992e-05,0.0024069790354728227,0.0051091001572170485,0.0016450169565720135,0.3333333333333333
3682,0.0068000000000000005,6.663092241829387e-06,0.0024069790354728227,0.010380691144644565,0.0010586668433919147,0.31
3684,0.0022,6.690290306740576e-07,0.0009012615859320672,0.0038679068783801507,0.000258932211002769,0.37777777777777777
3690,0.0106,8.224236740800301e-06,0.0032118818425515006,0.008406161344093954,0.0018493496205098298,0.3806818181818182
3765,0.007000000000000001,5.882112705181872e-06,0.0024069790354728227,0.008914010130462526,0.0010758451316336946,0.24
3783,0.0152,3.3018927146481525e-05,0.006545812042094257,0.015205049681297239,0.011879663272047161,0.11048951048951049
3844,0.004600000000000001,5.9042691541673475e-06,0.002205955063729892,0.027056906751659702,0.00029789181175021045,0.42292490118577075
3879,0.0064,1.2529032971072456e-05,0.0023064569722013317,0.011571466119375845,0.0006712228019657636,0.213768115942029
3892,0.006000000000000001,2.2319638798386625e-06,0.0023064569722013317,0.007279459907698562,0.0005604397278294325,0.48188405797101447
3926,0.0018,3.008556929245418e-07,0.0009012615859320672,0.003336820734873888,0.0,0.4666666666666667
3929,0.0122,2.308594541514872e-05,0.0043207357284889,0.014618742181533466,0.0028940132339361204,0.3224101479915433
3930,0.004600000000000001,1.4798215427905905e-06,0.0017037476313173094,0.002239567507918568,0.0011307201061903287,0.5424836601307189
3933,0.004000000000000001,4.7501026397808665e-06,0.0016033665244477024,0.005265925066044607,0.00035829060219746934,0.3382352941176471
3936,0.0038,2.7067032929646556e-07,0.0019045702065152437,0.026353165952025238,0.0,0.4842105263157895
3939,0.001,8.050292000392306e-08,0.0005005004403684232,0.0005735934947597946,0.0,0.8
3946,0.001,0.0,0.0004003602842119758,0.0007072365795895196,0.0005895101162117295,0.4
3965,0.0114,1.7951156594099248e-05,0.004623575890008391,0.028504093770018505,0.0012876966819399685,0.27567067530064754
3972,0.0284,0.00017361070080043313,0.011537266935510493,0.05326107656329791,0.007885799655839241,0.16689549961861175
3982,0.0012,0.0,0.0005005004403684232,0.0027281419389304125,0.0004795380272986455,0.4666666666666667
4029,0.0028,0.0,0.0013023438542085763,0.011419433273984564,0.0004175003842654821,0.32967032967032966
4030,0.006200000000000001,3.0933753737546257e-06,0.0024069790354728227,0.020200624184389854,0.0003396325407525946,0.4166666666666667
4031,0.024600000000000004,3.394988516607753e-05,0.008984437537631118,0.04841229523317339,0.002495825261760332,0.364294631710362
4081,0.005000000000000001,0.0,0.0021054733039971296,0.021136299856544208,0.0003673067048277904,0.3722943722943723
4085,0.0086,9.820277156427404e-06,0.002909891886128557,0.01628451198494259,0.0013047325405897425,0.3701149425287356
4096,0.007600000000000001,1.6278962655088797e-05,0.0034133095173229933,0.013950794029020955,0.0017971495981759446,0.30084033613445377
4097,0.0092,9.404398078507822e-06,0.003614818078621962,0.020138622269099272,0.0007546429129851548,0.3063063063063063
4100,0.0064,5.393997038204331e-06,0.0027086662147308704,0.015528474485485791,0.0014320351563167862,0.4074074074074074
4101,0.007000000000000001,0.0,0.0025075212596070706,0.012271556347700139,0.0006588711554566267,0.3261538461538461
4105,0.005000000000000001,6.8019788551908885e-06,0.002205955063729892,0.015519379017610614,0.0007183678168400685,0.47035573122529645
4107,0.0098,6.5614497687924075e-06,0.004421662164313389,0.04547265432723713,0.0010051584193471693,0.36666666666666664
4111,0.0006000000000000001,0.0,0.00030024016811047716,0.000342783368095647,6.0188270001893104e-05,1.0
4123,0.0296,0.00028069294456584235,0.013486071638712405,0.06754425062974263,0.008615581472323825,0.10717091235551565
4165,0.005000000000000001,9.366941597541185e-07,0.0020050116869441137,0.017391437051852796,0.0011045834368894488,0.40476190476190477
4168,0.0038,1.2033433365884188e-06,0.0014026646419362798,0.007560945716093538,0.0041280275703297195,0.3333333333333333
4175,0.005200000000000001,1.508260708851074e-06,0.0017037476313173094,0.011043019150577465,0.0005931864779251816,0.6013071895424836
4181,0.0022,0.0,0.0007008408969193525,0.0033430543084707626,0.00017543986024502354,0.35714285714285715
4182,0.0114,4.558071986127191e-06,0.003715602706946264,0.017030237811808638,0.0037653877007136245,0.37980085348506404
4184,0.0014,3.7971118956040883e-07,0.0006006606425976724,0.006243755935355295,0.00012271589735164082,0.38095238095238093
4188,0.004000000000000001,1.0421555274360431e-06,0.001503005530002266,0.015075414237387001,0.0009210937003753598,0.5416666666666666
4193,0.018400000000000003,1.987941780349196e-05,0.006647186112386683,0.0371104206506708,0.00448168411173761,0.20714608774310267
4196,0.018600000000000002,2.8746240410754186e-05,0.008170250754597985,0.06738064197310432,0.010724927051010504,0.29750075278530563
4203,0.002,4.660332957841984e-07,0.0007008408969193525,0.0038692939283718423,0.00035841099156512675,0.5
4206,0.0106,3.5141126551486253e-06,0.003917232689420347,0.02414194131199317,0.001976299271134776,0.2692307692307692
4207,0.0108,1.9904850489377127e-06,0.003917232689420347,0.023372964567265623,0.004932603558352059,0.3153846153846154
4209,0.0026,0.0,0.0009012615859320672,0.004356523261323533,0.0005241073946353404,0.37777777777777777
4211,0.006600000000000001,3.1341881012977316e-06,0.0024069790354728227,0.009862296362920416,0.0007392888987007522,0.23333333333333334
4215,0.007200000000000001,8.355619085681478e-06,0.0028092689578591568,0.00975627141678228,0.0015360585921896778,0.20935960591133004
4223,0.0154,2.9417139531248602e-05,0.006343125130060079,0.04319752852394439,0.0009196714836532416,0.2296626984126984
4224,0.006600000000000001,1.138698870706118e-06,0.0027086662147308704,0.02645506474799889,0.0003404439151834511,0.40476190476190477
4231,0.0048000000000000004,0.0,0.0018041488566566954,0.00633830770914998,0.0008715615063261776,0.17543859649122806
4253,0.0032,9.017598450390417e-07,0.0011017625556131172,0.0068446875447634795,0.00029294375090359195,0.36363636363636365
4258,0.0004000000000000001,0.0,0.00020014008604940514,0.0020816581480841267,0.0,0.6666666666666666
4273,0.0048000000000000004,0.0,0.002205955063729892,0.023265536202218884,0.0004340835692389762,0.6877470355731226
4275,0.0018,1.071225522185536e-06,0.0007008408969193525,0.0019411549207746532,0.0003672060554957658,0.32142857142857145
4276,0.0122,5.311777908917475e-06,0.0052298043400367256,0.05298924383736023,0.0009432551473243224,0.2772133526850508
4279,0.008,1.5149628872976845e-06,0.003614818078621962,0.025434195696616656,0.001491182344533908,0.2927927927927928
4281,0.007000000000000001,1.0267238478474302e-05,0.0028092689578591568,0.014124633521052733,0.0007901857428459013,0.21674876847290642
4282,0.0018,0.0,0.0009012615859320672,0.011288608346161858,0.00017063074609223992,0.6
4284,0.005000000000000001,3.5121847985629624e-06,0.0020050116869441137,0.015626005655000094,0.0004818051729698162,0.34285714285714286
4286,0.012,1.615992687697798e-05,0.0043207357284889,0.03163806794569504,0.002397089956358232,0.24735729386892177
4292,0.0006000000000000001,0.0,0.00030024016811047716,0.002480863039154074,4.1269438052137235e-05,0.5
4298,0.0138,2.374881648844039e-05,0.005027646928883245,0.0379683632004814,0.0016255656866348174,0.23294117647058823
4299,0.0722,0.000762927675101616,0.02945703046948367,0.12656215902222798,0.028192965913210223,0.10070417387490559
4304,0.099,0.0012637060413390514,0.04419099998470255,0.22394689674445595,0.0630132903473289,0.11184709398278246
4306,0.023000000000000003,2.841852300764344e-05,0.00878076760472113,0.06336316073222137,0.004292874561422656,0.2442528735632184
4307,0.002,2.035328492152519e-06,0.0008010412093559793,0.005970730154721767,0.001632929950020004,0.5
4308,0.0262,8.349691640038582e-05,0.008882592294158664,0.04316431897480312,0.005008291072056777,0.16547497446373852
4309,0.027200000000000002,3.2891558453311597e-05,0.013588848294057598,0.06792308704772158,0.021730871276284515,0.1558872305140962
4311,0.0094,8.681958060901507e-07,0.004118943680324838,0.0529802745190366,0.00045999517809598744,0.4332171893147503
4315,0.0038,3.871208964815536e-06,0.0018041488566566954,0.0057969804802142245,0.0005812938880700721,0.21052631578947367
4316,0.0036,1.8236339246729959e-06,0.0012020431607797644,0.00544496192141479,0.0014799048781572789,0.3333333333333333
4323,0.05,0.0003317854195156304,0.02167014991995808,0.13612379038818953,0.04443924971004996,0.19456993533528213
4330,0.0024000000000000002,0.0,0.0009012615859320672,0.011218416795051988,0.00016493852595164053,0.5777777777777777
4331,0.0094,5.703658511110052e-06,0.0035140536841118397,0.02194322633842233,0.001710860467671087,0.2714285714285714
4332,0.008,7.050410072821021e-06,0.002608083650670334,0.007861571915000391,0.0015667926004166934,0.245014245014245
4340,0.023000000000000003,0.00010563891523589138,0.008373674262927011,0.03815662804273451,0.0035562301450951005,0.17670682730923695
4342,0.017400000000000002,3.521992287898965e-05,0.007357376646748959,0.061705189455268095,0.0060711686142230145,0.30248056275453533
4343,0.041600000000000005,0.00016815200936292076,0.018754388538254396,0.12015441427930715,0.008481106902455706,0.16792009400705052
4344,0.1736,0.004598955999443279,0.0796055571256582,0.3487343118573645,0.09647388106800492,0.07768989494508242
4345,0.0302,0.00011625413031769606,0.011946918660165728,0.04256775248399708,0.011929855238011723,0.16322461187864976
4346,0.020600000000000004,9.491301517915079e-05,0.009086303341362845,0.060087696524931095,0.010102624455812241,0.20634920634920634
4348,0.0302,8.123733689923547e-05,0.01174205133930939,0.05764530519410134,0.0034691530159401797,0.15900383141762453
4351,0.0422,0.0001803312358939121,0.016992208887624427,0.10963238200510969,0.011548647679988987,0.2085828343313373
4355,0.008,2.2227477044724014e-06,0.00381640757517987,0.0452389555848335,0.0004381280463923899,0.4156545209176788
4363,0.052000000000000005,0.00046194742311203785,0.024077752387576812,0.13357355414979705,0.04578591182869813,0.13548503425892536
4364,0.007000000000000001,1.1094504279622323e-05,0.003111198322395703,0.01556391811198235,0.0012289780268778527,0.1774193548387097
4365,0.123,0.0024162661739516047,0.05811916214411261,0.23185986135329817,0.06542653175791262,0.06486504388143732
4372,0.0328,0.00010149288018453074,0.013691645792367035,0.06508702287234151,0.010903547499618332,0.1954248366013072
4373,0.0008,0.0,0.00030024016811047716,0.0007003229909421762,0.000294680383092847,0.5
4375,0.0216,7.205998264480886e-05,0.00990197068826526,0.034114351126984174,0.005914455071367367,0.11317254174397032
4376,0.0092,6.216728006939658e-06,0.0035140536841118397,0.01381919786193684,0.0025962994329646874,0.3333333333333333
4377,0.0352,0.00012812569005763593,0.012972500784689478,0.080221292723846,0.011314243169842635,0.20712209302325582
4378,0.0744,0.0007660911888911876,0.035214665756537755,0.17474706405781787,0.03292743477539786,0.10953941693979645
4379,0.019000000000000003,2.79636194944391e-05,0.008170250754597985,0.05952607885286873,0.016936596495159374,0.23938572719060525
4380,0.0788,0.0006639719347952728,0.03211462160747036,0.19038012071852906,0.0374222062200525,0.15596916481160855
4385,0.0198,7.644771556930145e-05,0.008068569769341671,0.04324677124122035,0.0008453024930499296,0.22006172839506172
4391,0.0048000000000000004,1.868319403923591e-06,0.0020050116869441137,0.015207623214375396,0.004243858943070932,0.3476190476190476
4392,0.0102,8.293959516885621e-07,0.004522608882781443,0.03564982935577063,0.0017653531556612468,0.2782608695652174
4395,0.020000000000000004,4.2574622784054954e-05,0.009493972283450391,0.07869152238398817,0.0007456818138418363,0.30414333706606944
4398,0.006600000000000001,0.0,0.003312585572165627,0.033363034828560026,0.00010766785605209942,0.3404634581105169
4400,0.045000000000000005,0.0002608257875098665,0.017199207725418386,0.09352569852170449,0.005806671040777564,0.15447267664462236
4405,0.037200000000000004,0.0003046730709245611,0.017924367588395773,0.09059447742507824,0.015572397866550609,0.12461479198767335
4418,0.0104,1.2365652283641276e-06,0.004623575890008391,0.02932810881449244,0.0010365093799581974,0.3987049028677151
4433,0.018000000000000002,0.00011174904304595774,0.008984437537631118,0.028548742363443593,0.023762426123690596,0.08863920099875156
4482,0.0028,1.5006586126283952e-06,0.0011017625556131172,0.0054323294105432865,0.0013932027642676714,0.4393939393939394
4490,0.0014,0.0,0.0004003602842119758,0.0024175883584840047,0.00028640911041069876,0.4
4498,0.0058000000000000005,0.0,0.0024069790354728227,0.012820226714487268,0.0008550218796322069,0.3566666666666667
4550,0.0014,0.0,0.0007008408969193525,0.005681447823795991,4.452344104015609e-05,0.5
4551,0.001,0.0,0.0005005004403684232,0.0065735012010513846,4.427364984804685e-05,0.6
4555,0.007200000000000001,3.284291922525262e-06,0.0030105350056146563,0.017305652625028544,0.0006140893153031064,0.2645161290322581
4563,0.0074,5.888549894454143e-06,0.0027086662147308704,0.01998944482147751,0.0005466731714355194,0.30423280423280424
4596,0.0008,0.0,0.0004003602842119758,0.0008579642255024328,0.003066982856718445,0.5
4607,0.0038,1.3894255004262528e-06,0.0019045702065152437,0.024339722205707966,0.0,0.43157894736842106
4617,0.0036,1.0676290232787684e-06,0.001503005530002266,0.012360026246979502,0.0010648535606388354,0.5416666666666666
4622,0.013,3.273705543210833e-05,0.0052298043400367256,0.026039308230429933,0.002362917111886547,0.3047895500725689
4636,0.0082,2.5931647728749415e-06,0.0035140536841118397,0.03756392692923685,0.00027899003913468433,0.40476190476190477
4639,0.004600000000000001,6.413564181211758e-06,0.0020050116869441137,0.014251590281552196,0.002002276792874998,0.48095238095238096
4640,0.0038,6.994960439500529e-06,0.0016033665244477024,0.011782014014066589,0.00016724816376294444,0.4117647058823529
4644,0.0022,0.0,0.0010015020326745727,0.015481892856973104,5.7924225461943924e-05,0.6
4681,0.0044,2.0568791585261224e-06,0.0020050116869441137,0.006722628794286102,0.0012914960640001212,0.2761904761904762
4685,0.021800000000000003,1.962572608526864e-05,0.00878076760472113,0.08256433252021718,0.010444827233309917,0.3440438871473354
4702,0.0014,1.2765340407741735e-06,0.0007008408969193525,0.006252562399427661,8.261161989937718e-05,0.35714285714285715
4715,0.003,2.8734349364148217e-06,0.0011017625556131172,0.00451595959999661,0.0020190622988471565,0.2878787878787879
4718,0.0354,7.671650684907854e-05,0.01286984905411015,0.06830381978171021,0.004542300484833672,0.22588582677165353
4720,0.0524,0.0005833159194703072,0.025338402027477835,0.07695707929349593,0.023818125934181675,0.0986678855948805
4734,0.0084,1.1019769158506948e-05,0.002909891886128557,0.0203731003446148,0.0007681373293847189,0.2574712643678161
4738,0.0092,4.2619439512323095e-06,0.0032118818425515006,0.0190301538830188,0.0009585353880415627,0.48484848484848486
4753,0.017400000000000002,4.28691176376812e-05,0.007458914231821989,0.028099472686035607,0.0021391362668365674,0.2691891891891892
4768,0.0044,6.5462313420362755e-06,0.0016033665244477024,0.007279875622007905,0.00048055794907980785,0.2867647058823529
4773,0.0004000000000000001,0.0,0.00020014008604940514,0.004986055952563184,0.0,1.0
4785,0.003,0.0,0.0014026646419362798,0.014082194705049976,0.0001765238120758273,0.4095238095238095
4790,0.006000000000000001,5.86606406754029e-07,0.0023064569722013317,0.017746500253147245,0.00043772399460727826,0.41304347826086957
4792,0.002,1.1768048109964602e-07,0.0009012615859320672,0.00768855213359575,3.79993235644254e-05,0.6
4793,0.008,4.489459616717206e-06,0.0034133095173229933,0.027091739345473567,0.0004938229950311666,0.31596638655462184
4794,0.054000000000000006,0.0003872500580962777,0.021356948991284375,0.1328587158773382,0.013678889635058008,0.18300296195033036
4796,0.0048000000000000004,0.0,0.0024069790354728227,0.02753038619780426,9.38824204198426e-06,0.4033333333333333
4805,0.001,4.284902088742144e-07,0.0004003602842119758,0.0003042870695340984,0.00021912915810064042,0.6
4809,0.023200000000000002,5.293352798662431e-05,0.009595940981927287,0.076717152965594,0.007450300691766312,0.2673245614035088
4821,0.05500000000000001,0.0009899096123391943,0.026813087601515795,0.07772319657491505,0.02131651789775701,0.034658243397385276
4832,0.0016,0.0,0.0008010412093559793,0.0035529120989420664,0.0,0.3333333333333333
4837,0.0014,1.468389135957182e-07,0.0006006606425976724,0.0037503756025487403,0.0001275151063630717,0.3333333333333333
4842,0.002,0.0,0.0008010412093559793,0.00533696033217803,0.0005664914917110029,0.3888888888888889
4843,0.0012,4.738957802668026e-08,0.0006006606425976724,0.004946311365013771,3.58328048846668e-05,0.42857142857142855
4848,0.0064,9.267591391165881e-06,0.002909891886128557,0.026443364637285093,0.0008926791173499139,0.3103448275862069
4911,0.0012,0.0,0.0005005004403684232,0.0008289265721589207,4.2038280554026835e-05,0.6666666666666666
4931,0.0096,3.6467002555485215e-06,0.004118943680324838,0.027317561739146217,0.0004660036305331243,0.5993031358885017
4937,0.017200000000000003,1.652032615543986e-05,0.0060392477409603185,0.024470126454033167,0.0027779318458183606,0.3191256830601093
4942,0.0044,3.634535938162248e-06,0.0017037476313173094,0.010710310984779984,0.00031688805514603583,0.5032679738562091
4943,0.006200000000000001,1.1851979771200918e-06,0.002909891886128557,0.027179179348186335,0.00012196709519494205,0.3563218390804598
4952,0.0016,0.0,0.0008010412093559793,0.0032942141932376535,6.0779991530468145e-05,0.3055555555555556
4955,0.0012,0.0,0.0006006606425976724,0.008122519108972513,0.0,0.7619047619047619
4959,0.01,5.860712963255946e-06,0.004018078055767926,0.03498621576816942,0.0007646950409061773,0.27195121951219514
4961,0.0088,1.6549317153354875e-06,0.0035140536841118397,0.03593214129529969,0.0018041274037017812,0.4126984126984127
4970,0.0022,0.0,0.0008010412093559793,0.007317922909865833,0.0002622309721941378,0.6111111111111112
4981,0.0048000000000000004,1.4191802834030056e-06,0.0023064569722013317,0.022322038329119515,2.202781099967658e-05,0.391304347826087
4989,0.0036,0.0,0.0017037476313173094,0.012366361834176453,9.697300722529413e-05,0.32679738562091504
4991,0.0694,0.0010548133642127016,0.03542914835535482,0.16065455172799545,0.12332739586250398,0.08944129030058139
4994,0.020800000000000003,7.024660797039293e-05,0.009595940981927287,0.03493508707658914,0.011000038100415024,0.22456140350877193
5008,0.055600000000000004,0.0002907002502893529,0.020001960584254297,0.10305380877419833,0.010627319507045494,0.19449911944473222
5011,0.0896,0.0018921383692501038,0.046048763755790256,0.1580161597639524,0.04392503469790877,0.03836322407750979
5017,0.0102,3.4532848575753976e-06,0.00381640757517987,0.032770718410076935,0.000596859400204387,0.349527665317139
5018,0.0132,2.1767031916691722e-05,0.005937996047684635,0.04766667198580074,0.005164742401286615,0.28418079096045196
5032,0.005200000000000001,2.7296654382455253e-06,0.0025075212596070706,0.012890563696169526,0.0022036401307661524,0.2676923076923077
5033,0.005200000000000001,4.87491709931417e-06,0.0024069790354728227,0.017991620900764806,0.0007308949035462136,0.36666666666666664
5039,0.0026,8.246717977210149e-07,0.0012020431607797644,0.003930380673933526,0.0011803961835931986,0.34615384615384615
5040,0.007200000000000001,7.091832571410632e-06,0.0032118818425515006,0.017054523457421693,0.004071498998722974,0.25757575757575757
5067,0.0144,1.3704569097497217e-05,0.005027646928883245,0.03506816674401629,0.0024369184181661703,0.22588235294117648
5073,0.041400000000000006,0.00017127717737040906,0.017199207725418386,0.09645762128714391,0.01826829272296799,0.15969369996519317
5082,0.033,0.00012180871265950767,0.014411812416493808,0.07506770994934817,0.008957611986004841,0.18300009849305623
5087,0.0126,1.0739033369069513e-05,0.0052298043400367256,0.036242975730504445,0.0014734999245101191,0.27866473149492016
5109,0.0022,5.743416838179374e-07,0.0009012615859320672,0.0038016282778440894,0.00029864284570254836,0.5333333333333333
5116,0.0198,7.830420580077967e-05,0.007763649814764628,0.03995702511765582,0.0027549157930050246,0.2097902097902098
5138,0.006000000000000001,1.6322314738741784e-06,0.0027086662147308704,0.02307361256016282,0.00013730064076792475,0.4523809523809524
5142,0.0108,5.832192918657713e-06,0.004118943680324838,0.03285795920729387,0.0014253125920987517,0.5040650406504065
5146,0.002,5.506369788141044e-07,0.0010015020326745727,0.010716868145266817,0.0,0.6545454545454545
5148,0.001,3.2298256950317676e-09,0.0005005004403684232,0.010313746931796493,0.0,0.7333333333333333
5153,0.0028,0.0,0.0010015020326745727,0.0055636599233045685,0.00023024143250732234,0.41818181818181815
5155,0.0126,2.682361258688447e-05,0.0052298043400367256,0.026970585065663005,0.0015461976414135143,0.2779390420899855
5182,0.0024000000000000002,0.0,0.0012020431607797644,0.008680008446585863,4.550394716439543e-05,0.48717948717948717
5193,0.041,0.0005262338053327049,0.020418497091599708,0.05328493547078118,0.01895532752250476,0.0572636815920398
5194,0.028600000000000004,9.034039971078161e-05,0.012459450055088084,0.07532494572963942,0.01219627996392908,0.21597167584579072
5195,0.0132,1.8768162744452667e-05,0.005432043077715942,0.029624682886534973,0.015556587524997946,0.25993265993265996
5199,0.029200000000000004,0.00019682573647751613,0.0137944641399812,0.04988197145130334,0.01565586281435659,0.0888793473593817
5208,0.005600000000000001,2.7917922583940797e-06,0.0023064569722013317,0.013153254160690454,0.0014582457667723031,0.35507246376811596
5220,0.0058000000000000005,1.1196605053152284e-06,0.0023064569722013317,0.01711773671662925,0.00045736526806451443,0.5543478260869565
5226,0.091,0.0019941848397713544,0.04103705420520831,0.11542034650586638,0.05232127788336074,0.050710017348840196
5227,0.0092,0.0,0.004421662164313389,0.018126899312411522,0.006371113520377688,0.3414141414141414
5228,0.01,8.999388653442777e-06,0.004018078055767926,0.02902357015608722,0.0016315187986776173,0.3195121951219512
5249,0.0028,7.751313681095772e-07,0.0014026646419362798,0.005181794568278256,0.0005792895416436278,0.44761904761904764
5250,0.0016,1.3604564131756305e-06,0.0007008408969193525,0.0055627142346052275,0.0002630520688388624,0.4642857142857143
5252,0.025,2.749274692311858e-05,0.01000402181482829,0.0735865055614473,0.016576636129033658,0.27070707070707073
5255,0.006000000000000001,2.170511672178181e-06,0.002909891886128557,0.03349196963772484,0.0009526140435835235,0.4160919540229885
5260,0.0006000000000000001,0.0,0.00020014008604940514,0.0031174243265311187,0.0001085779932601022,0.6666666666666666
5268,0.0022,3.2298256950317676e-09,0.0009012615859320672,0.011968725805129539,0.0012288041178882521,0.6
5281,0.0088,6.2766795661699844e-06,0.003312585572165627,0.018060606550569645,0.0019878516648217967,0.34759358288770054
5335,0.0308,0.00016355058454561912,0.011946918660165728,0.03752897973583025,0.01761694416003315,0.1989745050562598
5342,0.0054,1.4673071351389078e-06,0.0024069790354728227,0.01747647615979199,0.0004158596579002684,0.43666666666666665
5346,0.0012,0.0,0.0006006606425976724,0.012957962833477568,0.0,0.7619047619047619
5355,0.0004000000000000001,0.0,0.00020014008604940514,0.0031191474347964983,0.0,1.0
5367,0.0102,1.87804198747588e-05,0.0043207357284889,0.022221291067187208,0.0009382441935618747,0.1543340380549683
5369,0.0012,0.0,0.0005005004403684232,0.0057906439415634,0.000247130638332829,0.5333333333333333
5381,0.005000000000000001,3.266504340341545e-06,0.0018041488566566954,0.007010022586638362,0.0010867078076408966,0.19883040935672514
5382,0.004600000000000001,1.8031101265696636e-06,0.0018041488566566954,0.0151931051792836,0.00043553947234335354,0.30409356725146197
5390,0.006000000000000001,6.333361297616059e-06,0.0024069790354728227,0.012073286108561666,0.001233420634941535,0.19666666666666666
5399,0.0094,6.100337631021549e-06,0.003312585572165627,0.012916604751210647,0.0016533995667567265,0.38859180035650626
5401,0.0048000000000000004,0.0,0.0019045702065152437,0.021058936815758048,0.0003044093745764884,0.39473684210526316
5410,0.0024000000000000002,1.8188842797125148e-08,0.0012020431607797644,0.01929566719464795,0.0,0.5384615384615384
5413,0.0014,0.0,0.0004003602842119758,0.0025262850811432567,0.00015482025678512524,0.9
5414,0.0138,1.2771851937770022e-05,0.0052298043400367256,0.03484584146765535,0.0010620787435073695,0.2692307692307692
5420,0.0,0.0,0.0,0.0,0.0,0.0
5424,0.0026,1.2731126756144076e-07,0.0011017625556131172,0.01580427128256323,0.0002872157019009593,0.4696969696969697
5427,0.016600000000000004,4.701714834942797e-05,0.007154362853342144,0.03162044128686063,0.0073885573888914985,0.1807511737089202
5429,0.0216,1.360733925627015e-05,0.008373674262927011,0.04368444255901793,0.005908037353071259,0.22862880091795754
5430,0.008,8.861044156997053e-06,0.0034133095173229933,0.03011365400177059,0.001788018929418789,0.35294117647058826
5438,0.0366,0.0003331537191140736,0.01637171745477395,0.08325354847090044,0.012514698154623447,0.13641591902461467
5439,0.0664,0.0008135217694832561,0.031049940603304016,0.14380878002481975,0.04248746066073118,0.09702756815031573
5441,0.0048000000000000004,3.940550447859677e-06,0.0021054733039971296,0.013338762797594828,0.0002318023981056407,0.44155844155844154
5444,0.007200000000000001,3.82299707743276e-06,0.0028092689578591568,0.020702258322872633,0.0006739622171028048,0.2955665024630542
5448,0.0022,0.0,0.0009012615859320672,0.0062673308561266,0.00010751520241425265,0.3333333333333333
5449,0.020800000000000003,8.251800882729084e-05,0.0093920241763914,0.03794866821219814,0.010079897535237933,0.1169068862960421
5456,0.0008,0.0,0.0004003602842119758,0.008234740449600556,0.0,0.5
5461,0.0014,2.8960027910119323e-07,0.0007008408969193525,0.006144314264316282,0.0,0.6071428571428571
5463,0.005200000000000001,2.69741608826045e-07,0.0023064569722013317,0.012671107111645017,0.006690519148633116,0.5144927536231884
5474,0.0108,1.9720641744385914e-05,0.003715602706946264,0.015052734151837166,0.0014468450380634166,0.33428165007112376
5476,0.0012,2.203663931353103e-07,0.0005005004403684232,0.006243497405002334,0.00013235458921629338,0.8666666666666667
5477,0.0148,9.515327013596377e-06,0.005836764729032939,0.02180337456498961,0.0032726692409256364,0.31502045587375804
5482,0.0102,8.19632076331763e-06,0.0048255707952091775,0.02901346936731263,0.00018905489297472273,0.34183673469387754
5487,0.0036,1.976411088432314e-06,0.0016033665244477024,0.012331156716030016,0.0004553026100872461,0.3161764705882353
5490,0.0028,3.283879847904178e-07,0.0010015020326745727,0.010224475661193742,0.0002600431921822062,0.5636363636363636
5493,0.002,2.5327547242983433e-08,0.0010015020326745727,0.01542240511173227,0.0,0.4
5502,0.0038,7.867589153996837e-07,0.0017037476313173094,0.015002406841803793,0.0004291430006354706,0.42483660130718953
5509,0.0018,0.0,0.0008010412093559793,0.011655064365397549,0.00020038717214700553,0.6944444444444444
5513,0.015600000000000001,2.14916698122504e-05,0.007052886632642474,0.04100401582421109,0.002123111954730302,0.3476861167002012
5544,0.001,9.689721768860075e-07,0.0004003602842119758,0.003162583362060614,0.00011987747674318378,0.4
5548,0.0014,0.0,0.0007008408969193525,0.011371233783599395,6.70435807779479e-05,0.5357142857142857
5556,0.002,1.6141298978399297e-07,0.0009012615859320672,0.008182097740047578,0.00045517170732424625,0.3333333333333333
5562,0.0068000000000000005,1.9326632371967875e-07,0.0025075212596070706,0.019991507317198835,0.0004404871921784259,0.4707692307692308
5563,0.0014,9.095678524739007e-08,0.0006006606425976724,0.006395845156245562,0.0007837287045242956,0.5238095238095238
5565,0.0018,9.031111821639375e-07,0.0008010412093559793,0.009478687022257157,0.0009741269735217937,0.6944444444444444
5589,0.0034000000000000002,0.0,0.0013023438542085763,0.011805438664843987,0.00035786519211002826,0.4175824175824176
5592,0.004000000000000001,6.992528936214352e-07,0.001503005530002266,0.007728082461836183,0.0005267451706205611,0.5833333333333334
5604,0.0054,0.0,0.0020050116869441137,0.011431125471754275,0.000499962536366417,0.22380952380952382
5628,0.0104,4.808270457827231e-05,0.0052298043400367256,0.00926211273682933,0.0030225350989683333,0.0420899854862119
5633,0.006000000000000001,1.2969480429317742e-06,0.002205955063729892,0.01162456603697887,0.0005457896739835515,0.38735177865612647
5638,0.0096,3.0917490903870974e-06,0.0030105350056146563,0.0058935259841280865,0.002644367413714008,0.3741935483870968
5639,0.007200000000000001,3.2060352622395728e-06,0.0024069790354728227,0.016549917437778436,0.0010917731340369667,0.46
5641,0.013,1.854045468503826e-05,0.0057355537788557065,0.03336678181089839,0.004346658917306236,0.23169993950393225
5646,0.008,7.124942498378917e-06,0.0030105350056146563,0.019274863556216656,0.0007967014960217664,0.31827956989247314
5650,0.016,5.725312514099367e-05,0.006951430854372331,0.05005982732416736,0.0008567339361522094,0.2360248447204969
5656,0.005600000000000001,9.830413023444258e-06,0.0024069790354728227,0.017363710272210196,0.0006616884234695732,0.43333333333333335
5657,0.0086,4.207582270759877e-06,0.003917232689420347,0.03437746333942027,0.00018906112847893314,0.2782051282051282
5661,0.0008,0.0,0.0004003602842119758,0.010447655581158247,0.0,0.8
5665,0.004600000000000001,6.427896466123114e-07,0.0018041488566566954,0.017238218105711956,0.0005122172024527445,0.5672514619883041
5678,0.007000000000000001,1.1767757366730845e-05,0.0034133095173229933,0.034428124574541336,3.2081176439713094e-05,0.3697478991596639
5680,0.005200000000000001,3.950848303452515e-06,0.0023064569722013317,0.022581875441554038,0.00034708911815100935,0.4384057971014493
5690,0.0026,1.1222114140516999e-06,0.0012020431607797644,0.009363692486139944,0.0007001792136166006,0.3974358974358974
5697,0.032400000000000005,0.00011772002192662613,0.010923410723375326,0.0586225129090478,0.009680110449184208,0.19571865443425077
5699,0.0086,7.841789008523833e-06,0.003312585572165627,0.02248809330336156,0.005537056032842772,0.2905525846702317
5700,0.0082,9.429242901720207e-07,0.004118943680324838,0.0494895368135672,0.00027248178344869425,0.38559814169570267
5709,0.0064,5.204296216360661e-07,0.0023064569722013317,0.011095197853750002,0.0013668212078157397,0.2826086956521739
5716,0.189,0.007858272276009373,0.09654229137086467,0.3468599220927541,0.3135849106414353,0.04807553400061913
5721,0.0038,1.3530803543852514e-06,0.0016033665244477024,0.012781635810811102,0.0005286402069472081,0.3382352941176471
5724,0.0054,7.397765625735389e-07,0.0025075212596070706,0.022143859780268907,0.0012182589253996734,0.26461538461538464
5734,0.0176,5.3095320700506474e-05,0.006140519815011292,0.032205737361896095,0.006422138400537555,0.23056583818085669
5739,0.0092,0.0,0.00381640757517987,0.03233627772506262,0.00123345225959103,0.3360323886639676
5740,0.0034000000000000002,2.365277067477154e-07,0.0017037476313173094,0.02005089550990872,0.0,0.47058823529411764
5742,0.023200000000000002,5.391476679554819e-05,0.009799940178091493,0.06747717567777427,0.0013496360894548949,0.2310119924258363
5744,0.0522,0.0002741508399468746,0.0198978795762339,0.12289852739972526,0.02689666797934323,0.18079539508110937
5753,0.016600000000000004,8.023611652739462e-05,0.007052886632642474,0.0367575021679617,0.0008557155596005699,0.1561368209255533
5754,0.0092,7.155261692371257e-06,0.004118943680324838,0.033523184119578164,0.001790718400449413,0.2264808362369338
5756,0.0034000000000000002,0.0,0.0016033665244477024,0.019159309262484613,5.45864615514787e-05,0.4411764705882353
5761,0.0018,0.0,0.0007008408969193525,0.004090093524980546,0.0001444802373464087,0.4642857142857143
5762,0.0712,0.0006921942259939697,0.032754486091957524,0.13980513250755733,0.04604686045029602,0.0915024899311549
5768,0.0146,1.171114440181686e-05,0.005533192959340294,0.031180222664406194,0.0050181076980796435,0.4331168831168831
5770,0.026000000000000002,4.610069656560058e-05,0.01082117376778835,0.08764931554824726,0.010871861029826822,0.29231568016614745
5771,0.0366,0.00014283401320037723,0.013383315819992747,0.09724144225575511,0.005959992328944728,0.2611073137388927
5776,0.0222,5.997223972241662e-05,0.009799940178091493,0.08519864101253517,0.0007469786331580089,0.29391962970755314
5784,0.0094,2.7099590437914292e-05,0.004421662164313389,0.026127938237234482,0.0018161336212985514,0.20404040404040405
5787,0.0028,1.0886048453426721e-07,0.0014026646419362798,0.0063569802743305166,0.00137965379013969,0.3142857142857143
5793,0.009,9.763333572280225e-06,0.004421662164313389,0.015097442152348785,0.010203922829619442,0.1808080808080808
5794,0.006000000000000001,0.0,0.0027086662147308704,0.016834178001352784,0.0018341862268969038,0.35185185185185186
5795,0.0084,2.4791421045943123e-05,0.003614818078621962,0.021138133353037377,0.0017883430092630968,0.26126126126126126
5800,0.0102,3.9497148896645195e-05,0.003917232689420347,0.01151121294833268,0.0015804940915967606,0.26794871794871794
5806,0.005000000000000001,3.2534892942149035e-06,0.0021054733039971296,0.020645359022414194,0.0002759401877523318,0.3116883116883117
5809,0.008,3.381894447682105e-06,0.0035140536841118397,0.03490977302540299,0.00037644137624395985,0.4031746031746032
5824,0.01,1.4920499130370054e-05,0.0043207357284889,0.02306229057632331,0.0018747315060145186,0.226215644820296
5826,0.0094,7.981765068210738e-06,0.002608083650670334,0.007765643672739752,0.0014988409602497829,0.21367521367521367
5827,0.0106,7.758347321833994e-06,0.003614818078621962,0.01320170660433942,0.00214533805512054,0.15615615615615616
5839,0.0082,2.330095071680759e-06,0.00381640757517987,0.03831154760835355,0.00010504019393769049,0.34547908232118757
5847,0.003,5.1151821484949715e-08,0.0012020431607797644,0.01743172766068464,0.00011453325699924371,0.5256410256410257
5854,0.0014,0.0,0.0004003602842119758,0.0008408989901523911,0.00023805843939600036,0.7
5866,0.0114,2.257349431687851e-05,0.004118943680324838,0.025621006369609994,0.0009632037050628807,0.305458768873403
5877,0.025400000000000002,4.58837054808307e-05,0.00990197068826526,0.07138015702900286,0.0017810393166524962,0.2628324056895485
5880,0.007000000000000001,1.6333154843894701e-06,0.0034133095173229933,0.03300687229747544,8.245462986350644e-05,0.32605042016806723
5892,0.0086,1.8504759508906917e-06,0.004118943680324838,0.03983456488206935,3.874391351994105e-05,0.40301974448315914
5894,0.0094,6.241800403823543e-06,0.004118943680324838,0.04025883898423534,0.0005409615070151519,0.34610917537746805
5897,0.0012,7.373370477380962e-08,0.0006006606425976724,0.003937336558876141,5.352705690170594e-05,0.47619047619047616
5917,0.007600000000000001,1.1593125296475793e-05,0.003715602706946264,0.03506869792975369,5.1875689785485404e-05,0.3129445234708393
5931,0.013,1.6966144129905e-05,0.0048255707952091775,0.02259577399009129,0.003053437402525772,0.17006802721088435
5933,0.034,0.000173260345829221,0.01307517332024033,0.05618608839763886,0.01316336233827474,0.12772808586762074
5947,0.0032,1.561832899326743e-06,0.0014026646419362798,0.006478419678943238,0.00012474400842091846,0.26666666666666666
5953,0.007200000000000001,6.12894761760938e-06,0.002909891886128557,0.009625592601062244,0.001454731096740657,0.15632183908045977
5956,0.0078000000000000005,1.1056037269598156e-05,0.003614818078621962,0.01781717506038665,0.0005339409997582168,0.24474474474474475
5963,0.030600000000000002,0.00012982414237492807,0.013383315819992747,0.09396101737725847,0.014650055002518118,0.22476646160856686
5972,0.003,1.468651482116788e-07,0.001503005530002266,0.011678403458496994,0.0002058657296726623,0.38333333333333336
5975,0.007000000000000001,1.9654701868825143e-05,0.0027086662147308704,0.017135260208756758,0.0008401476647501754,0.2619047619047619
5980,0.029,0.00020104471275116104,0.0137944641399812,0.05280955478171506,0.01515140961553405,0.11260197509660799
5996,0.0038,1.6193591010700832e-06,0.0016033665244477024,0.010196604546870186,0.0005525335128247886,0.35294117647058826
5997,0.0006000000000000001,0.0,0.00020014008604940514,0.0003582275487389319,8.477023473570675e-05,0.6666666666666666
6014,0.0144,6.693077195904295e-05,0.007154362853342144,0.017448135508753883,0.009921221157870506,0.07981220657276995
6021,0.0064,2.3467220561667116e-06,0.003111198322395703,0.015073886557636116,0.002574502428526776,0.18548387096774194
6024,0.0006000000000000001,0.0,0.00020014008604940514,0.002075314200177045,8.477023473570675e-05,1.0
6028,0.0036,1.3663271724121466e-06,0.001503005530002266,0.009181164004208384,0.00033290568083308325,0.2916666666666667
6034,0.0018,3.060644349101532e-07,0.0006006606425976724,0.0008644597322385855,0.0004367959503374859,0.7142857142857143
6039,0.026600000000000002,5.030073124363763e-05,0.010310298955357844,0.09037397776422218,0.010529614313920632,0.29925756710451173
6040,0.0022,0.0,0.0010015020326745727,0.009524263975920426,0.00045008924260286573,0.45454545454545453
6052,0.006600000000000001,4.668839883196025e-06,0.0030105350056146563,0.026094065011211056,0.0007337190220160272,0.2817204301075269
6062,0.0026,6.705593528486082e-07,0.0009012615859320672,0.004370049970756898,0.0006203797782707812,0.5555555555555556
6068,0.0086,8.5565934827703e-06,0.003715602706946264,0.02709747352055138,0.0003441688772068064,0.2887624466571835
6071,0.0112,7.827401193131352e-06,0.004522608882781443,0.03232901596982468,0.0009119136951387202,0.26763285024154587
6078,0.06459999999999999,0.0006829857036459712,0.027024103251327203,0.11616477930599117,0.020283175563260383,0.10208549372047471
6080,0.0534,0.0002650455918819869,0.02365822429729625,0.1293719310236392,0.030377301027455873,0.15562024182713838
6081,0.0898,0.0009988786651911274,0.04006211306828211,0.1999949815565736,0.05959901874994516,0.10926586367000875
6083,0.005200000000000001,6.477204379104374e-07,0.0023064569722013317,0.024956574015596557,0.00033807148997219824,0.40217391304347827
6085,0.007200000000000001,7.257013717838845e-06,0.0034133095173229933,0.03442494158829547,0.00014353009563481637,0.30756302521008405
6087,0.0144,3.9291543385735164e-06,0.005533192959340294,0.05338652119011411,0.0071169093278737215,0.4564935064935065
6095,0.0102,1.6347577934076248e-05,0.00381640757517987,0.016107987409226233,0.0014900949482896677,0.16869095816464239
6101,0.0034000000000000002,0.0,0.0011017625556131172,0.008876709143719116,0.0005740854844182179,0.4090909090909091
6102,0.0034000000000000002,2.639295643708554e-07,0.0013023438542085763,0.00891245669188145,0.0006759619616724997,0.3626373626373626
6122,0.001,0.0,0.0004003602842119758,0.0037485904672430095,0.00010108613048543291,0.6
6143,0.003,4.272840595615688e-06,0.0014026646419362798,0.010812798093623129,0.00010409112048338483,0.38095238095238093
6153,0.0026,1.137911629611547e-06,0.0013023438542085763,0.009800494960531498,2.3502167049539464e-05,0.32967032967032966
6161,0.0096,5.014550630004109e-06,0.004018078055767926,0.0253963166763899,0.00051163118796936,0.44146341463414634
6184,0.0016,0.0,0.0005005004403684232,0.0014848736572952628,0.0013471981099934102,0.4666666666666667
6187,0.0086,7.163325322810875e-06,0.003614818078621962,0.026023665726815536,0.0013833132098537144,0.22522522522522523
6188,0.0078000000000000005,1.0685054495360649e-05,0.003111198322395703,0.014132542012271324,0.0029999016657907083,0.28024193548387094
6190,0.0102,7.793415532246744e-06,0.004219829569195754,0.03130080127359658,0.0018202204420717442,0.27353266888150607
6192,0.003,3.03311280049262e-06,0.0013023438542085763,0.011670650663830877,0.00018025094598567463,0.3626373626373626
6193,0.0022,1.124793261193891e-06,0.0008010412093559793,0.005184367914522236,0.000567746866628788,0.4166666666666667
6195,0.0006000000000000001,0.0,0.00030024016811047716,0.006912921654081881,0.0,1.0
6202,0.009,1.106570398076421e-05,0.0030105350056146563,0.011914859036440871,0.001226505430553713,0.21935483870967742
6209,0.007600000000000001,8.916144479285499e-06,0.0034133095173229933,0.02964984917469311,0.0005765654926568835,0.28739495798319326
6214,0.0018,0.0,0.0008010412093559793,0.0025363972126135077,0.0002465057027792756,0.3055555555555556
6217,0.012,4.178552039445633e-05,0.00472456319211112,0.02796022683687906,0.0013579411629369865,0.19592198581560283
6219,0.0016,0.0,0.0008010412093559793,0.002849482743547495,0.0,0.4166666666666667
6224,0.0108,7.864209542707416e-06,0.00472456319211112,0.03412281218406199,0.002993341463928845,0.3484042553191489
6225,0.015600000000000001,4.735151853069427e-05,0.006343125130060079,0.02679489657667058,0.003783166247633159,0.14732142857142858
6233,0.0102,1.1013254107082466e-06,0.004018078055767926,0.02604644360218954,0.0020615604561417173,0.325609756097561
6236,0.026000000000000002,0.000153850190577667,0.010718957484925129,0.037862506216873495,0.008129120936234392,0.12414036325163111
6247,0.0048000000000000004,1.464174658865213e-07,0.002205955063729892,0.01888399322622586,0.0005284679651414345,0.3438735177865613
6249,0.015,1.8855622413512198e-05,0.006444458383373597,0.03991404998498173,0.0006447301145672202,0.28557692307692306
6259,0.0016,0.0,0.0008010412093559793,0.005818996653762575,0.0,0.4444444444444444
6265,0.0086,2.0160953116085844e-06,0.0032118818425515006,0.016333889451245635,0.001516985299671331,0.3333333333333333
6269,0.0034000000000000002,1.6135389840084393e-06,0.0010015020326745727,0.006537313483576225,0.00038764178780505306,0.38181818181818183
6282,0.0068000000000000005,8.31643729805197e-06,0.0027086662147308704,0.013566427577636389,0.0014489432834799512,0.24603174603174602
6286,0.0058000000000000005,1.1482575559621525e-06,0.0027086662147308704,0.02521957432038339,0.0020300420002566538,0.3915343915343915
6298,0.004200000000000001,1.2596818870336687e-07,0.0017037476313173094,0.008041805762459784,0.0017112107871554562,0.30718954248366015
6309,0.006200000000000001,2.439220507866438e-06,0.002608083650670334,0.02807745845798903,0.0003526916264989247,0.3561253561253561
6330,0.014,2.6384642332966856e-05,0.006343125130060079,0.042986586875010516,0.0046459317062332115,0.3353174603174603
6331,0.020800000000000003,6.486185578466683e-05,0.010106093564029806,0.0488464129512194,0.008753881591859481,0.1716831683168317
6338,0.0284,0.00010725955332461795,0.010923410723375326,0.0352696299339505,0.007681272430929511,0.15171593611960585
6359,0.003,4.181789615204272e-06,0.0013023438542085763,0.008577350430242901,0.00018696283174632897,0.2857142857142857
6376,0.003,2.934732414069817e-08,0.001503005530002266,0.019386651653193428,0.0010683178191527101,0.5833333333333334
6378,0.013600000000000001,1.2185450741519524e-05,0.0052298043400367256,0.04210387900385226,0.0025639978994587485,0.28519593613933236
6384,0.0006000000000000001,0.0,0.00020014008604940514,0.000878706352738577,4.5024402677067425e-05,0.6666666666666666
6391,0.011,1.640737757073922e-05,0.0048255707952091775,0.03290050594333856,0.0012025022859423794,0.28401360544217685
6393,0.014,2.2526443790767367e-05,0.006444458383373597,0.03103567254856723,0.016175589934483533,0.34134615384615385
6394,0.0182,4.728704198672635e-05,0.008271952250391124,0.06660169833333292,0.0012339591621817114,0.26153394064061125
6428,0.004000000000000001,4.749058548967792e-06,0.0018041488566566954,0.01493009176842685,0.00038804676508565246,0.3567251461988304
6430,0.006000000000000001,7.471796663662599e-07,0.002608083650670334,0.026627616752451042,0.0002501029538027207,0.3817663817663818
6431,0.004000000000000001,7.577946728078864e-06,0.0014026646419362798,0.005322063177489053,0.0006572083023563031,0.2571428571428571
6433,0.0008,0.0,0.00030024016811047716,0.0011046075316487507,3.1788846613903157e-05,0.6666666666666666
6435,0.007000000000000001,8.991614510185971e-06,0.0020050116869441137,0.011223744264325802,0.0008652223472039418,0.24761904761904763
6436,0.0122,1.544396827687879e-06,0.0052298043400367256,0.05021696133162687,0.0010307285874550467,0.3795355587808418
6442,0.0026,2.9476943396367846e-06,0.0009012615859320672,0.00859543919019259,0.00022783265917450531,0.3333333333333333
6443,0.0012,0.0,0.0004003602842119758,0.0044144611081554964,0.000196933488837143,0.6
6444,0.0054,1.685505684911731e-06,0.0024069790354728227,0.019237747451423138,0.00027893376137673,0.36333333333333334
6448,0.002,0.0,0.0010015020326745727,0.007556398059408439,0.0,0.6
6451,0.0044,5.313278590040259e-06,0.001503005530002266,0.00688880454227201,0.0005891115922050427,0.375
6452,0.0012,4.954025846395266e-08,0.0005005004403684232,0.00303890294088382,9.943794444917996e-05,0.6
6458,0.004000000000000001,2.8471927469523502e-06,0.0017037476313173094,0.020763134978604703,0.0002525645055470807,0.4117647058823529
6459,0.0134,1.1383598169848605e-05,0.0052298043400367256,0.03701322798778828,0.008189481216846931,0.3664731494920174
6461,0.005000000000000001,5.256308869087666e-06,0.002205955063729892,0.011696331573305012,0.0001488134871563938,0.2134387351778656
6463,0.0038,0.0,0.0012020431607797644,0.0029038927496330535,0.0004715444956615067,0.20512820512820512
6467,0.0098,6.127008552684759e-06,0.003715602706946264,0.028747220814443756,0.000840342870196811,0.3058321479374111
6473,0.005200000000000001,1.0688892509845098e-05,0.0017037476313173094,0.0036015144234054167,0.0010843686449631984,0.2222222222222222
6476,0.002,0.0,0.0007008408969193525,0.004218751653986393,0.0002882314720607143,0.42857142857142855
6477,0.012,4.345268582500227e-06,0.005937996047684635,0.06171870247101573,3.1788846613903157e-05,0.3389830508474576
6481,0.0094,1.1899392419400596e-05,0.0034133095173229933,0.029258767082756734,0.0006790181686541266,0.29747899159663865
6492,0.0038,1.1055047388954733e-05,0.0016033665244477024,0.005079379082345301,0.0010279014023486803,0.21323529411764705
6521,0.011,2.5192001330557404e-05,0.004623575890008391,0.028661272685065273,0.0016944362587446222,0.21646623496762257
6525,0.0086,3.9361901788719875e-05,0.004018078055767926,0.010146715320283831,0.0034722247684730295,0.12317073170731707
6541,0.0028,4.2014748476134095e-07,0.0012020431607797644,0.011012602945718378,0.0006552241858677692,0.4358974358974359
6545,0.006000000000000001,5.516977831596265e-06,0.0027086662147308704,0.021371185554299232,0.00032316200432174955,0.32275132275132273
6565,0.006200000000000001,7.411649410515443e-06,0.0023064569722013317,0.0157525971139613,0.0016591100726679395,0.3007246376811594
6607,0.022600000000000002,2.849653674979303e-05,0.008984437537631118,0.04522144458881375,0.003409584454690159,0.3086142322097378
6610,0.0058000000000000005,4.642421538562627e-06,0.0025075212596070706,0.021812779347418088,0.001150026648724029,0.27076923076923076
6629,0.006000000000000001,2.3541473944470375e-06,0.002608083650670334,0.024326549960581145,0.0003698065787522711,0.5555555555555556
6635,0.0014,0.0,0.0006006606425976724,0.003496208920236542,0.0002076406145820411,0.38095238095238093
6647,0.003,4.590966523652298e-08,0.0014026646419362798,0.0038642369168069898,0.00031192587546454396,0.4666666666666667
6648,0.0132,4.941812543083232e-06,0.005330913539993931,0.014371409449361671,0.006403872822066512,0.39273235499650594
6649,0.0032,2.7883370209829394e-07,0.0013023438542085763,0.004090884544383383,0.00021958816353447573,0.42857142857142855
6650,0.0108,3.325428581506376e-05,0.005128715471710565,0.024983593569751047,0.002711112170942624,0.22850678733031674
6655,0.0014,0.0,0.0007008408969193525,0.012516928073823198,0.0,0.5357142857142857
6657,0.0078000000000000005,6.882060051971284e-07,0.003111198322395703,0.008019598660580772,0.003108287519568067,0.5221774193548387
6660,0.0194,8.775548473115599e-05,0.009493972283450391,0.04115370644797191,0.006925378638452647,0.2530795072788354
6661,0.0118,1.6549879415519376e-05,0.005533192959340294,0.015794705339937414,0.005366780322922151,0.3246753246753247
6666,0.006200000000000001,2.29470048285042e-06,0.0028092689578591568,0.010644412102251283,0.0015746168347573904,0.3768472906403941
6668,0.003,6.428107384493033e-08,0.0013023438542085763,0.0063345048045793835,0.00011079908755071664,0.5934065934065934
6673,0.016800000000000002,1.808518952891415e-05,0.006951430854372331,0.026914610624625784,0.0037588964105764776,0.34575569358178054
6677,0.007000000000000001,3.587007694273684e-06,0.0032118818425515006,0.009975262599083639,0.0004909267019376854,0.44507575757575757
6685,0.0064,6.70944272618914e-07,0.002608083650670334,0.010502451697259975,0.0005013543297375556,0.36752136752136755
6691,0.0054,4.862263636175248e-06,0.002608083650670334,0.0153601374995645,7.310572134052167e-05,0.30484330484330485
6694,0.0058000000000000005,2.2309618111683706e-06,0.0028092689578591568,0.010193918208390843,0.001777773816032534,0.3669950738916256
6697,0.011,1.1490310815511409e-05,0.0052298043400367256,0.019457700702680002,0.00551687579225694,0.27866473149492016
6701,0.0018,0.0,0.0005005004403684232,0.0037229952445117665,0.000268021059982773,0.4666666666666667
6703,0.0256,7.108671263863796e-05,0.01133256539844063,0.041907194011346696,0.007528145048129175,0.24099241466498103
6704,0.0084,1.856082347476035e-05,0.004118943680324838,0.01712899860003289,0.0001273034866840502,0.3995354239256678
6707,0.008,7.718434979649713e-06,0.003917232689420347,0.025942812496603556,0.0002375195493025049,0.4205128205128205
6710,0.007200000000000001,4.526389338114112e-06,0.0032118818425515006,0.009786058452967768,0.0017780241016693323,0.5189393939393939
6716,0.0016,4.120098162252062e-08,0.0007008408969193525,0.008873211157401415,4.3779408321886694e-05,0.6071428571428571
6717,0.0022,0.0,0.0010015020326745727,0.014491811296328368,0.0001221172224263585,0.4909090909090909
6725,0.0036,6.811352157197906e-06,0.001503005530002266,0.009586339229200859,0.0008727917462743405,0.38333333333333336
6733,0.0018,0.0,0.0008010412093559793,0.007503806945034167,5.968318729832403e-05,0.3611111111111111
6735,0.0094,1.3077834268202329e-05,0.0035140536841118397,0.0210032557398671,0.004173180997954987,0.3523809523809524
6747,0.0026,6.429425881736292e-06,0.0013023438542085763,0.0031863312434864764,0.000593794164096434,0.2087912087912088
6753,0.036000000000000004,0.00025975225185336697,0.01626837580615259,0.05727835455017516,0.011854027927549467,0.07166149068322981
6754,0.0068000000000000005,1.4987852390166184e-06,0.003111198322395703,0.0296044769430388,0.00014561541307664926,0.3810483870967742
6757,0.007600000000000001,5.811564091381698e-06,0.0025075212596070706,0.02247355577004487,0.0007528817866329019,0.27692307692307694
6764,0.0102,3.2275332115530743e-06,0.004623575890008391,0.048857929382168305,0.0007449925662672119,0.4357076780758557
6765,0.0038,0.0,0.0017037476313173094,0.006091132603658272,0.00015066147563358044,0.29411764705882354
6773,0.0058000000000000005,4.666772671806562e-06,0.002608083650670334,0.01989630836306681,0.00014723266295598066,0.3190883190883191
6789,0.005600000000000001,4.876613266686934e-06,0.0027086662147308704,0.024100471011433314,8.22875352550341e-05,0.31746031746031744
6794,0.004200000000000001,3.85641187986793e-07,0.0017037476313173094,0.013348184632308791,0.0006155151982982758,0.39215686274509803
6806,0.0016,0.0,0.0004003602842119758,0.001221062383073332,0.00031081196410662703,0.5
6862,0.007200000000000001,1.5151173522401245e-06,0.003614818078621962,0.04085128573081144,0.0,0.3333333333333333
6871,0.0082,2.656163113985932e-06,0.004018078055767926,0.03757703276332372,0.00011518856866354552,0.2646341463414634
6881,0.0064,2.6569708648246157e-06,0.0024069790354728227,0.00927606444301465,0.0016346291357915502,0.19666666666666666
6891,0.001,9.641029699669824e-07,0.0004003602842119758,0.000936686469793167,0.0003516072317189541,0.5
6893,0.0024000000000000002,0.0,0.0011017625556131172,0.012685044483684352,0.00016634930398441695,0.5757575757575758
6899,0.004200000000000001,0.0,0.0018041488566566954,0.01757640331883583,0.0005002134477786903,0.38011695906432746
6902,0.06659999999999999,0.0003037888343311325,0.02670761228389895,0.18140877588442333,0.03385721730386025,0.21063955201886236
6904,0.0142,2.0063502139429057e-05,0.006647186112386683,0.07572722412349711,0.0006701037908295656,0.34599728629579374
6905,0.006000000000000001,2.3011165921567695e-07,0.0028092689578591568,0.03761346364469288,0.000607007091829712,0.45566502463054187
6912,0.0216,5.340153161853624e-05,0.010514586912294677,0.07740462427826293,0.001379156436677222,0.22527472527472528
6914,0.006200000000000001,9.749825962201256e-07,0.0025075212596070706,0.027164631377830813,0.000989311793722824,0.39692307692307693
6920,0.0054,0.0,0.0023064569722013317,0.03029952150124172,0.00030489687298005297,0.42028985507246375
6921,0.0022,7.732035956601145e-07,0.0010015020326745727,0.009410137385613783,0.0007570609900366369,0.6545454545454545
6981,0.005600000000000001,2.4083123698095794e-06,0.0021054733039971296,0.011959390786920945,0.0008866888282535408,0.29004329004329005
6982,0.022000000000000002,3.278121115355461e-05,0.008068569769341671,0.05636529689740953,0.0029293225755148986,0.3169753086419753
6990,0.0016,0.0,0.0005005004403684232,0.004661585579448202,0.00025733665459239075,0.5333333333333333
6992,0.004600000000000001,5.798026822690099e-06,0.0019045702065152437,0.010523897030118825,0.00039971118748674897,0.2789473684210526
6993,0.011,1.2071351391660254e-05,0.0043207357284889,0.03368687118204455,0.002202627895872553,0.28118393234672306
7001,0.0142,1.779961747452561e-05,0.0043207357284889,0.020815817710595347,0.0018183283725474353,0.3023255813953488
7003,0.0134,3.674747301960565e-05,0.0052298043400367256,0.038669126796538306,0.002087598839721067,0.23004354136429608
7009,0.0054,6.190124447714077e-06,0.0024069790354728227,0.02570316778382895,0.0007365886700623916,0.39
7015,0.008,1.3403429744110288e-05,0.004018078055767926,0.03331455432657775,0.00010350931797419602,0.28292682926829266
7020,0.0078000000000000005,3.4996579581169976e-06,0.00381640757517987,0.03915182187279512,0.0001622460375728514,0.4183535762483131
7022,0.0228,4.3361730636388414e-05,0.008373674262927011,0.03780164628699732,0.0023394357810717845,0.15633964429145153
7023,0.0026,4.496015614152751e-08,0.0011017625556131172,0.008007198450208634,0.00020698247857671708,0.42424242424242425
7024,0.002,1.7980822337553455e-06,0.0010015020326745727,0.008810754344270139,5.430394529197557e-05,0.3090909090909091
7026,0.0026,0.0,0.0012020431607797644,0.012436791487586425,0.00011451364555833574,0.4230769230769231
7033,0.025800000000000003,6.133282808740805e-05,0.009697930278060207,0.05188185594345958,0.0030770890720827394,0.18406357388316152
7035,0.0048000000000000004,5.742532014367364e-06,0.002205955063729892,0.01929626938702836,4.537727390181397e-05,0.4426877470355731
7037,0.0122,1.3619344678340756e-05,0.0052298043400367256,0.04072678761767802,0.0020960369176402306,0.33599419448476053
7039,0.0026,1.7951856278383985e-07,0.0011017625556131172,0.01167379724054456,0.0001187020379156224,0.6515151515151515
7043,0.006600000000000001,7.392780564730887e-06,0.0020050116869441137,0.008162248708764737,0.00092681644133787,0.26666666666666666
7045,0.006200000000000001,9.851346338907863e-06,0.0030105350056146563,0.02701536895221199,0.00011940797121527832,0.32903225806451614
7048,0.013,5.8572213694858246e-06,0.0057355537788557065,0.06238433375974187,0.0011157854140236268,0.3666061705989111
7051,0.0008,0.0,0.0004003602842119758,0.005799573515166155,0.0,0.5
7065,0.0036,5.684341288843145e-06,0.0016033665244477024,0.012304623139908516,0.00032121599267724294,0.2647058823529412
7073,0.0008,9.660350400470768e-07,0.00030024016811047716,0.0037418422871955074,0.000357657026501149,0.6666666666666666
7075,0.0016,0.0,0.0007008408969193525,0.00612137986248616,1.1927468992697877e-05,0.5
7078,0.006000000000000001,1.4075074943460453e-06,0.0023064569722013317,0.01915541288767646,0.000396321968073879,0.35144927536231885
7079,0.0126,2.284250669321137e-05,0.0056343631910062975,0.04440202572152985,0.0011288523937873036,0.36466165413533835
7081,0.015600000000000001,2.8770082659042186e-05,0.0068499955123555445,0.05916766635231381,0.0032167603977519316,0.2868712702472293
7083,0.0018,0.0,0.0008010412093559793,0.00922193735684576,7.106031051408999e-05,0.3888888888888889
7086,0.0022,6.998281021311003e-07,0.0011017625556131172,0.012417998341156235,0.0,0.5
7087,0.0114,1.976647961758211e-05,0.00381640757517987,0.03240894292194009,0.001926604677260288,0.3144399460188934
7091,0.0028,1.5835239485219854e-07,0.0013023438542085763,0.017432926074479695,3.552027696958381e-05,0.3956043956043956
7096,0.0094,9.275967048646227e-06,0.003312585572165627,0.02483317894886673,0.0018268170415781828,0.34759358288770054
7101,0.004200000000000001,3.2632124403889215e-08,0.0021054733039971296,0.02672943634874837,0.0,0.4329004329004329
7104,0.0014,5.088380370546305e-07,0.0007008408969193525,0.006621167410664675,0.0,0.35714285714285715
7110,0.0036,1.2078264921747696e-06,0.001503005530002266,0.01485153085273902,0.00019723816377426073,0.45
7118,0.007600000000000001,6.090999951988839e-06,0.0030105350056146563,0.028118144379124566,0.0006751052972690216,0.2903225806451613
7137,0.0126,1.3942703912095878e-05,0.00472456319211112,0.032361323405775536,0.0009271948343306265,0.28812056737588654
7144,0.0024000000000000002,3.411470707617295e-07,0.0012020431607797644,0.006387528473286112,0.0,0.34615384615384615
7153,0.0044,0.0,0.0019045702065152437,0.013203248691417473,0.00042093966402883436,0.3473684210526316
7155,0.0044,1.144077901556174e-06,0.0017037476313173094,0.007834920324142647,0.00047726668071527577,0.4444444444444444
7162,0.005000000000000001,3.0949850715830775e-07,0.0020050116869441137,0.01522344945862478,0.00033918775799559393,0.3238095238095238
7165,0.0128,6.352089634389055e-06,0.004421662164313389,0.03198822706882168,0.00089141927232172,0.3505050505050505
7169,0.0064,2.2275001208496938e-06,0.0032118818425515006,0.01086051705152517,0.0014928379382053302,0.3522727272727273
7172,0.0094,9.458756879171218e-06,0.003312585572165627,0.024019927336281582,0.0005251824133004553,0.31016042780748665
7175,0.0098,1.392297671930188e-05,0.004421662164313389,0.039240839154936896,0.0003190563046353089,0.2767676767676768
7182,0.001,0.0,0.0005005004403684232,0.008659742073820701,0.0,0.5333333333333333
7189,0.0064,0.0,0.0021054733039971296,0.0109758482068626,0.0006218136822484964,0.5887445887445888
7190,0.0096,7.863692806925467e-06,0.0035140536841118397,0.031893685257313426,0.0007806439401573016,0.4444444444444444
7197,0.0014,1.6315258454128407e-06,0.0006006606425976724,0.003184220149049644,0.00014306926563724333,0.38095238095238093
7202,0.016,3.168855926605749e-05,0.006545812042094257,0.0411910892297553,0.0012204231430724389,0.27645687645687644
7205,0.0118,5.886780717299994e-06,0.005027646928883245,0.047737310778750736,0.0013136168628714853,0.312156862745098
7206,0.011,1.4882856531119247e-05,0.0028092689578591568,0.006176467261010966,0.0014265830867469828,0.35467980295566504
7208,0.0016,3.7845270093002165e-08,0.0008010412093559793,0.010407780540228728,0.0,0.5277777777777778
7210,0.0008,0.0,0.00030024016811047716,0.0009494495244968407,2.3425957391198966e-05,0.6666666666666666
7214,0.0182,1.8660202114137825e-05,0.007763649814764628,0.05109626768782401,0.0027114190011596575,0.2500832500832501
7215,0.0098,3.659221715611182e-05,0.003917232689420347,0.010604827486646852,0.003829282263916791,0.08461538461538462
7216,0.0086,4.871083520394635e-06,0.002909891886128557,0.009634930920431363,0.0011137645482742413,0.45517241379310347
7218,0.002,0.0,0.0010015020326745727,0.01125081008493975,0.0,0.43636363636363634
7219,0.0036,5.830007674801819e-07,0.0016033665244477024,0.01573751183761892,0.00025837636061674246,0.2426470588235294
7222,0.0048000000000000004,2.5054364137391566e-06,0.0020050116869441137,0.010436771883139788,0.0004480152148442512,0.34285714285714286
7224,0.0078000000000000005,2.741644992801135e-06,0.0035140536841118397,0.014110493543799639,0.0015937731660256751,0.3111111111111111
7225,0.0086,6.638827153268857e-06,0.004018078055767926,0.042002885115212385,0.00010105408294644827,0.3439024390243902
7230,0.0092,6.139199675911731e-06,0.0034133095173229933,0.021845454119987846,0.0008995486885852848,0.4773109243697479
7231,0.0068000000000000005,2.1824717848817126e-06,0.0025075212596070706,0.005038925546281922,0.0009494271766360625,0.556923076923077
7233,0.0038,2.0639243107597964e-07,0.001503005530002266,0.013395933720984056,0.00021175270524102124,0.3416666666666667
7234,0.006600000000000001,1.9912400605033618e-05,0.0032118818425515006,0.02446153051820656,0.00012982702180387847,0.2689393939393939
7237,0.005200000000000001,3.596296741161376e-07,0.002205955063729892,0.02292110749348896,0.00018737469469957816,0.5059288537549407
7238,0.0012,0.0,0.0005005004403684232,0.005354928032227349,3.070612691811645e-05,0.6
7246,0.0068000000000000005,7.426483776353025e-06,0.0030105350056146563,0.02746965197608389,0.00022288789535659134,0.2924731182795699
7247,0.0008,0.0,0.0004003602842119758,0.00423812669778195,0.0,0.7
7257,0.0018,0.0,0.0007008408969193525,0.004917655040891561,0.00021444584630467538,0.42857142857142855
7259,0.006600000000000001,7.848856235628189e-07,0.0027086662147308704,0.015181411723998995,0.0012005427102467423,0.2962962962962963
7261,0.0018,1.6808725995345517e-07,0.0008010412093559793,0.0060994796727430675,8.982943825802301e-05,0.3888888888888889
7268,0.002,0.0,0.0010015020326745727,0.011215683455623252,0.00013825753709675946,0.5272727272727272
7275,0.0016,5.151604929501304e-07,0.0007008408969193525,0.004088015796087934,0.00040215732516300274,0.39285714285714285
7284,0.018600000000000002,4.473993765093654e-05,0.007662050809639442,0.045248092406269994,0.0046004010124647094,0.2696514012303486
7286,0.0048000000000000004,0.0,0.0024069790354728227,0.019629761309079053,2.3101952937128168e-05,0.2866666666666667
7298,0.0102,1.0136323871274266e-05,0.004219829569195754,0.03751551538783557,0.0009754155590033297,0.2591362126245847
7301,0.005600000000000001,1.1670216730575933e-06,0.0027086662147308704,0.036109978459561834,5.212445810002793e-05,0.4126984126984127
7304,0.0096,6.644067149547215e-06,0.003614818078621962,0.024669773577200512,0.0005077375242820581,0.3963963963963964
7315,0.0142,1.502795945961672e-05,0.0060392477409603185,0.03692693468287811,0.007164605545811499,0.3180327868852459
7316,0.0118,1.3969488168911928e-05,0.005027646928883245,0.04077950444773558,0.001121214692647119,0.3615686274509804
7317,0.0088,6.034763269181219e-06,0.002909891886128557,0.014183160762939923,0.0008877435026342916,0.46206896551724136
7319,0.006600000000000001,1.1975572192291179e-06,0.0025075212596070706,0.025861895591431535,0.0007486531829380346,0.39692307692307693
7322,0.026400000000000003,6.665350490100409e-05,0.010310298955357844,0.06716333954790435,0.0024372364090829318,0.2238720731010851
7328,0.0148,2.5357172464045945e-05,0.0057355537788557065,0.030246848517118955,0.0007560491900696996,0.2928009679370841
7333,0.027400000000000004,8.873240659230514e-05,0.011434905811778417,0.06238455823005079,0.007216053218634717,0.18941158205247632
7337,0.0074,1.1827210588896816e-06,0.0032118818425515006,0.041466889307085336,0.00026148689600675697,0.42234848484848486
7351,0.004000000000000001,1.4034190255235502e-07,0.0019045702065152437,0.02431666318320346,2.1047834694475163e-05,0.3631578947368421
7357,0.007600000000000001,1.981263976123422e-06,0.0032118818425515006,0.03271663140419624,0.006168375741605595,0.44507575757575757
7360,0.0032,4.2730771730459396e-07,0.0016033665244477024,0.012863707965985155,0.0005222482488727731,0.47794117647058826
7363,0.0032,9.844562548885077e-07,0.0012020431607797644,0.00837666335598867,0.0001755051532491169,0.5128205128205128
7365,0.007600000000000001,0.0,0.0030105350056146563,0.035354810305192524,0.0013026292933952673,0.40860215053763443
7373,0.0078000000000000005,1.4944159403200717e-05,0.003111198322395703,0.01649146173171501,0.0012990364941994847,0.2439516129032258
7382,0.003,5.086831825911948e-07,0.001503005530002266,0.009945072428647502,8.965412647397365e-05,0.425
7388,0.0098,1.1816333405056139e-05,0.00381640757517987,0.014116638966509935,0.0006120093480732994,0.41295546558704455
7392,0.0078000000000000005,7.608440939093565e-06,0.00381640757517987,0.016401758287977842,0.001174737726408746,0.39541160593792174
7393,0.004000000000000001,3.2345962019521845e-06,0.0019045702065152437,0.021756464609187808,1.9744348998428063e-05,0.37894736842105264
7409,0.0068000000000000005,1.1175755017028252e-05,0.003111198322395703,0.027250864576816424,8.907574988605124e-05,0.28830645161290325
7411,0.030400000000000003,0.00019819018094991952,0.014514776887008196,0.05483943400733682,0.012391470853066168,0.12917637917637917
7428,0.027800000000000002,0.0002569797723809137,0.013280580831562583,0.04949327207347666,0.009209252425404074,0.09576682859125607
7437,0.0492,0.0011521466181084305,0.02502294878784106,0.05663987491425308,0.01975917505885582,0.019638675142188023
7467,0.0064,7.707873399368185e-06,0.0024069790354728227,0.021998387762389084,0.0014002139157183579,0.38333333333333336
7474,0.0024000000000000002,2.5134800579002644e-06,0.0010015020326745727,0.0015938741809158764,8.537937552242675e-05,0.4727272727272727
7511,0.004000000000000001,1.8510499875621819e-07,0.0014026646419362798,0.0077394180331614906,0.0003872542461877635,0.34285714285714286
7523,0.006600000000000001,5.3972744552787045e-06,0.0027086662147308704,0.021223474556110396,0.0008541619930685947,0.2830687830687831
7527,0.0068000000000000005,3.2900490122925877e-07,0.0030105350056146563,0.027523750585913182,0.00023849081236086158,0.35053763440860214
7529,0.007200000000000001,1.9259399190016708e-05,0.003111198322395703,0.013394490970217058,0.0005882968217123149,0.25
7565,0.007600000000000001,4.083335989223388e-06,0.0034133095173229933,0.016930107409260053,0.004865413246482874,0.23025210084033612
7576,0.0034000000000000002,4.119960825646653e-06,0.0016033665244477024,0.016445176164369434,0.0001011991083057673,0.47794117647058826
7581,0.0022,0.0,0.0010015020326745727,0.008845811846891224,4.748065217890737e-05,0.45454545454545453
7587,0.0018,0.0,0.0008010412093559793,0.0065805596432516565,2.571516025208422e-05,0.4444444444444444
7590,0.007200000000000001,1.654128029269252e-05,0.0028092689578591568,0.011276910566095446,0.0011513119122375601,0.2955665024630542
7613,0.009,2.6155748313049224e-06,0.0035140536841118397,0.016814814058581738,0.003160435273041502,0.21428571428571427
7619,0.0004000000000000001,0.0,0.00020014008604940514,0.0004211544799870119,7.80855946148762e-05,0.6666666666666666
7630,0.002,0.0,0.0008010412093559793,0.0020472078820859413,0.00061535913160542,0.3611111111111111
7632,0.0006000000000000001,0.0,0.00030024016811047716,0.0046325046162563645,0.0,0.8333333333333334
7651,0.0044,2.353635504459078e-06,0.001503005530002266,0.004796028287050693,0.0009923495963420539,0.2833333333333333
7653,0.021400000000000002,4.1497885040065384e-05,0.007763649814764628,0.04296861575991391,0.002140558117494109,0.20546120546120547
7655,0.017,5.0324054247800365e-05,0.007458914231821989,0.029182660833736312,0.004857869516779355,0.16648648648648648
7668,0.0024000000000000002,0.0,0.0012020431607797644,0.010718106637207903,0.0,0.3717948717948718
7669,0.002,0.0,0.0008010412093559793,0.00411761157304266,0.0005302560126412026,0.3611111111111111
7675,0.028800000000000003,0.0001440212270237499,0.013177866667088756,0.06124888574176228,0.013918083320475207,0.21197886083382267
7692,0.0038,0.0,0.001503005530002266,0.012299869735922932,0.00024620064583540807,0.3333333333333333
7695,0.0022,0.0,0.0010015020326745727,0.010352884438963077,6.295390336011797e-05,0.4
7711,0.0012,2.2461180303890271e-07,0.0005005004403684232,0.004587675946324957,0.00010414593139546232,0.6
7722,0.0012,0.0,0.0006006606425976724,0.008069810235784602,0.0,0.6190476190476191
7738,0.0074,3.035907296689752e-06,0.003111198322395703,0.027029859267157463,0.0014573706770286913,0.45564516129032256
7740,0.004000000000000001,2.641336073274622e-06,0.0014026646419362798,0.005040628027800564,0.001193732057942552,0.19047619047619047
7741,0.008,1.850336232007632e-05,0.0030105350056146563,0.012438026610884716,0.0019839736695872728,0.1913978494623656
7743,0.019200000000000002,5.921453947730947e-05,0.007763649814764628,0.04553206077932091,0.006862643105290133,0.21312021312021312
7746,0.0054,0.0,0.002205955063729892,0.01524121447628014,0.0006000990985951896,0.2964426877470356
7749,0.0054,1.011760589721891e-06,0.0025075212596070706,0.020943026800839055,0.00034286111171105086,0.3292307692307692
7752,0.037200000000000004,0.00022123265219903905,0.016785294264166195,0.09082816987822291,0.015915006130629218,0.15304855786783497
7758,0.004200000000000001,0.0,0.0020050116869441137,0.02440279017416197,0.0005935897790495674,0.4380952380952381
7759,0.0016,0.0,0.0006006606425976724,0.004055902273550927,0.00036014415392682036,0.47619047619047616
7764,0.0018,0.0,0.0008010412093559793,0.011941861194704598,0.0001288066964778283,0.6666666666666666
7766,0.0032,1.2966455027307047e-06,0.0012020431607797644,0.006593195325463397,0.0009482494896744588,0.23076923076923078
7771,0.0078000000000000005,6.853036698765523e-06,0.0035140536841118397,0.03794523678489142,0.0008697345647540072,0.3492063492063492
7772,0.005000000000000001,2.087999578562642e-06,0.0018041488566566954,0.01145540143685311,0.0007414389539406168,0.38596491228070173
7775,0.0034000000000000002,8.344964534915676e-07,0.0012020431607797644,0.009322439137242143,0.0005670381189941573,0.46153846153846156
7777,0.0064,1.326802168244188e-06,0.0025075212596070706,0.013155107105107276,0.0006430392905922288,0.3323076923076923
7779,0.016,3.668002859223011e-05,0.005027646928883245,0.026896666813848866,0.00391320469965958,0.1992156862745098
7784,0.0086,0.0,0.003715602706946264,0.03443489244086849,0.0002852604543155451,0.32147937411095306
7785,0.0456,0.00015317596717056382,0.02167014991995808,0.12695620559636647,0.035011682183544404,0.16989990256001417
7793,0.001,0.0,0.00030024016811047716,0.0001968550882590998,0.0003016150698459558,0.5
7800,0.0018,0.0,0.0006006606425976724,0.003959424081718942,0.0005064967594169343,0.3333333333333333
7821,0.0398,0.00012103828974936499,0.014308868839743694,0.09300765523417907,0.022320635396967586,0.22445310158825293
7822,0.0116,3.2121025767908525e-05,0.0048255707952091775,0.028566971583908602,0.0005517458819644631,0.16921768707482993
7829,0.01,8.15003542945366e-06,0.003111198322395703,0.00998186412182455,0.0014040602060194306,0.3810483870967742
7835,0.0022,7.160729819640774e-07,0.0010015020326745727,0.013412944949503899,6.862819800219975e-05,0.4
7837,0.026000000000000002,7.270861048463783e-05,0.009799940178091493,0.05313981231358801,0.004914767391964721,0.2665684830633284
7838,0.003,5.590748676318672e-07,0.0014026646419362798,0.018911703444449257,0.00011997809183370099,0.580952380952381
7839,0.022000000000000002,4.28874944171566e-05,0.007154362853342144,0.03756847324386704,0.002846177341003297,0.24178403755868544
7843,0.0068000000000000005,2.922961726791192e-06,0.003312585572165627,0.03731963072648012,6.769483965294394e-05,0.38859180035650626
7844,0.0034000000000000002,0.0,0.0017037476313173094,0.018250030554698215,0.00015155132578531462,0.4444444444444444
7849,0.0064,3.7382378613382224e-06,0.0023064569722013317,0.02106297348450074,0.0008034410632783679,0.2536231884057971
7850,0.004000000000000001,0.0,0.0014026646419362798,0.004953944747251521,0.0007913117586904902,0.24761904761904763
7852,0.0014,8.569804177484288e-07,0.0005005004403684232,0.0005306905135732797,0.000341008202020804,0.4
7855,0.0038,0.0,0.001503005530002266,0.013600248649404092,0.0007256113949542792,0.35833333333333334
7865,0.0012,0.0,0.0005005004403684232,0.0073485976953108975,8.243261112896223e-05,0.6666666666666666
7870,0.004000000000000001,4.0342629982678135e-06,0.0016033665244477024,0.011902744455029878,0.000257405562665686,0.27941176470588236
7873,0.0048000000000000004,0.0,0.0024069790354728227,0.0336113022099877,9.151433905264913e-05,0.43333333333333335
7874,0.004200000000000001,0.0,0.0017037476313173094,0.003248836084746522,0.0011304090472563687,0.26143790849673204
7880,0.0106,1.774003701099614e-05,0.004219829569195754,0.028937492001108,0.0008600630487580898,0.24473975636766335
7881,0.0024000000000000002,2.249573596589626e-06,0.0009012615859320672,0.0014144276921027616,0.00012056317322181533,0.35555555555555557
7893,0.0016,2.3031348726989024e-06,0.0007008408969193525,0.00432977913233858,0.0003235705226590879,0.5
7910,0.0116,5.538792430489967e-06,0.005330913539993931,0.05759890541534589,0.00033157437413985664,0.37596086652690425
7914,0.007200000000000001,6.05969789577324e-07,0.003312585572165627,0.035574748011293525,0.000907914472504019,0.43137254901960786
7917,0.0112,1.2922578608453484e-05,0.0048255707952091775,0.05519547033945239,0.0010102882950557357,0.3494897959183674
7921,0.033,0.00027821358087463314,0.015958476886689832,0.06837363066319643,0.02328844297716429,0.11481093283882932
7928,0.0086,9.61738619917071e-06,0.003614818078621962,0.02030781889533185,0.009644847092102575,0.25975975975975973
7929,0.0032,0.0,0.0013023438542085763,0.02002392145118013,0.0001006123599653115,0.6593406593406593
7930,0.0118,7.650178637548728e-06,0.005128715471710565,0.0380442217728211,0.006323929600962816,0.28431372549019607
7931,0.014,1.0592061805196728e-05,0.006343125130060079,0.06766455560739872,0.0007058722455382283,0.2708333333333333
7932,0.056400000000000006,0.0010157835040812315,0.028927153405619244,0.10288499452618524,0.042971965817180165,0.05269932611493905
7933,0.0016,0.0,0.0008010412093559793,0.013284819212654102,1.8494117562587028e-05,0.75
7934,0.0022,4.5121317449633193e-07,0.0008010412093559793,0.00797831135784063,7.807116306761505e-05,0.5833333333333334
7937,0.1058,0.0025228219032352507,0.05399076868491215,0.17922437590503032,0.0768105027452698,0.052524975633528266
7938,0.0036,0.0,0.0018041488566566954,0.012729506018208415,4.6266009759123625e-05,0.26900584795321636
7939,0.005200000000000001,4.390248266985533e-06,0.001503005530002266,0.006717734427993156,0.001417871146141534,0.30833333333333335
7940,0.0086,9.58664132663348e-06,0.004118943680324838,0.016243294068725263,0.0024035919960777165,0.24738675958188153
7942,0.07579999999999999,0.0009664802204706704,0.034678847734498586,0.1809952029191918,0.03813737653869158,0.12523098791755508
7949,0.031400000000000004,7.835302455429725e-05,0.013177866667088756,0.07761004340461163,0.020100694048072843,0.20093951849677041
7958,0.0018,0.0,0.0009012615859320672,0.002239262576018121,0.0004172711513387566,0.26666666666666666
7959,0.0064,9.695987528532799e-06,0.003111198322395703,0.01085770979875831,0.0028852621082403464,0.11693548387096774
7962,0.0736,0.0009453179287354416,0.03286120729932662,0.16593993215447794,0.04691847648766652,0.11900396285562193
7963,0.003,2.6423562880576556e-06,0.0012020431607797644,0.0052376366920317795,0.0005822782292660519,0.2948717948717949
7966,0.0026,9.829920431408118e-07,0.0012020431607797644,0.012809484238967338,5.120664381839696e-05,0.358974358974359
7989,0.008,1.014887053817992e-05,0.00381640757517987,0.022063041044944012,0.0014339513787431893,0.21052631578947367
7999,0.0004000000000000001,0.0,0.00020014008604940514,0.002012886494307302,2.16773241760726e-05,0.6666666666666666
8000,0.003,0.0,0.0012020431607797644,0.01213088924001432,0.0004041598912593588,0.5512820512820513
8002,0.005000000000000001,7.619327190295898e-07,0.0023064569722013317,0.02746846324107433,0.00013383379193424765,0.427536231884058
8004,0.0026,0.0,0.0010015020326745727,0.003637977444749871,0.0006063232097983671,0.3090909090909091
8005,0.1068,0.0019429560033662296,0.05210471896609614,0.2010455927746494,0.07146899604702085,0.06823069403714566
8006,0.022600000000000002,8.482513783100867e-05,0.01082117376778835,0.0475620163232483,0.017455816926665153,0.13862928348909656
8013,0.0016,0.0,0.0007008408969193525,0.006940549165755124,0.00027755646943661424,0.39285714285714285
8017,0.004200000000000001,1.1205391732846817e-06,0.0021054733039971296,0.023587777140140834,0.0015320611717394433,0.5151515151515151
8020,0.0024000000000000002,1.6129595719765073e-06,0.0011017625556131172,0.00912309596224027,0.00012955594878629904,0.36363636363636365
8022,0.006200000000000001,2.967389134989225e-07,0.002909891886128557,0.037457254162748185,0.0002746105668481083,0.4850574712643678
8033,0.0006000000000000001,1.4207833241618691e-08,0.00030024016811047716,0.0035561413777769526,0.0,0.5
8047,0.0012,8.034191416391521e-08,0.0005005004403684232,0.004928489141653293,0.00013446917591030479,0.8666666666666667
8062,0.001,0.0,0.0005005004403684232,0.004676037535772582,0.0,0.6
8065,0.006600000000000001,1.9447775537485985e-05,0.0032118818425515006,0.012190046464867765,0.007184747554297617,0.17234848484848486
8068,0.004200000000000001,1.1692838584471354e-06,0.0017037476313173094,0.01717249914124353,0.0005548434459011303,0.43137254901960786
8073,0.0034000000000000002,4.656436968408353e-06,0.0016033665244477024,0.013362979964259836,0.00042075579509313996,0.4117647058823529
8074,0.0026,4.45733127639817e-07,0.0012020431607797644,0.01767445794754827,0.00013446917591030479,0.5897435897435898
8077,0.003,2.8542862897178787e-06,0.001503005530002266,0.013713507035843456,0.0008045653351198781,0.4583333333333333
8090,0.0036,1.1988285956032636e-06,0.0014026646419362798,0.012750844834246048,0.000515142046672046,0.5523809523809524
8092,0.0018,5.151451766738385e-08,0.0008010412093559793,0.012073305171577089,7.507377594555178e-05,0.6388888888888888
8100,0.0022,6.516903047936628e-07,0.0011017625556131172,0.0035407860353332786,0.0,0.3333333333333333
8122,0.0424,0.00030649651791767567,0.020314331080462544,0.11369567765493144,0.034231976084849874,0.15381909547738692
8128,0.0038,7.226077749641533e-07,0.0018041488566566954,0.021629773648770095,0.00016247589861186898,0.4678362573099415
8134,0.0098,4.627409764079123e-06,0.0035140536841118397,0.018038500909024455,0.0033177849712007074,0.3396825396825397
8137,0.004000000000000001,1.9798247334707167e-07,0.001503005530002266,0.014586464616671804,0.0004932625692983711,0.35833333333333334
8147,0.008,2.529951309031027e-06,0.003715602706946264,0.046289421240447326,0.0002602932319572096,0.37268847795163584
8148,0.0188,3.2487186388578605e-05,0.008068569769341671,0.06129611501588393,0.0024623999293881395,0.26296296296296295
8155,0.0398,0.0001397462630825924,0.016785294264166195,0.10598459001413317,0.01319053150459855,0.20985761226725083
8156,0.013,8.180619170413623e-06,0.005432043077715942,0.04897374197213543,0.0029545832838312166,0.3656565656565657
8159,0.0412,0.00017464247100167522,0.019169906723011332,0.09696219545790398,0.022970271087280433,0.14077451311493866
8160,0.0142,5.3140696662366666e-05,0.0068499955123555445,0.030314334179740544,0.00974078119177045,0.13554987212276215
8167,0.0014,0.0,0.0006006606425976724,0.0013309408197682447,0.0006752661510208547,0.2857142857142857
8173,0.009,1.199478209525528e-05,0.00381640757517987,0.03778034986706241,0.0004454599012180797,0.3333333333333333
8188,0.005000000000000001,1.7885692139238137e-06,0.002205955063729892,0.02460784860305225,0.0003988453938208531,0.4268774703557312
8201,0.0154,1.8888075720765344e-05,0.005027646928883245,0.019741040706939335,0.0026285932925607545,0.14980392156862746
8203,0.026600000000000002,8.674941451712832e-05,0.009188189711580419,0.05761647431627209,0.006271473549032376,0.2080745341614907
8204,0.004600000000000001,6.373925100458338e-06,0.0021054733039971296,0.018415473580290418,0.0003572398559319297,0.42424242424242425
8207,0.0002,0.0,0.00010006003201601388,0.001944853694249177,0.0,1.0
8208,0.0142,5.4917861223864e-05,0.006444458383373597,0.02523040622124605,0.011421230028754793,0.15240384615384617
8224,0.005000000000000001,9.164623780273652e-06,0.0025075212596070706,0.025412692836555565,0.001007523513189911,0.40307692307692305
8233,0.0004000000000000001,0.0,0.00020014008604940514,0.0055063413099363644,0.0,0.6666666666666666
8241,0.022600000000000002,1.0907236521764165e-05,0.009188189711580419,0.07631737285770034,0.009481876605704102,0.33397037744863833
8252,0.0022,3.6095862706977695e-07,0.0009012615859320672,0.007027661067493788,0.0011357676733660081,0.3111111111111111
8253,0.0004000000000000001,0.0,0.00020014008604940514,0.0004852706299307728,0.0,1.0
8254,0.01,8.15384586124009e-06,0.004421662164313389,0.03344505323040692,0.003183616534489861,0.295959595959596
8268,0.0176,0.00012258823425029798,0.008271952250391124,0.015062957649256387,0.00586961837824681,0.041727887158389654
8292,0.023000000000000003,7.25644871479287e-05,0.008882592294158664,0.04114328950436273,0.004692913415772386,0.12895812053115424
8297,0.0262,6.596325336011666e-05,0.011025668357958152,0.06087783802125718,0.00914298164815844,0.19899916597164305
8305,0.0146,2.1601068937359553e-05,0.004522608882781443,0.021146934982683937,0.0023327164900940342,0.22608695652173913
8306,0.0302,0.00024400819274340306,0.014308868839743694,0.05462924919248732,0.006985225386267094,0.11587254020577364
8309,0.0036,0.0,0.001503005530002266,0.0024254426850795416,0.001104256486150452,0.24166666666666667
8312,0.0658,0.0006887952977457115,0.02460264622401187,0.09478119925275359,0.004219572922595059,0.0869640387275242
8315,0.0034000000000000002,1.3228797075007083e-07,0.0013023438542085763,0.008863447605166613,0.0009412043982814509,0.4725274725274725
8317,0.003,6.033723609578912e-07,0.001503005530002266,0.019235904717667736,0.000550811116124813,0.4666666666666667
8327,0.0036,1.1749615959077753e-06,0.0014026646419362798,0.011019021249744534,0.0003503306563631142,0.42857142857142855
8334,0.006000000000000001,1.5062548549220555e-06,0.0023064569722013317,0.020129447433121922,0.0016615692645046546,0.43478260869565216
8343,0.0032,8.472883773096075e-07,0.0012020431607797644,0.0039885190610833045,0.0006323851911450483,0.358974358974359
8347,0.0002,0.0,0.00010006003201601388,0.0008449548404081634,0.0,1.0
8349,0.001,0.0,0.0005005004403684232,0.002846927797465291,0.0,0.6666666666666666
8374,0.0032,1.3670485702352342e-06,0.0014026646419362798,0.013970874416376806,0.00046216793436645507,0.4380952380952381
8377,0.005600000000000001,5.428029094907556e-07,0.0024069790354728227,0.025847711706283066,0.0008842652205593627,0.41333333333333333
8379,0.0296,2.3548346867491258e-05,0.01286984905411015,0.10237657126833156,0.012059834331412589,0.2759596456692913
8386,0.0106,8.074846735159641e-06,0.004623575890008391,0.044918555921349246,0.0011474949746613531,0.37465309898242366
8395,0.0142,3.7398162680129184e-05,0.0056343631910062975,0.029540801484981557,0.004405844068548041,0.2324561403508772
8397,0.0142,1.4746417708411133e-05,0.005533192959340294,0.03688407876622303,0.0030520452694671276,0.34805194805194806
8398,0.0844,0.001210635344874634,0.039737538281043205,0.18166128598488113,0.03643872555561343,0.0895110248383525
8402,0.005000000000000001,1.3660165925061474e-05,0.0021054733039971296,0.015378633840234482,0.0016830905038777507,0.27705627705627706
8403,0.0014,0.0,0.0007008408969193525,0.01232542964017112,0.0,0.6071428571428571
8411,0.003,7.726241467472395e-07,0.001503005530002266,0.01094224660661812,0.0,0.5083333333333333
8413,0.0102,1.984806224399445e-06,0.004623575890008391,0.02397653879426939,0.00263155367036461,0.4375578168362627
8414,0.003,1.6458454463988465e-06,0.0011017625556131172,0.004968182589956993,0.00033629421267082724,0.36363636363636365
8418,0.0086,2.962788586438727e-06,0.003715602706946264,0.03131942557538045,0.0005032732536684501,0.310099573257468
8425,0.0126,1.6753174764506374e-05,0.0049265987054252225,0.02676839119341082,0.0026483160696654036,0.4179591836734694
8429,0.0078000000000000005,4.120578548982373e-06,0.003715602706946264,0.030234694762688172,0.00015239708862770877,0.4039829302987198
8434,0.0028,2.492238969982676e-08,0.0013023438542085763,0.010044389055647855,8.359726949376338e-05,0.4835164835164835
8453,0.0048000000000000004,1.0048022850004962e-05,0.0024069790354728227,0.01028130302270739,0.0014719707310206975,0.18666666666666668
8455,0.0024000000000000002,0.0,0.0011017625556131172,0.008029734999578209,0.00013702463735537618,0.2878787878787879
8494,0.004000000000000001,4.069317579602281e-06,0.0017037476313173094,0.011076633528470783,0.0008370024978773843,0.3006535947712418
8502,0.0014,0.0,0.0007008408969193525,0.006809302323386271,0.0,0.5714285714285714
8512,0.023000000000000003,4.603394307696338e-05,0.009188189711580419,0.07192527746502732,0.004423418395393739,0.298853320592451
8515,0.0078000000000000005,8.497143997627307e-06,0.003614818078621962,0.028375161768493234,0.000256283634494588,0.33483483483483484
8516,0.0006000000000000001,0.0,0.00020014008604940514,0.00024035996658486585,9.450432967249452e-05,0.6666666666666666
8517,0.0034000000000000002,0.0,0.0016033665244477024,0.0026751906908888175,0.0006732018407821255,0.18382352941176472
8518,0.0048000000000000004,4.547383469189583e-06,0.0019045702065152437,0.017797259052598317,0.0005241773607971033,0.3684210526315789
8524,0.0018,0.0,0.0008010412093559793,0.012526704433280082,5.786200902353159e-05,0.4722222222222222
8526,0.0024000000000000002,1.1798799431031251e-07,0.0011017625556131172,0.013057081618758591,0.0002089169912726117,0.36363636363636365
8554,0.001,0.0,0.0005005004403684232,0.007564082989166408,2.657129202606552e-05,0.8666666666666667
8569,0.004200000000000001,0.0,0.0018041488566566954,0.011870099018755024,0.0013436444415112787,0.30409356725146197
8587,0.0008,0.0,0.0004003602842119758,0.0018548338316217612,0.002163437355877989,0.5
8598,0.0098,3.3177577634519614e-05,0.00472456319211112,0.005917671368806381,0.0030695845435874513,0.20656028368794327
8603,0.016200000000000003,6.639368248294436e-05,0.007052886632642474,0.025481388318926806,0.003166453716721239,0.22374245472837023
8609,0.0006000000000000001,0.0,0.00030024016811047716,0.0013773189193123465,0.0,0.6666666666666666
8614,0.0044,4.589129776498962e-06,0.0020050116869441137,0.00971703742432067,0.0011377629062431695,0.2571428571428571
8615,0.0028,2.123198354791244e-06,0.0014026646419362798,0.010966473222876142,2.9787720013993283e-05,0.49523809523809526
8616,0.0022,2.1026234288026356e-06,0.0010015020326745727,0.006371808122043082,0.0002230551019532657,0.36363636363636365
8617,0.0044,2.9828972400121617e-06,0.0021054733039971296,0.020074968568094185,0.0003163220005438219,0.31601731601731603
8618,0.0098,1.4488153438851444e-05,0.004522608882781443,0.031948793755995006,0.0032167459983757645,0.30434782608695654
8627,0.0022,8.466542239519148e-07,0.0011017625556131172,0.014492559063643985,0.0,0.45454545454545453
8628,0.0016,5.957661942616482e-07,0.0007008408969193525,0.006632281685098244,0.0003301749256242997,0.6428571428571429
8631,0.007200000000000001,1.033190894738499e-05,0.0032118818425515006,0.020956990372129267,0.00045581271027106526,0.2481060606060606
8643,0.007200000000000001,4.705018415804757e-06,0.0028092689578591568,0.019613539245551946,0.0007040731328949473,0.4236453201970443
8644,0.0034000000000000002,2.2531212670298706e-07,0.0013023438542085763,0.0059912184932220235,0.0002615677794026729,0.37362637362637363
8650,0.0014,3.313572597395338e-07,0.0007008408969193525,0.00803150032937029,0.0,0.6428571428571429
8666,0.0024000000000000002,8.332247299610895e-07,0.0011017625556131172,0.01496828129791844,5.123066813903594e-05,0.5757575757575758
8682,0.0088,1.542489764490372e-05,0.0035140536841118397,0.033417139596124024,0.0013965961649804173,0.26666666666666666
8701,0.002,9.207438416880442e-07,0.0008010412093559793,0.007279600473956227,0.00014634659517087807,0.4444444444444444
8705,0.0088,5.5501363164121404e-06,0.003715602706946264,0.02344982982142393,0.0010930026371684279,0.32574679943101
8725,0.0036,1.2464937845708275e-06,0.0014026646419362798,0.00179236437385538,0.000560593914640757,0.5523809523809524
8730,0.0058000000000000005,8.132459375473307e-06,0.0023064569722013317,0.014741433769108338,0.000716544264881206,0.27898550724637683
8742,0.006600000000000001,0.0,0.0028092689578591568,0.013400039313606324,0.0011455476296342876,0.32019704433497537
8748,0.0022,6.195107605154979e-07,0.0011017625556131172,0.01251051808185328,0.0001456244857947689,0.6212121212121212
8753,0.009,9.722746054842075e-06,0.00381640757517987,0.021105055712273845,0.0014574630898723825,0.2699055330634278
8764,0.0152,4.005770718694744e-05,0.0057355537788557065,0.026955810483753794,0.001869253614938309,0.20689655172413793
8777,0.0146,3.452378721576905e-05,0.005937996047684635,0.037391606810901395,0.0009750393242353561,0.2593220338983051
8779,0.0008,2.073339720359102e-08,0.0004003602842119758,0.0033737707156315053,0.0,0.8
8790,0.003,6.551024526881171e-07,0.0013023438542085763,0.009946814048573865,0.000139786959439348,0.4725274725274725
8828,0.0064,2.960776614106637e-06,0.0024069790354728227,0.005639877190531304,0.0011535637279055794,0.42333333333333334
8833,0.0074,1.5280498779885542e-06,0.0030105350056146563,0.02358336641800568,0.0009344803818443725,0.3956989247311828
8841,0.0018,0.0,0.0008010412093559793,0.001065221347321843,6.38811527148681e-05,0.7777777777777778
8862,0.006200000000000001,1.4546334717656197e-06,0.0025075212596070706,0.023597672276957624,0.0008638806164576908,0.5046153846153846
8866,0.005200000000000001,4.970996530332404e-07,0.0017037476313173094,0.004400454931409652,0.000425667392452831,0.5163398692810458
8878,0.0026,6.001413461196588e-07,0.0011017625556131172,0.010958423327735,0.00016501663032899682,0.5606060606060606
8893,0.005200000000000001,1.4596723008256721e-06,0.0023064569722013317,0.01573975147656319,0.00013217176505076823,0.36231884057971014
8897,0.004200000000000001,1.1544310225194476e-06,0.001503005530002266,0.005100790029783591,0.00039681103297760096,0.475
8908,0.0032,1.3036026257211084e-06,0.0014026646419362798,0.007508160297234471,0.00042649015993335493,0.4666666666666667
8910,0.0038,1.4768072544102038e-07,0.0018041488566566954,0.017587730770265667,5.5854438553907745e-05,0.49707602339181284
8916,0.002,1.1426405569979052e-07,0.0008010412093559793,0.0037844208612730617,9.760867065703425e-05,0.7222222222222222
8933,0.0018,8.830300706452483e-08,0.0009012615859320672,0.0072804903402379495,0.00011989233739190957,0.6222222222222222
8942,0.057800000000000004,0.001220006880089073,0.02945703046948367,0.08647030074084723,0.027776174829405427,0.04956019590165932
8950,0.0032,8.768781732021449e-07,0.0013023438542085763,0.017057413812657417,0.00012711602303824778,0.6373626373626373
8970,0.0048000000000000004,4.295844715044039e-07,0.0020050116869441137,0.014518763236967706,0.0008003342346996446,0.5142857142857142
8971,0.003,1.8688680512073002e-07,0.0014026646419362798,0.00843285040446666,5.004444984708662e-05,0.5714285714285714
9013,0.0012,0.0,0.0006006606425976724,0.0009114759033517364,0.0,0.7142857142857143
9014,0.0038,9.322212579971749e-07,0.001503005530002266,0.00536651621570193,0.0007899479074267437,0.49166666666666664
9018,0.0004000000000000001,0.0,0.00020014008604940514,0.0003782349415851769,0.0,1.0
9023,0.0082,1.6359896423100846e-05,0.003917232689420347,0.024095214437983594,0.0007344490918909839,0.26794871794871794
9031,0.0032,1.1618043929968287e-06,0.0013023438542085763,0.005707126026637605,0.0007254721864801233,0.5934065934065934
9052,0.0026,2.4087149052731334e-07,0.0009012615859320672,0.0037335222137586613,0.00028178124944933265,0.7333333333333333
9059,0.004000000000000001,1.556128971221599e-06,0.0020050116869441137,0.006163969994683858,0.0,0.3952380952380952
9063,0.005600000000000001,1.4469216222663706e-06,0.0024069790354728227,0.014038412670850344,0.00021711858401735073,0.42333333333333334
9067,0.0028,6.977301485871512e-08,0.0014026646419362798,0.017889588186264394,0.0,0.45714285714285713
9077,0.0012,0.0,0.0006006606425976724,0.0007804342948591475,0.0,0.8095238095238095
9089,0.002,0.0,0.0007008408969193525,0.0034380995277311158,0.0014197051642075185,0.32142857142857145
9091,0.0132,4.420788278410288e-05,0.004623575890008391,0.03019113970681993,0.001533231707053539,0.25809435707678074
9092,0.0058000000000000005,0.0,0.0021054733039971296,0.005371561653525642,0.0013501570036972025,0.22943722943722944
9099,0.0022,0.0,0.0011017625556131172,0.008221465016189089,0.0,0.48484848484848486
9107,0.019600000000000003,3.1842482101798056e-05,0.007154362853342144,0.0306766384129069,0.004237010972785952,0.3227699530516432
9118,0.0006000000000000001,0.0,0.00030024016811047716,0.003738298080884543,4.8353391247368165e-05,1.0
9121,0.0132,3.089155070651207e-05,0.006140519815011292,0.044184965412063515,0.0004358341885895902,0.2374405076679006
9127,0.037200000000000004,0.00013880349481301706,0.01626837580615259,0.1279869673956187,0.010680428507461039,0.2628105590062112
9129,0.006000000000000001,1.2584524422385547e-06,0.0025075212596070706,0.011404123136957565,0.0014710240936508566,0.27076923076923076
9133,0.0034000000000000002,5.247797539422827e-07,0.0017037476313173094,0.009472306371215766,1.5352608758566178e-05,0.5816993464052288
9136,0.005600000000000001,6.651901061916682e-07,0.0019045702065152437,0.009804310950556137,0.0007878771239802368,0.6473684210526316
9139,0.019200000000000002,3.711756354671542e-05,0.008373674262927011,0.05638524412096628,0.010239336990766892,0.23034997131382673
9141,0.004600000000000001,4.483879021095953e-07,0.0019045702065152437,0.009797266718908192,0.00039313818593561913,0.45263157894736844
9147,0.0068000000000000005,3.350220710863653e-06,0.0032118818425515006,0.027611886504630426,9.302955166010974e-05,0.5018939393939394
9148,0.0118,4.439892722208533e-05,0.005330913539993931,0.02285399108220176,0.0006666942223755736,0.2508735150244584
9154,0.0094,1.1628332161610303e-05,0.003715602706946264,0.013778473512652992,0.000874199244219848,0.2844950213371266
9158,0.003,9.532604468509748e-07,0.0014026646419362798,0.019238500422894794,0.0010692774302539783,0.4857142857142857
9160,0.015600000000000001,3.564532314039272e-06,0.006545812042094257,0.06359595505210029,0.010335726148475353,0.3850815850815851
9161,0.0238,4.1286586477144366e-05,0.010208185942121473,0.0845456123883504,0.006835507486399487,0.2747039409823335
9162,0.016200000000000003,2.341566367575402e-05,0.006343125130060079,0.03565375596770774,0.0014180866205661673,0.2400793650793651
9164,0.002,6.121288698203064e-09,0.0010015020326745727,0.015487429562324292,0.0,0.6727272727272727
9172,0.004200000000000001,1.3115027424941284e-06,0.0019045702065152437,0.011532579939257628,7.364280416383791e-05,0.38421052631578945
9175,0.0058000000000000005,2.0409920361710464e-06,0.0028092689578591568,0.005922961802751639,0.0012488900321356963,0.23891625615763548
9176,0.0144,2.3092825647490547e-05,0.0060392477409603185,0.027492535128373897,0.004329470359633333,0.3377049180327869
9177,0.0116,1.2673125802502147e-05,0.005027646928883245,0.029501372433221085,0.001993124692979982,0.3796078431372549
9179,0.011,1.1560958599523732e-05,0.004623575890008391,0.017439595898241643,0.0008279296814501707,0.40888066604995377
9180,0.0194,7.146288446672398e-05,0.0093920241763914,0.05784464082172992,0.024345299473484423,0.19148936170212766
9183,0.0036,0.0,0.001503005530002266,0.006959606841273098,0.00018491012087395856,0.5833333333333334
9185,0.004000000000000001,0.0,0.0017037476313173094,0.013432099350846254,0.00016712853219477653,0.3660130718954248
9187,0.007000000000000001,7.290245190757375e-07,0.002608083650670334,0.01379185781128513,0.0009105278665558261,0.3646723646723647
9188,0.0152,1.29633924238768e-05,0.005937996047684635,0.032020602104873244,0.002251301612136611,0.35706214689265536
9191,0.015600000000000001,2.3445363766789294e-05,0.006545812042094257,0.015553572641285852,0.006381196128930078,0.3062937062937063
9193,0.0118,1.6372203688815064e-05,0.005128715471710565,0.028060788864156336,0.001525690652306805,0.27526395173454
9194,0.001,0.0,0.00030024016811047716,0.000311215157811664,0.00016334850869624302,0.5
9195,0.0058000000000000005,1.7649667324197155e-06,0.0025075212596070706,0.018932648562279535,0.0002909348947629217,0.47384615384615386
9196,0.0044,5.808404645759262e-07,0.0016033665244477024,0.00996449525216921,0.00031628834262922964,0.6470588235294118
9201,0.016200000000000003,1.3819712231606792e-05,0.006444458383373597,0.04072096623290239,0.003955023771227243,0.28028846153846154
9203,0.004200000000000001,5.32862402346968e-07,0.0018041488566566954,0.010473890552145596,0.00014711815415955167,0.5555555555555556
9206,0.0078000000000000005,6.709027020292193e-06,0.0030105350056146563,0.017227121454442565,0.0014911970896973807,0.4021505376344086
9207,0.031400000000000004,0.00016600434015891897,0.013177866667088756,0.08721304839463677,0.02304241555381458,0.19835584263065179
9214,0.0018,0.0,0.0006006606425976724,0.006651435568097393,0.0005006152481552675,0.6666666666666666
9215,0.005000000000000001,7.830623745949669e-07,0.0025075212596070706,0.014209163649358508,0.0,0.5261538461538462
9216,0.007200000000000001,2.9311085409197133e-06,0.003614818078621962,0.018410236888451694,0.0,0.4024024024024024
9219,0.0028,0.0,0.0012020431607797644,0.006694235565483247,0.00024866978562779315,0.4358974358974359
9226,0.0084,3.693210301981621e-06,0.003614818078621962,0.028364306877748813,0.0007582722894414223,0.45045045045045046
9232,0.007600000000000001,1.5508010176084796e-05,0.003715602706946264,0.015976698859230826,0.00016693164449779665,0.3029871977240398
9234,0.004000000000000001,7.345221842351174e-07,0.0019045702065152437,0.0069351060901689555,4.9388995440149725e-05,0.5526315789473685
9238,0.0022,6.665403249154448e-08,0.0008010412093559793,0.005694116621734224,0.0002598916649242984,0.5833333333333334
9242,0.0044,6.797058272299239e-07,0.002205955063729892,0.009746334247159594,0.0,0.6245059288537549
9248,0.01,4.209031211485531e-06,0.004421662164313389,0.0338447796917143,0.0005235264045815579,0.39090909090909093
9250,0.006600000000000001,6.711643036706325e-06,0.0030105350056146563,0.021216768367336984,0.00019471421728035432,0.33763440860215055
9251,0.0228,5.9571091267435066e-05,0.009595940981927287,0.03739667528428256,0.010224353757631375,0.25394736842105264
9252,0.019600000000000003,5.4913238145145064e-05,0.008678963463097045,0.044584132420385544,0.009321446371117004,0.29724672547447206
9253,0.004000000000000001,1.3333343231148205e-07,0.0019045702065152437,0.019616313047578642,0.00013173282203401938,0.6210526315789474
9268,0.0012,0.0,0.0006006606425976724,0.0019403421577466173,4.840026821208534e-05,0.3333333333333333
9273,0.004200000000000001,1.963454328582327e-06,0.0017037476313173094,0.02050246359924152,0.0037284758525373708,0.39869281045751637
9275,0.011,1.1100678292522222e-05,0.004522608882781443,0.03502799054258539,0.0014376052072447758,0.28502415458937197
9276,0.044000000000000004,0.0002312883318764218,0.019689781257260286,0.11510025285994542,0.030867344562542504,0.19491480155974575
9277,0.0074,9.656954298156583e-06,0.003111198322395703,0.028817859842046812,0.0011316043000031586,0.3528225806451613
9278,0.007000000000000001,6.167559212319415e-06,0.003111198322395703,0.022726992750063867,0.0034215504036304283,0.3064516129032258
9279,0.0024000000000000002,2.7917785147419974e-06,0.0008010412093559793,0.0044833407519084545,0.0003719812250710669,0.25
9313,0.007600000000000001,0.0,0.0028092689578591568,0.01910927386718803,0.0007746043140376442,0.3226600985221675
9320,0.009,9.390147765578726e-06,0.0032118818425515006,0.02406002421301587,0.0018826319835796778,0.2821969696969697
9322,0.007600000000000001,1.8245778947350407e-05,0.0032118818425515006,0.027805161649894872,0.0008774742825641905,0.2821969696969697
9335,0.0068000000000000005,5.037562923707596e-07,0.002909891886128557,0.03097094167004769,0.00037282819378430204,0.4068965517241379
9339,0.002,0.0,0.0010015020326745727,0.01655256915632056,0.0,0.5454545454545454
9351,0.006200000000000001,5.647343640123224e-06,0.0028092689578591568,0.02189099802244734,0.0007978707926627413,0.30295566502463056
9359,0.0096,1.8326632754168455e-05,0.0043207357284889,0.042642255182651106,0.0008189459977454289,0.3456659619450317
9373,0.002,2.1853000652584935e-06,0.0007008408969193525,0.0009669465264684389,0.00040228404617067583,0.35714285714285715
9380,0.0014,0.0,0.0006006606425976724,0.003546074161075925,0.00029859161951972996,0.38095238095238093
9382,0.004000000000000001,0.0,0.0018041488566566954,0.021341990741490034,0.00041532593526350783,0.4444444444444444
9397,0.0004000000000000001,0.0,0.00020014008604940514,0.00313425651341797,0.0,0.6666666666666666
9399,0.0022,8.03419141639152e-07,0.0011017625556131172,0.0013342149650297317,0.0012314884581385893,0.45454545454545453
9405,0.0018,2.330680671840816e-06,0.0008010412093559793,0.005674198648968865,0.00025886760857813827,0.4166666666666667
9419,0.001,0.0,0.0004003602842119758,0.006127630567743066,4.445820633214824e-05,0.6
9434,0.0014,6.617342844533371e-08,0.0005005004403684232,0.005959893911650778,6.84608382953883e-05,0.4666666666666667
9435,0.006200000000000001,7.874672837060912e-06,0.0027086662147308704,0.014666942986121784,0.0009615848206698544,0.24603174603174602
9438,0.012,1.4091480364678135e-05,0.0043207357284889,0.01624679994577875,0.002164980595053464,0.13107822410147993
9439,0.0044,2.190169272177519e-06,0.0019045702065152437,0.004694120281900766,0.0009714368398568127,0.2736842105263158
9442,0.0086,8.56033565163871e-06,0.003312585572165627,0.02574440056317515,0.004973907908312762,0.3155080213903743
9451,0.024200000000000003,4.611548675773855e-05,0.00878076760472113,0.049126259734643365,0.006246731326474602,0.19409613375130616
9457,0.018000000000000002,3.8952291248007085e-05,0.007560472284055875,0.06111202565615868,0.0016623623617406506,0.27614035087719296
9465,0.0074,2.965132694687371e-06,0.0032118818425515006,0.023487548087751504,0.0007964895314697197,0.3958333333333333
9499,0.0024000000000000002,5.363618698495412e-07,0.0011017625556131172,0.003218862599898462,0.00016472470843596787,0.4696969696969697
9503,0.0004000000000000001,1.150041714341758e-08,0.00020014008604940514,0.0031160766533594366,0.0,0.6666666666666666
9518,0.002,0.0,0.0006006606425976724,0.0011638150762337323,0.0003818332832438966,0.3333333333333333
9523,0.0022,0.0,0.0011017625556131172,0.0034673829060872935,0.0003047308088516351,0.2878787878787879
9527,0.0032,1.226553222902439e-06,0.0013023438542085763,0.017593806006185007,0.00021112486871161006,0.4175824175824176
9538,0.0012,4.208672987174125e-09,0.0006006606425976724,0.009292627550975444,0.0,0.5238095238095238
9539,0.005000000000000001,2.2200650196076546e-06,0.002205955063729892,0.018373045027687572,0.00023481022480877154,0.3715415019762846
9540,0.021200000000000004,7.57591722877271e-05,0.009086303341362845,0.06848235183971911,0.006309596463078647,0.23443223443223443
9546,0.004600000000000001,1.35869155085512e-06,0.0018041488566566954,0.010102157499325599,0.0013965090676233763,0.26900584795321636
9549,0.005200000000000001,0.0,0.0024069790354728227,0.030218207951408418,0.000234140422076851,0.38
9550,0.0036,7.802427958113426e-07,0.0018041488566566954,0.017399241569238756,0.0,0.3742690058479532
9552,0.011,2.952176084902579e-05,0.004421662164313389,0.0261854629404743,0.0015845172364578309,0.201010101010101
9569,0.022400000000000003,9.809426268295172e-05,0.010106093564029806,0.04176456588710778,0.004412648827416175,0.11623762376237624
9611,0.005200000000000001,5.364532789537902e-08,0.0024069790354728227,0.021527732730115056,9.870202433681662e-05,0.41
9616,0.0094,6.421862507596067e-06,0.0043207357284889,0.033062079104526826,0.0016366287903288846,0.3488372093023256
9625,0.001,0.0,0.0004003602842119758,0.004240842992984543,0.001017148826071893,0.8
9636,0.003,1.4192462900479564e-06,0.0013023438542085763,0.01245265167535163,0.0012992799232153787,0.34065934065934067
9639,0.0106,3.7060218595600077e-06,0.0048255707952091775,0.03670643659682568,0.0014084018686738747,0.3018707482993197
9640,0.007600000000000001,5.004921379853371e-06,0.002909891886128557,0.017218070021275025,0.003093993100950348,0.367816091954023
9641,0.0034000000000000002,1.5464471767112205e-06,0.0016033665244477024,0.014826707879628368,0.001017148826071893,0.5441176470588235
9645,0.0034000000000000002,7.592651715616772e-07,0.0014026646419362798,0.01453085696087383,0.0015735935715804443,0.5047619047619047
9647,0.016800000000000002,1.7501517664958396e-05,0.006241812275992631,0.04928454114522424,0.0027621438291519883,0.3200204813108039
9649,0.006000000000000001,1.129180822013875e-06,0.0027086662147308704,0.017855704527949167,0.0022810608317252344,0.2857142857142857
9664,0.006600000000000001,4.8461451174612655e-06,0.0030105350056146563,0.027114399686170524,0.0012662553892305384,0.45161290322580644
9670,0.0126,3.383429551570544e-05,0.005533192959340294,0.021000971721954,0.004762360698081306,0.16818181818181818
9673,0.007600000000000001,5.0623117519172695e-06,0.003111198322395703,0.029575630775738684,0.001509459889584017,0.2963709677419355
9675,0.0022,1.3772899570956893e-06,0.0009012615859320672,0.0089882086671243,0.0013313540392640615,0.3111111111111111
9683,0.0054,2.168580044237295e-06,0.002608083650670334,0.03361953878412148,0.0010727224821973492,0.43304843304843305
9688,0.0146,2.2597567293383653e-05,0.006951430854372331,0.052871338013805946,0.00163208515235085,0.2563146997929607
9693,0.0008,0.0,0.0004003602842119758,0.005404364550623238,0.0,0.9
9701,0.0086,6.613300473918638e-06,0.00381640757517987,0.039159523042087765,0.0018876594980693265,0.3292847503373819
9702,0.083,0.0016082537306823766,0.041470948208432334,0.15062917574282866,0.04316857484799369,0.06513771866853062
9709,0.0006000000000000001,0.0,0.00030024016811047716,0.006516440000274475,0.0,0.5
9711,0.004200000000000001,1.016279093932553e-06,0.0016033665244477024,0.006532301346406932,0.0013951422902140592,0.22058823529411764
9726,0.006200000000000001,2.124734015995362e-06,0.003111198322395703,0.030017494521922466,0.0,0.24193548387096775
9727,0.0024000000000000002,0.0,0.0011017625556131172,0.011617877576870467,9.371014873486741e-05,0.45454545454545453
9729,0.0074,5.649155965786594e-06,0.0035140536841118397,0.02852099175677263,0.00033727065468831916,0.3349206349206349
9730,0.0064,5.21686829304356e-06,0.0023064569722013317,0.008452026984027755,0.0011663867429559192,0.17753623188405798
9741,0.004200000000000001,3.9638488536258e-06,0.0019045702065152437,0.011334237318857014,0.0003919582591354586,0.3263157894736842
9751,0.004000000000000001,7.546304093564812e-07,0.0018041488566566954,0.012605920976693451,7.292663773369231e-05,0.43859649122807015
9759,0.0058000000000000005,9.833785118514993e-06,0.0028092689578591568,0.02218323345118461,8.275160125562498e-05,0.28078817733990147
9772,0.0034000000000000002,0.0,0.0016033665244477024,0.013510443949066291,8.172388211120213e-05,0.3235294117647059
9786,0.0092,3.3336616045725693e-06,0.0032118818425515006,0.025608318598928665,0.001777747150742371,0.2784090909090909
9793,0.0088,5.611140856519253e-06,0.0034133095173229933,0.01300576306724973,0.0025614946131430963,0.3949579831932773
9794,0.0036,0.0,0.0018041488566566954,0.02034034621858093,7.44072739143598e-05,0.5087719298245614
9796,0.017200000000000003,4.08365321781958e-05,0.008373674262927011,0.06339547755492747,0.00027888990630272356,0.23637406769936892
9797,0.1094,0.002944482336478682,0.05621832462514864,0.2091925603776862,0.06471874468352203,0.05289255032515623
9798,0.07239999999999999,0.0006475535827639687,0.03168848550772241,0.14819822110878292,0.032295966358170544,0.10186556114894878
9799,0.0112,1.597128922093615e-05,0.003917232689420347,0.02421572367589411,0.0011667480554212592,0.36025641025641025
9806,0.0094,6.1442670179242255e-06,0.004219829569195754,0.02822306987100159,0.00013128479288892906,0.2956810631229236
9817,0.0116,5.621620365756971e-06,0.004623575890008391,0.03418672187374974,0.0013320012163022632,0.2432932469935245
9820,0.013,9.457982224251426e-06,0.004018078055767926,0.023919345643513938,0.0032802648355797328,0.23414634146341465
9822,0.0044,2.2126353526146208e-06,0.0021054733039971296,0.01710404643416596,0.0002537807465141939,0.37662337662337664
9828,0.0088,2.283770523984251e-05,0.004018078055767926,0.015517765509898765,0.0013635410478689074,0.16707317073170733
9829,0.0044,3.117266269559911e-06,0.0019045702065152437,0.013489635495558126,0.0013128893610591017,0.3105263157894737
9830,0.003,6.098101998588658e-08,0.0013023438542085763,0.017838062874438242,4.832330567582218e-05,0.6153846153846154
9832,0.007600000000000001,2.372333108366917e-06,0.002909891886128557,0.024981723889591963,0.0002866584606356023,0.36551724137931035
9833,0.019600000000000003,7.99889927416586e-05,0.009188189711580419,0.05626546398171814,0.0027551270670104024,0.2405637840420449
9837,0.0204,4.7281028651760696e-05,0.00878076760472113,0.04841451466130467,0.005172164545437198,0.24608150470219436
9840,0.006000000000000001,6.123721085897545e-06,0.0027086662147308704,0.017373281165824685,0.0005999367789346911,0.2698412698412698
9846,0.005000000000000001,2.211887312047552e-06,0.0023064569722013317,0.023288108699534564,7.237089252519653e-05,0.40217391304347827
9847,0.036000000000000004,0.00011066756029880101,0.014823795724766553,0.11736677089434679,0.012199569036837903,0.29596496132699657
9849,0.0106,7.998362404455395e-06,0.0043207357284889,0.02407052032342491,0.00042635147713498826,0.34355179704016914
9855,0.0216,1.4271689227483025e-05,0.010106093564029806,0.09500086023405024,0.0034587663101263875,0.36495049504950494
9856,0.022000000000000002,2.4017559159688407e-05,0.009493972283450391,0.0756078701196235,0.000620828810892963,0.2734602463605823
9861,0.003,2.7205488863653843e-06,0.0014026646419362798,0.0064457928497204595,0.00020910422593090408,0.34285714285714286
9865,0.016200000000000003,2.7356697203946425e-05,0.007357376646748959,0.034178856973048816,0.0022130002976839145,0.31691965938541283
9870,0.0074,1.2115918671061171e-05,0.003614818078621962,0.018079372399048724,0.0022708908933768346,0.34384384384384387
9871,0.007200000000000001,6.227388720551798e-06,0.003312585572165627,0.02807079010621401,0.00026072344185748303,0.2816399286987522
9872,0.0028,1.993668517138239e-06,0.0009012615859320672,0.004420833497658507,0.0003431480599626418,0.4666666666666667
9875,0.0034000000000000002,0.0,0.0014026646419362798,0.010001616477849067,0.00018876900285226224,0.42857142857142855
9876,0.007200000000000001,2.913349719552411e-06,0.002909891886128557,0.025000225824070712,0.003273955159832486,0.30344827586206896
9885,0.0054,5.758354144597288e-06,0.0025075212596070706,0.009645315660462672,0.001468555905587711,0.46153846153846156
9888,0.014,2.447668159671882e-05,0.0060392477409603185,0.05960314960999111,0.0019340726750985788,0.31366120218579235
9890,0.0328,0.00010767755030372986,0.012972500784689478,0.10235647963165884,0.010189693563767144,0.28815406976744184
9892,0.0256,9.509073091064356e-05,0.012151868948450106,0.08188077035626706,0.00428259830634067,0.24421487603305786
9893,0.0492,0.00019902497279263275,0.02104393999454568,0.15513100540439329,0.01045195967160896,0.23493269546456544
9896,0.0262,4.134095671567343e-05,0.010923410723375326,0.07751999575939927,0.0037442192912719666,0.20098538905878355
9899,0.0018,0.0,0.0007008408969193525,0.004902319916429596,9.005581107743982e-05,0.35714285714285715
9905,0.0444,0.0002793167145868636,0.020626892921538298,0.11787766060051198,0.018527867596561526,0.15002682534263279
9906,0.0844,0.0009319839095684679,0.038009887788570174,0.1891539772763138,0.046104058930949696,0.11362248924226857
9908,0.0084,4.737039866314723e-06,0.003614818078621962,0.02220492378664691,0.0019495962633512445,0.2627627627627628
9922,0.0114,2.8956757197841905e-05,0.005330913539993931,0.04640108740832814,0.0001921485445654168,0.32075471698113206
9927,0.004000000000000001,9.028364279885953e-07,0.0018041488566566954,0.019119127541417587,0.0004434114729290577,0.38011695906432746
9931,0.001,0.0,0.0004003602842119758,0.001851632491192464,1.7927578623206904e-05,0.5
9935,0.0074,1.321571803677975e-05,0.0035140536841118397,0.014381972521195305,0.003004670808793277,0.1873015873015873
9938,0.0096,0.0,0.0043207357284889,0.04211242261104735,0.0005074288029991053,0.3773784355179704
9941,0.008,1.4573443003941596e-06,0.0034133095173229933,0.0275677470480326,0.0004401809785313089,0.35294117647058826
9946,0.024600000000000004,5.533570929484453e-05,0.010310298955357844,0.08279575165682752,0.002477758200807822,0.2962116885589187
9950,0.0014,8.547907915217582e-07,0.0007008408969193525,0.005098525544748642,1.7927578623206904e-05,0.32142857142857145
9954,0.0024000000000000002,2.3337413161899178e-07,0.0009012615859320672,0.004121281408757789,0.00035699733489413354,0.6
9966,0.004200000000000001,4.9811986781627425e-06,0.0020050116869441137,0.01771183968726335,1.7927578623206904e-05,0.34285714285714286
9968,0.0086,6.767576866698564e-06,0.004018078055767926,0.03136004763592634,0.0014472351490407128,0.3463414634146341
9969,0.0018,0.0,0.0008010412093559793,0.0060513617789948165,1.7927578623206904e-05,0.6111111111111112
9979,0.004200000000000001,9.498997490324128e-07,0.0020050116869441137,0.016275378799544084,0.0005870310810973078,0.4
9980,0.022000000000000002,6.189729383200793e-05,0.009493972283450391,0.052991797343347385,0.004709272591612542,0.2593505039193729
9982,0.0074,4.7955284377086504e-06,0.003614818078621962,0.038603936250158385,6.540823080211416e-05,0.4159159159159159
9983,0.0044,2.9625189497702787e-06,0.0019045702065152437,0.013826140068259201,0.00035360489031987217,0.3526315789473684
9986,0.0044,9.401548993988924e-08,0.0017037476313173094,0.017527904012146833,0.00012416151912748754,0.5294117647058824
9987,0.08739999999999999,0.001240216560206944,0.04027860884208012,0.19393152658869856,0.04916073134205294,0.10289299128905938
9998,0.0134,2.860779413920565e-05,0.005128715471710565,0.0359181242429074,0.0008184155783458965,0.2579185520361991
10001,0.0126,1.2995968869492644e-05,0.006140519815011292,0.04621573775786089,0.0006597110913711324,0.2723426758328926
10004,0.0008,0.0,0.0004003602842119758,0.0015883389111032951,1.7927578623206904e-05,0.4
10013,0.0122,1.5179270634283265e-05,0.005330913539993931,0.04698397455360351,0.000725135744254016,0.2746331236897275
10015,0.0144,1.4688018498164396e-05,0.006647186112386683,0.06572266832462748,0.0020588573778360843,0.29850746268656714
10016,0.0108,1.5217071266573236e-05,0.004421662164313389,0.02429216648699592,0.0003616443038927192,0.30707070707070705
10018,0.0012,0.0,0.0006006606425976724,0.0021404310082573617,1.7927578623206904e-05,0.5238095238095238
10019,0.011,3.232821732004582e-06,0.0049265987054252225,0.02961742994200862,0.0006509937123660138,0.28
10022,0.0098,5.404154688395372e-06,0.003917232689420347,0.015433493506415954,0.001955142617547932,0.49230769230769234
10023,0.0106,3.0473067062661284e-06,0.0035140536841118397,0.030296274048575062,0.001162387768060347,0.4253968253968254
10024,0.004000000000000001,1.1375010134814526e-06,0.0017037476313173094,0.01885587129341606,0.0003276844621902678,0.5032679738562091
10026,0.0048000000000000004,4.209303119936452e-06,0.0023064569722013317,0.022768973928083733,1.7927578623206904e-05,0.32608695652173914
10027,0.0026,6.006872087021697e-09,0.0012020431607797644,0.014402381348243537,1.7927578623206904e-05,0.5384615384615384
10028,0.006200000000000001,2.0499129638547665e-06,0.0030105350056146563,0.03604224235327186,4.16360271933621e-05,0.36129032258064514
10035,0.005600000000000001,6.463288163854919e-06,0.0027086662147308704,0.02624673327592596,5.968438165540721e-05,0.4497354497354497
10052,0.0028,1.1332316079050983e-06,0.0014026646419362798,0.01376879812608673,9.659159868693394e-05,0.4380952380952381
10054,0.0116,9.685300837809741e-06,0.005533192959340294,0.03908618109496921,0.010294112114760095,0.2558441558441558
10055,0.0034000000000000002,1.480948706846816e-06,0.0014026646419362798,0.00818150860238586,9.415464604818917e-05,0.3523809523809524
10058,0.0094,2.458768475391197e-05,0.004522608882781443,0.03539042929970629,4.16360271933621e-05,0.2927536231884058
10059,0.0018,0.0,0.0009012615859320672,0.008192527620769491,0.0001111595157461128,0.4888888888888889
10060,0.0028,1.836386609460919e-08,0.0013023438542085763,0.018913020110609392,1.7927578623206904e-05,0.6593406593406593
10061,0.0122,2.368127794662104e-05,0.004421662164313389,0.02633601120716796,0.0022324780882975394,0.31414141414141417
10067,0.0058000000000000005,3.086773201440641e-06,0.0025075212596070706,0.022396552417241214,0.0014854545479619607,0.3476923076923077
10071,0.0064,2.176836423302813e-06,0.002608083650670334,0.027748207243502004,0.0002108132383942345,0.3646723646723647
10079,0.0126,4.055695087437489e-05,0.005937996047684635,0.04823560743848407,0.00015618617362781894,0.2514124293785311
10086,0.007000000000000001,2.958144453850553e-06,0.003111198322395703,0.02419355885091817,0.0002383551757457388,0.3286290322580645
10087,0.0126,3.641838606942546e-05,0.005533192959340294,0.027900569231266863,0.0004277102620849918,0.2571428571428571
10090,0.005000000000000001,4.108363926325158e-06,0.002205955063729892,0.011147150020899034,0.0009823681555943767,0.5573122529644269
10094,0.0032,0.0,0.0016033665244477024,0.01791819630358988,0.0002016940477343618,0.5220588235294118
10095,0.0014,0.0,0.0006006606425976724,0.004084188320154588,1.7927578623206904e-05,0.38095238095238093
10096,0.004200000000000001,1.627243167230287e-07,0.0021054733039971296,0.014784431360108322,0.00034230768401738746,0.3939393939393939
10105,0.0068000000000000005,1.9354056845883194e-06,0.003312585572165627,0.03610882227428645,4.090194105742272e-05,0.3582887700534759
10109,0.0048000000000000004,2.0210913000765066e-07,0.002205955063729892,0.01871430135369256,0.0003802185845631379,0.43478260869565216
10114,0.008,2.0719366017656357e-06,0.00381640757517987,0.04401991365730579,5.359152086809461e-05,0.3738191632928475
10115,0.005600000000000001,2.7136987293344208e-06,0.0017037476313173094,0.011202006243195697,0.0013773941043470415,0.3660130718954248
10117,0.0004000000000000001,0.0,0.00020014008604940514,0.000979347449152991,1.7927578623206904e-05,1.0
10119,0.0074,3.61247621541763e-06,0.003312585572165627,0.03020359865808771,0.0006049815626482862,0.3493761140819964
10120,0.002,1.0893818869683419e-08,0.0009012615859320672,0.013082395193615131,1.7927578623206904e-05,0.6444444444444445
10122,0.0114,6.756935006530904e-06,0.005330913539993931,0.0454853578735247,7.523742735227913e-05,0.29280223619846263
10126,0.030600000000000002,0.0001351580169324885,0.011537266935510493,0.05588001660724168,0.009038406178093629,0.29534706331045
10127,0.01,5.655442303154605e-06,0.004421662164313389,0.03508722615218589,0.0007414236140626912,0.25757575757575757
10135,0.005200000000000001,1.041477229845168e-06,0.0024069790354728227,0.02194164559053446,0.0001802095694526636,0.4
10138,0.0044,6.281873275977784e-07,0.0019045702065152437,0.014696790759030715,6.8801720249682e-05,0.41578947368421054
10142,0.0126,2.729778420877221e-05,0.005432043077715942,0.03504460295641805,0.0003377951425147292,0.2787878787878788
10143,0.0026,8.573070108954368e-09,0.0011017625556131172,0.015334256449550856,0.00012527447164782885,0.6060606060606061
10145,0.0012,0.0,0.0006006606425976724,0.007411974072217298,1.7927578623206904e-05,0.6190476190476191
10148,0.0016,1.1462113087385237e-06,0.0006006606425976724,0.0019459077454176184,8.912067577664497e-05,0.5238095238095238
10149,0.005200000000000001,8.698605223686943e-06,0.0025075212596070706,0.019169560786031187,0.0005161216238525483,0.4430769230769231
10151,0.0106,1.768261942413537e-05,0.0052298043400367256,0.03815590153538287,1.7927578623206904e-05,0.2409288824383164
10152,0.026400000000000003,0.0002143891452613182,0.01286984905411015,0.04692392184615908,0.015941547416755283,0.10802165354330709
10162,0.005600000000000001,2.3764800389055827e-06,0.002608083650670334,0.0190652413264503,6.470924510642803e-05,0.42165242165242167
10167,0.006600000000000001,4.119571015893827e-06,0.0030105350056146563,0.023555841151998845,0.00031470558872959305,0.2924731182795699
10168,0.007200000000000001,1.544593201104059e-06,0.0028092689578591568,0.018067926360735852,0.00033465892547969087,0.30049261083743845
10174,0.005600000000000001,2.4113447867371365e-06,0.0020050116869441137,0.010399784923402537,0.00048413538539242914,0.3476190476190476
10175,0.003,0.0,0.0010015020326745727,0.0025163223913101714,0.0002407843880974695,0.8
10176,0.0128,6.73782945093051e-06,0.0057355537788557065,0.02794580571221397,0.00215575073214841,0.40653357531760437
10178,0.0022,0.0,0.0008010412093559793,0.008719093093580226,0.0002507085806932684,0.6944444444444444
10182,0.0112,3.4440347747350447e-06,0.005027646928883245,0.04584732249537064,0.0004523462950961453,0.28705882352941176
10183,0.0034000000000000002,1.737656146586676e-08,0.0016033665244477024,0.012788209257416382,0.00010039201750779896,0.5367647058823529
10184,0.0128,2.177401301394938e-05,0.005836764729032939,0.04705779074383849,0.00022798128244139876,0.2939801285797779
10190,0.019000000000000003,6.365652586045603e-05,0.008577179863067164,0.05700824639229843,0.004102481190184078,0.24705882352941178
10191,0.0118,8.109597474274626e-06,0.00472456319211112,0.031226434477456818,0.0007492130897902067,0.28102836879432624
10195,0.0012,0.0,0.0006006606425976724,0.004726922519723693,1.7927578623206904e-05,0.5238095238095238
10196,0.0064,2.667430062351096e-06,0.0025075212596070706,0.015865281408368685,0.00030361565596849233,0.4461538461538462
10198,0.0108,1.905924742539481e-05,0.004623575890008391,0.031596423963022674,0.00048474569763531635,0.2765957446808511
10203,0.005600000000000001,3.4454718403966886e-06,0.0021054733039971296,0.008555098437013273,0.0010189997697054912,0.21212121212121213
10207,0.0074,2.669857146631947e-06,0.0034133095173229933,0.0277952555062085,0.00021999078697303143,0.44201680672268906
10210,0.0128,1.3141813755442174e-05,0.006140519815011292,0.05918572516967742,0.0011039730664402958,0.3939714436805923
10216,0.0138,1.0413694234524934e-05,0.0052298043400367256,0.04854858528706098,0.001424137574867851,0.37082728592162556
10224,0.0204,7.75856608433849e-06,0.008984437537631118,0.07311569568769755,0.0009312651863642203,0.30986267166042447
10229,0.002,0.0,0.0009012615859320672,0.008163475314938717,1.7927578623206904e-05,0.6
10236,0.0096,2.4857855365765063e-06,0.004522608882781443,0.04382915857603861,0.00017258793233534584,0.30917874396135264
10239,0.024000000000000004,3.207394827863908e-05,0.010616761868516233,0.0721805872464296,0.0008652669780828797,0.2366576819407008
10241,0.0114,5.080213219889143e-06,0.004623575890008391,0.02775213877723341,0.000468807971814974,0.3580018501387604
10246,0.004200000000000001,1.8254772417269274e-07,0.0018041488566566954,0.014812198021985298,0.00018099052108790223,0.42105263157894735
10252,0.0048000000000000004,6.936493340655414e-06,0.002205955063729892,0.021284339476471695,3.301350141080505e-05,0.43873517786561267
10254,0.0006000000000000001,1.071225522185536e-07,0.00020014008604940514,0.0008209981068774738,1.7927578623206904e-05,0.6666666666666666
10255,0.017800000000000003,1.70495640610433e-05,0.007865269305625366,0.05408223371166904,0.00144289799392001,0.22103213242453748
10260,0.0626,0.0007590422626269501,0.028821243429964394,0.1639932292442671,0.025624632280132353,0.1386120996441281
10266,0.005200000000000001,1.5726842747462844e-06,0.0017037476313173094,0.004056604426125985,0.001074549879889202,0.21568627450980393
10267,0.007600000000000001,5.76048129103595e-06,0.003111198322395703,0.018134431806104558,0.0004439554591473923,0.2540322580645161
10273,0.0118,1.5157934735234587e-05,0.0043207357284889,0.028284151243038843,0.0005862118460120328,0.31606765327695563
10275,0.016800000000000002,7.484519372663313e-06,0.007763649814764628,0.07200187942618187,0.00027952628908232014,0.354978354978355
10277,0.014,1.5166308374250555e-05,0.005533192959340294,0.039525984308441856,0.00489772893225989,0.23636363636363636
10283,0.0034000000000000002,3.629179716976527e-07,0.0012020431607797644,0.008368548399636985,0.00019794767818001623,0.5897435897435898
10286,0.0048000000000000004,1.2253824172128065e-06,0.0018041488566566954,0.00989192329107446,0.000259203707928471,0.4619883040935672
10291,0.0034000000000000002,3.7807959606548336e-08,0.001503005530002266,0.012589352102535374,0.0008583370596163868,0.5583333333333333
10292,0.004200000000000001,2.4374135887011903e-06,0.0020050116869441137,0.018221868251365573,0.002432169562536904,0.44761904761904764
10302,0.0038,3.407251842402424e-07,0.0017037476313173094,0.01568157549672189,0.0006610556988833083,0.5490196078431373
10305,0.0114,4.672578378568741e-06,0.005027646928883245,0.04085968590141381,0.00027447116232398475,0.2784313725490196
10306,0.0038,1.6664673690850604e-07,0.0018041488566566954,0.016968035646466508,4.738613032419985e-05,0.4678362573099415
10307,0.0014,0.0,0.0007008408969193525,0.011625512812961921,8.633806067731814e-05,0.75
10313,0.0102,1.2749440940177765e-05,0.003614818078621962,0.01234512165820283,0.0009311971219834152,0.34234234234234234
10315,0.004000000000000001,2.618155269144572e-06,0.0017037476313173094,0.014886524036682915,0.00032234882139941254,0.3006535947712418
10316,0.0022,5.471190846473672e-07,0.0011017625556131172,0.012749192126621081,3.726034441574517e-05,0.5606060606060606
10329,0.002,1.1538629196112774e-06,0.0006006606425976724,0.00209856139404924,0.0001856007010630047,0.3333333333333333
10330,0.0024000000000000002,0.0,0.0012020431607797644,0.01569757397927673,0.00039842501059724844,0.48717948717948717
10333,0.0092,4.060025332048155e-06,0.0043207357284889,0.045186076408198786,0.0002159091931587463,0.3657505285412262
10337,0.011,8.416909187070741e-07,0.005027646928883245,0.05558961233389478,0.000853052007555217,0.43137254901960786
10340,0.007200000000000001,1.6338840707737405e-07,0.0034133095173229933,0.032935588737500535,0.00026165745749938765,0.4050420168067227
10341,0.0084,9.321152191825248e-06,0.004018078055767926,0.03893743953975533,5.78250184537334e-05,0.2926829268292683
10343,0.0152,1.8090186659488262e-05,0.007052886632642474,0.05858871393068847,0.0005238749565800081,0.26398390342052314
10346,0.0028,1.9465971027451773e-08,0.0013023438542085763,0.012421305279435357,7.44072739143598e-05,0.4725274725274725
10347,0.004600000000000001,0.0,0.002205955063729892,0.02965059526957566,1.7927578623206904e-05,0.5731225296442688
10349,0.005600000000000001,3.1064765417545896e-06,0.0027086662147308704,0.030695107412962646,1.7927578623206904e-05,0.3201058201058201
10355,0.0058000000000000005,6.1867696165892305e-06,0.0024069790354728227,0.01058660534763705,0.0010958804245875088,0.31666666666666665
10357,0.005600000000000001,0.0,0.0018041488566566954,0.00463968465128283,0.00046960291962540887,0.21637426900584794
10358,0.007600000000000001,3.235499514888593e-06,0.003715602706946264,0.03320743633354688,3.301350141080505e-05,0.35561877667140823
10362,0.007000000000000001,1.5073916522203962e-06,0.0032118818425515006,0.021201370811751188,0.00012734025101034184,0.3314393939393939
10369,0.004600000000000001,0.0,0.0021054733039971296,0.008255760169711792,0.000983103573280061,0.23376623376623376
10370,0.017,3.763882943691102e-05,0.007357376646748959,0.060272685419896305,0.003595973580367713,0.2806368011847464
10371,0.003,3.177969049150424e-07,0.0013023438542085763,0.00866490883808295,5.359152086809461e-05,0.4945054945054945
10380,0.0138,1.5001335041849305e-05,0.006545812042094257,0.05239332247180753,9.792037045928015e-05,0.35804195804195804
10381,0.0082,1.4670020675867431e-05,0.00381640757517987,0.027938550753085527,0.0001159763129277557,0.252361673414305
10387,0.0024000000000000002,0.0,0.0010015020326745727,0.008642626623341592,3.346061941949022e-05,0.5636363636363636
10388,0.004000000000000001,1.8946740326986822e-06,0.0014026646419362798,0.00714734939537909,0.00019414780577021464,0.4
10392,0.023000000000000003,0.00010183071161223585,0.01000402181482829,0.07169901010872798,0.0060270924281867816,0.20909090909090908
10394,0.0094,9.542980222777861e-06,0.003917232689420347,0.035762444768412685,0.001109106293941569,0.3628205128205128
10399,0.0106,5.820807798919288e-06,0.003715602706946264,0.023596063781446464,0.0018588135546766717,0.29445234708392604
10409,0.0058000000000000005,0.0,0.002205955063729892,0.007565120286020259,0.0016059001016387768,0.21739130434782608
10412,0.01,6.1160061409104285e-06,0.003917232689420347,0.029458503572266644,0.001206582881939494,0.29743589743589743
10414,0.0038,0.0,0.001503005530002266,0.01081217427655817,0.00036548375769538766,0.325
10421,0.005600000000000001,0.0,0.0017037476313173094,0.00626136711923618,0.000858626050038188,0.3333333333333333
10422,0.014,1.6519091813616872e-05,0.00472456319211112,0.037089078220298805,0.0018221896553280168,0.3475177304964539
10423,0.0038,2.2512059039233189e-07,0.0017037476313173094,0.01728076589382673,0.00012671246875469247,0.37254901960784315
10424,0.017,4.2527636011105165e-05,0.005836764729032939,0.028584463290829098,0.0025402908632026298,0.1858562244301578
10434,0.0126,1.2266744270413973e-05,0.005128715471710565,0.035294957479988565,0.0015297575040406444,0.3009049773755656
10439,0.0022,3.0935280052180993e-07,0.0011017625556131172,0.014045800366972366,0.0,0.48484848484848486
10440,0.003,0.0,0.0010015020326745727,0.0023988538229533524,0.00028687863554229713,0.4909090909090909
10441,0.005000000000000001,2.601097670534891e-06,0.0019045702065152437,0.016534988134215892,0.0002767992114159843,0.41578947368421054
10443,0.004200000000000001,3.0036862214987445e-06,0.0016033665244477024,0.010449210806127363,0.0003902446817686873,0.27941176470588236
10446,0.05160000000000001,0.00017993045958992896,0.020418497091599708,0.11142615552955192,0.03587510211571206,0.17253731343283582
10447,0.005600000000000001,6.409277279418126e-06,0.0021054733039971296,0.011535541722493943,0.00042620764605507744,0.38095238095238093
10448,0.0048000000000000004,2.2941112822371098e-06,0.0021054733039971296,0.016835308981892422,0.00015434152470672545,0.3246753246753247
10451,0.0094,9.012206073189304e-06,0.004522608882781443,0.04123911478457225,0.0001909781125665189,0.3188405797101449
10456,0.015600000000000001,4.8498226562387465e-05,0.006545812042094257,0.05203881901201585,0.0011190747303108364,0.282983682983683
10462,0.01,9.209362912948436e-06,0.004421662164313389,0.013631690357456778,0.0025779251243293754,0.24343434343434345
10468,0.013,9.578612782658014e-06,0.005330913539993931,0.03539742887877663,0.0023052591950627876,0.3326345213137666
10469,0.004600000000000001,5.306852901593273e-07,0.0016033665244477024,0.017851272649100657,0.004229192904011678,0.47794117647058826
10471,0.0354,0.0001464025396210557,0.017095697776516428,0.07613862711436076,0.029214971193021,0.10347985347985347
10475,0.0102,6.891526814869906e-06,0.0034133095173229933,0.014757662141394897,0.0014029686251043824,0.28403361344537814
10479,0.0094,3.8097856448677212e-06,0.004421662164313389,0.05072050678451864,0.00035424362480569467,0.5141414141414141
10480,0.0182,4.273500947360364e-05,0.007154362853342144,0.053969792296076805,0.00131304942029528,0.3086854460093897
10485,0.0006000000000000001,0.0,0.00020014008604940514,0.000493313067582552,0.00010183903258491485,0.6666666666666666
10488,0.0028,0.0,0.0010015020326745727,0.007666335155827085,0.00019020162269094316,0.36363636363636365
10491,0.002,8.299679126976464e-07,0.0010015020326745727,0.011658637101657154,0.0,0.43636363636363634
10492,0.0022,0.0,0.0011017625556131172,0.005180240345787859,0.0,0.6818181818181818
10493,0.0,0.0,0.0,0.0,0.0,0.0
10497,0.0102,1.8900439561881653e-05,0.004118943680324838,0.026671309082487892,0.000612195764627529,0.31126596980255516
10512,0.0022,1.6609047007199167e-07,0.0010015020326745727,0.011494726685469882,4.573319193806316e-05,0.4909090909090909
10526,0.0018,8.176166392701e-08,0.0009012615859320672,0.008048791042342,0.0,0.4444444444444444
10530,0.0068000000000000005,2.291963520824682e-05,0.0032118818425515006,0.007273635408944521,0.002243357816226375,0.10795454545454546
10543,0.0028,3.444199683344821e-07,0.0012020431607797644,0.01147452058232842,0.001119138639542753,0.358974358974359
10549,0.008,7.993809351060199e-06,0.003312585572165627,0.02050897053439182,0.0006178009928989231,0.21746880570409982
10550,0.0018,0.0,0.0007008408969193525,0.002875116887580631,0.00014982970105055667,0.5714285714285714
10551,0.0018,4.8970309585624515e-08,0.0007008408969193525,0.008583044710865856,0.00022494476121449674,0.6428571428571429
10558,0.005600000000000001,0.0,0.002608083650670334,0.03430589431666407,0.00023927643289168785,0.42450142450142453
10559,0.0094,7.728280320376616e-06,0.0035140536841118397,0.03130063585808612,0.0017735131146152335,0.33650793650793653
10563,0.0012,0.0,0.0006006606425976724,0.008093030051043122,0.0001252158019247765,0.3333333333333333
10568,0.0238,7.19228379615163e-05,0.00990197068826526,0.07786952098169801,0.006408079623605369,0.2789115646258503
10574,0.0084,1.3991567517362008e-05,0.003715602706946264,0.008551420961910175,0.002054276992068638,0.30014224751066854
10580,0.0116,3.579523425156852e-05,0.005836764729032939,0.023548017213600902,0.005866240426556938,0.12682641729982466
10602,0.0262,5.3560249850281166e-05,0.01000402181482829,0.05985482342998527,0.004308338183360367,0.16080808080808082
10609,0.0014,0.0,0.0006006606425976724,0.0072089118462124804,9.855790531362505e-05,0.6666666666666666
10625,0.004600000000000001,6.444448865098147e-06,0.0020050116869441137,0.01483726833687097,0.0001409115611289846,0.24285714285714285
10626,0.0012,0.0,0.0005005004403684232,0.0009511147756363653,0.00015696007704435466,0.4
10630,0.0124,1.190772684438081e-05,0.0043207357284889,0.022424456405395393,0.0010294730411062828,0.2040169133192389
10631,0.0028,2.0960312717430325e-06,0.0011017625556131172,0.003248120196038179,0.00027121638333342686,0.25757575757575757
10645,0.0142,3.2226322653225006e-05,0.005533192959340294,0.030336810132940335,0.003697544696036968,0.2038961038961039
10648,0.0034000000000000002,2.817602200137307e-06,0.0016033665244477024,0.004529095400794436,0.0011761441493455121,0.20588235294117646
10661,0.0026,8.490062389663334e-07,0.0013023438542085763,0.009907605341135581,3.124388330169787e-05,0.4065934065934066
10673,0.0228,2.1283144446749303e-05,0.008373674262927011,0.06921061835468208,0.00885906177383318,0.3198508318990247
10678,0.002,8.462681625265736e-07,0.0007008408969193525,0.0034124320444464153,0.0005015231584793316,0.42857142857142855
10679,0.0422,0.00017469835598829677,0.016992208887624427,0.10705710694546604,0.012597503689523608,0.21293128029654976
10680,0.0024000000000000002,0.0,0.0010015020326745727,0.01311607217630658,6.577687875943439e-05,0.7272727272727273
10683,0.0234,2.1212542706635568e-05,0.008882592294158664,0.05868485988494239,0.0035242305818173605,0.199438202247191
10684,0.0118,1.360078553453231e-06,0.004018078055767926,0.018379644789394124,0.0023956245987167904,0.17560975609756097
10688,0.0026,0.0,0.0012020431607797644,0.00907777939309418,0.0002793084154737803,0.47435897435897434
10696,0.0022,2.7545799141913787e-07,0.0010015020326745727,0.00737287816945208,8.649791846556992e-05,0.45454545454545453
10706,0.006600000000000001,5.638885227038728e-06,0.0028092689578591568,0.02307906208879704,0.0003806586827839587,0.33251231527093594
10707,0.08159999999999999,0.00039091446863024666,0.029139038773837944,0.18088948839427682,0.033333753717748875,0.17677798238192405
10712,0.0004000000000000001,0.0,0.00020014008604940514,0.0010540550755496203,0.00023480384840594522,0.6666666666666666
10714,0.0234,0.00012161445271471048,0.009086303341362845,0.03316236016019916,0.007436555245177283,0.15433455433455434
10715,0.032,0.0001554734910849712,0.01286984905411015,0.06233535933049213,0.013262371397810406,0.1637549212598425
10717,0.036800000000000006,0.00015399163962332986,0.014411812416493808,0.09912450452237502,0.015868572203239714,0.20959322367773073
10719,0.0098,7.474609999581764e-06,0.003715602706946264,0.019772797773958045,0.0013361991872041638,0.2546230440967283
10721,0.0256,8.4180106652076e-05,0.011025668357958152,0.07866644811865338,0.015016637608239026,0.2597164303586322
10722,0.0028,0.0,0.0014026646419362798,0.021864024037268438,0.0,0.5714285714285714
10726,0.05620000000000001,0.00047476864143252415,0.025759308443262574,0.11661719993899275,0.04028986184070314,0.10519825460064504
10729,0.003,0.0,0.0010015020326745727,0.007429451864308731,0.0041770124880767135,0.3090909090909091
10731,0.0044,0.0,0.001503005530002266,0.004182715277033969,0.000970071890107724,0.20833333333333334
10734,0.0006000000000000001,0.0,0.00020014008604940514,0.0013410413578803211,0.0004094765688809442,0.6666666666666666
10738,0.0036,0.0,0.0014026646419362798,0.015409731297915372,0.0006385050570021379,0.44761904761904764
10739,0.002,6.383054333323589e-07,0.0008010412093559793,0.007471553862663816,0.0004766322202369493,0.4722222222222222
10740,0.0064,2.2887342574379968e-06,0.0032118818425515006,0.039044600596817275,0.0005521686304900665,0.4659090909090909
10741,0.005200000000000001,0.0,0.0020050116869441137,0.009617992087566203,0.0009409871531391656,0.24761904761904763
10753,0.019200000000000002,3.693928442489976e-05,0.0068499955123555445,0.03149452179540281,0.005156004238434635,0.18329070758738278
10758,0.0014,0.0,0.0006006606425976724,0.003144024730154264,0.000145384205179932,0.3333333333333333
10795,0.0048000000000000004,6.07540569749238e-06,0.0021054733039971296,0.00884544615453317,0.000611672304365906,0.24675324675324675
10819,0.0154,3.6490965446401655e-05,0.006241812275992631,0.036682964759607986,0.0010760701224213193,0.20686123911930362
10821,0.006000000000000001,0.0,0.002205955063729892,0.01098457025709583,0.0004446695567613181,0.2845849802371542
10832,0.0032,4.990125557514289e-06,0.0013023438542085763,0.0043532061330649775,0.00035457245710506923,0.21978021978021978
10833,0.0044,6.105985476457556e-06,0.0020050116869441137,0.01966982755038082,4.378108379367838e-05,0.3523809523809524
10837,0.013,1.2355029319555143e-05,0.005330913539993931,0.04122415572583475,0.002533061969538626,0.32424877707896577
10838,0.006000000000000001,0.0,0.002205955063729892,0.010947634362742337,0.0014823593737584946,0.3201581027667984
10840,0.0216,4.0959009024184705e-05,0.009188189711580419,0.08123543208631699,0.0016734966523790848,0.25680840898232205
10841,0.0152,1.1724172861264267e-05,0.0067485806004177196,0.06662927251536234,0.0006996197072441859,0.35513608428446003
10844,0.005200000000000001,9.835743308602473e-07,0.002205955063729892,0.023490219923665966,0.00036389756352997904,0.34782608695652173
10848,0.0322,6.53564349574549e-05,0.013280580831562583,0.0866167245573244,0.018308788877126215,0.2402266944251677
10855,0.0198,0.00019022645921745233,0.00878076760472113,0.03756366960232724,0.009724448549459204,0.11415882967607105
10857,0.0044,9.820419562358078e-08,0.0019045702065152437,0.02267801400918863,0.001198274302147802,0.46842105263157896
10859,0.0378,0.0001454373532262433,0.015029912868792517,0.10351356011842401,0.006186565900207467,0.23961545438055507
10863,0.0018,6.362978123935104e-08,0.0009012615859320672,0.015414079688005976,3.509451942871971e-05,0.4444444444444444
10869,0.0008,0.0,0.00030024016811047716,0.00163815186703971,1.4964845079670644e-05,0.6666666666666666
10870,0.008,1.2751980267886738e-06,0.0035140536841118397,0.0362476531431241,0.000429135480168818,0.4174603174603175
10871,0.004600000000000001,7.972835589366112e-07,0.002205955063729892,0.024792455016028708,6.322643980214999e-05,0.41106719367588934
10872,0.007200000000000001,8.667320677186479e-07,0.003312585572165627,0.030193658607739596,0.0003725560079066559,0.3422459893048128
10876,0.01,1.1656090277336542e-05,0.0048255707952091775,0.0430922900910613,0.0001646653468288465,0.26105442176870747
10881,0.0012,0.0,0.0006006606425976724,0.008147318588437662,0.0,0.7619047619047619
10883,0.0016,0.0,0.0007008408969193525,0.008700736131157847,0.00013222139890494192,0.42857142857142855
10887,0.003,1.067399716749159e-06,0.0011017625556131172,0.007346139833425384,0.00037554579039858536,0.5151515151515151
10888,0.0032,0.0,0.0013023438542085763,0.01286601995440818,0.000273654662589774,0.4725274725274725
10895,0.056,0.0003218245371840225,0.026180560501761763,0.12360907315222758,0.03892672029203971,0.11743259803921569
10896,0.031200000000000006,0.0001579048109267235,0.01420594615039894,0.08100259154847032,0.006244631484832602,0.1702127659574468
10900,0.003,3.146213596739245e-07,0.0014026646419362798,0.015179483964457865,0.00012467947498104683,0.49523809523809526
10903,0.0138,2.158997375559858e-05,0.0056343631910062975,0.034331560009088755,0.01774068915898619,0.31265664160401
10904,0.0038,0.0,0.0018041488566566954,0.019138575297488296,0.00014690132116636017,0.4853801169590643
10906,0.031400000000000004,0.00012128667320494252,0.0137944641399812,0.07428615678610405,0.013289166665527936,0.18666809789609273
10908,0.0084,9.805196925465545e-06,0.003715602706946264,0.02941600599051811,0.0007510505281706112,0.32574679943101
10913,0.017800000000000003,7.707465130945513e-05,0.007763649814764628,0.027179103915881426,0.01128282458687922,0.12154512154512155
10914,0.0238,9.86722662577126e-05,0.010106093564029806,0.04379962374282921,0.010683536253924215,0.17366336633663365
10917,0.018600000000000002,4.3875369994000426e-05,0.007458914231821989,0.038293156269435275,0.009464850611566593,0.23135135135135135
10918,0.007000000000000001,3.6322196812962433e-06,0.0024069790354728227,0.00955743188792697,0.0008443686837455497,0.22333333333333333
10924,0.026000000000000002,8.270917960327172e-05,0.010208185942121473,0.045482570960975716,0.008276928533610513,0.17918850708600273
10937,0.0032,1.0324950206038693e-06,0.0013023438542085763,0.019191051274980615,0.00021761460502061172,0.4835164835164835
10959,0.0044,7.225460107445235e-06,0.0016033665244477024,0.010500166695752839,0.00041424329767196955,0.375
10992,0.004600000000000001,2.9358575945056355e-07,0.002205955063729892,0.015943751687619336,3.0166419833319133e-05,0.24110671936758893
11004,0.004200000000000001,6.383188278547812e-06,0.0021054733039971296,0.01861490102918182,0.0,0.2813852813852814
11008,0.007000000000000001,1.2482447926711747e-05,0.0027086662147308704,0.01584793388159904,0.0021275587840540386,0.25132275132275134
11012,0.0012,0.0,0.0005005004403684232,0.003563864320055881,0.0001393665514685872,0.5333333333333333
11024,0.0116,2.2337914093652692e-05,0.004522608882781443,0.03487912750192197,0.004446890902025721,0.24154589371980675
11031,0.0008,0.0,0.00030024016811047716,0.0027288434418047767,8.39682182447863e-05,0.8333333333333334
11037,0.0126,7.346111960397896e-06,0.005432043077715942,0.05514237213424701,0.0017747731592629612,0.36498316498316496
11038,0.0138,2.9817820584265823e-05,0.0056343631910062975,0.04614270622418737,0.0019043694175667055,0.3032581453634085
11039,0.0014,3.5962571101943e-07,0.0005005004403684232,0.0011016088076197025,0.00022137098776230742,0.4
11040,0.004200000000000001,0.0,0.0016033665244477024,0.013946135975904113,0.001031492387755279,0.4264705882352941
11043,0.014,1.1603136304334477e-05,0.0052298043400367256,0.026510839568571056,0.0022532256664674353,0.22641509433962265
11047,0.0068000000000000005,6.050577315831433e-07,0.0032118818425515006,0.03478119985798295,7.471505521213981e-05,0.3939393939393939
11054,0.0068000000000000005,0.0,0.0025075212596070706,0.013963810869113077,0.0020363732452947534,0.2246153846153846
11067,0.0054,4.9095285896546155e-06,0.0019045702065152437,0.0054773348688036665,0.0009561681822578524,0.2894736842105263
11069,0.008,3.3700118883833915e-06,0.003111198322395703,0.022711861878258854,0.0006737670656047314,0.3064516129032258
11079,0.005000000000000001,2.5761653471306605e-06,0.0019045702065152437,0.010137496333246208,0.0002814353132102646,0.2789473684210526
11081,0.004600000000000001,1.5642450295235524e-05,0.0020050116869441137,0.004743668260178151,0.0002361487851660261,0.1619047619047619
11103,0.007600000000000001,3.7754329786380397e-06,0.002909891886128557,0.013027091322831922,0.014444755702135884,0.3080459770114943
11106,0.0142,8.922339219105132e-06,0.006241812275992631,0.05580189177222129,0.0014443655516587213,0.2672811059907834
11116,0.004600000000000001,1.5279623378415047e-06,0.0018041488566566954,0.020882691173471964,0.0004690114778706499,0.4678362573099415
11128,0.014,3.0832392453817456e-05,0.0060392477409603185,0.046042669630219774,0.002463300843019226,0.28743169398907104
11143,0.001,0.0,0.0004003602842119758,0.002467811652849067,0.0001528816550128942,0.4
11147,0.0098,1.4302503305086118e-05,0.004018078055767926,0.03152353764428832,0.0006633031056563324,0.27682926829268295
11162,0.028000000000000004,0.00013480915570938324,0.011844474631958146,0.04563738301959176,0.011670479852772878,0.13646240764884832
11178,0.0152,8.92399591207846e-06,0.0067485806004177196,0.0589145283753606,0.0009042300341739351,0.3222124670763828
11181,0.007200000000000001,9.00559781756723e-07,0.002608083650670334,0.02483330126732531,0.001181872305493735,0.358974358974359
11182,0.019600000000000003,3.2513724225973895e-05,0.008373674262927011,0.0797600447309908,0.0029414875656869942,0.3548479632816982
11185,0.0476,0.00021904258703680702,0.018442972135879865,0.12884626787747377,0.01466083845868281,0.23022281585817497
11190,0.013,2.364776818111602e-05,0.004623575890008391,0.0338288248931953,0.0025885937745607564,0.30527289546716
11202,0.0106,2.2035299835730224e-05,0.004219829569195754,0.02678428914305146,0.0023137100294883155,0.2757475083056478
11206,0.0084,5.7353066217056896e-06,0.003917232689420347,0.03250352031605734,0.00035693854782296093,0.36153846153846153
11210,0.013600000000000001,3.6166241923753134e-06,0.0056343631910062975,0.03604687446018778,0.0037828159454704564,0.22055137844611528
11215,0.0018,0.0,0.0008010412093559793,0.007280410605321105,9.856976152673659e-05,0.4722222222222222
11218,0.004200000000000001,3.172526088757539e-06,0.0016033665244477024,0.010362750955623959,0.0002747571667175283,0.36764705882352944
11220,0.0026,0.0,0.0010015020326745727,0.005748168363990863,0.0031683979969638868,0.34545454545454546
11221,0.0032,0.0,0.0011017625556131172,0.005331063967398639,0.0009874045201605695,0.48484848484848486
11234,0.037200000000000004,4.7512988378557155e-05,0.015133002835577836,0.11148727800873308,0.02167986663618337,0.2891275167785235
11236,0.0082,1.1315104323911942e-06,0.003614818078621962,0.03298919278083483,0.0006374119702269595,0.38738738738738737
11241,0.0088,1.1587171180201095e-05,0.003614818078621962,0.027556594944665006,0.0010771409546995996,0.2627627627627628
11242,0.0044,1.2635859089917746e-07,0.002205955063729892,0.03319098541043371,0.0,0.6284584980237155
11245,0.0038,6.052818046465708e-07,0.001503005530002266,0.0114226409271894,0.0004667849759701937,0.38333333333333336
11250,0.004600000000000001,4.311348478011032e-06,0.0018041488566566954,0.011165208020373848,0.0004319781040587003,0.3567251461988304
11251,0.0014,0.0,0.0006006606425976724,0.009780526353841256,0.00012283154734674812,0.47619047619047616
11261,0.0086,3.9405403604381054e-06,0.0030105350056146563,0.02732449748515323,0.0023422829572644424,0.36774193548387096
11262,0.015600000000000001,9.471031158101218e-06,0.006140519815011292,0.0568675146474656,0.006825849362271995,0.40031729243786357
11265,0.0138,5.021365250441866e-05,0.0056343631910062975,0.028938928922846368,0.0033590989967848843,0.19047619047619047
11270,0.005600000000000001,0.0,0.0019045702065152437,0.008564069235613574,0.000966822315704683,0.3157894736842105
11273,0.0112,1.2921998008828808e-05,0.004421662164313389,0.03114199209727488,0.0010969787030231494,0.2696969696969697
11279,0.024600000000000004,3.1942182777716255e-05,0.00878076760472113,0.05600906541391466,0.012944311741566548,0.23223615464994776
11284,0.005600000000000001,1.7220688989465212e-06,0.0019045702065152437,0.012491998103963231,0.0006309969930005755,0.3368421052631579
11291,0.0104,5.0349178021886265e-06,0.004421662164313389,0.02818873783433429,0.0004850988958967629,0.22626262626262628
11297,0.0054,3.4949563158726125e-06,0.0025075212596070706,0.019866631081849453,0.0027721038112649655,0.4123076923076923
11298,0.0012,0.0,0.0005005004403684232,0.005261636697395386,0.00013009712013863897,0.7333333333333333
11300,0.002,0.0,0.0010015020326745727,0.013947112259002171,0.0,0.4
11302,0.0016,4.225827151856912e-07,0.0007008408969193525,0.008436795001167362,0.00016985476902329187,0.42857142857142855
11321,0.0078000000000000005,6.016689982426763e-06,0.003614818078621962,0.04290990909189539,0.00020298181791485843,0.4219219219219219
11325,0.0022,0.0,0.0010015020326745727,0.009263403875765418,5.600186121369603e-05,0.36363636363636365
11329,0.0194,2.3513274573662624e-05,0.008271952250391124,0.03934304973293426,0.003366018257648551,0.24507787246547164
11330,0.005200000000000001,1.3353317682049386e-06,0.002205955063729892,0.026659702626722365,0.00030883609649190013,0.4308300395256917
11331,0.029800000000000004,3.1088908479779595e-05,0.011946918660165728,0.05202018105106025,0.006148712044878875,0.27531690642358636
11333,0.021800000000000003,7.367007231615331e-05,0.008475416798415347,0.028746020697165583,0.006171336351865389,0.2703081232492997
11336,0.019600000000000003,4.449067760593851e-05,0.007560472284055875,0.029868080515732375,0.00552007635894154,0.36526315789473685
11337,0.0268,6.29374162108007e-05,0.011434905811778417,0.05594434226899754,0.007038158444567729,0.30818195932308645
11343,0.001,0.0,0.0005005004403684232,0.001878375583080693,2.895665794966655e-05,0.8
11348,0.005200000000000001,1.6691177584425977e-06,0.0021054733039971296,0.008931765177835388,0.0007613046028175642,0.2987012987012987
11350,0.0044,0.0,0.0021054733039971296,0.023503733521816617,7.587486520015672e-05,0.5151515151515151
11351,0.0102,4.4938113914948184e-06,0.004219829569195754,0.03853312103648446,0.0004607601168263377,0.45625692137320045
11354,0.0094,2.0508214850663242e-05,0.0043207357284889,0.024936368068525613,0.0022838775548302006,0.22832980972515857
11359,0.009,4.519299552948262e-06,0.0032118818425515006,0.013393192219028769,0.001428202069239212,0.45454545454545453
11360,0.0028,8.490847644541992e-07,0.0010015020326745727,0.004938433268006774,0.0005676072142058818,0.45454545454545453
11365,0.015,2.961251621845992e-06,0.006444458383373597,0.0403943912413484,0.0005445839454272383,0.3326923076923077
11373,0.01,1.2408017245142643e-05,0.004421662164313389,0.02389774430991044,0.00228710054201078,0.3878787878787879
11386,0.0014,0.0,0.0007008408969193525,0.011531723723457177,0.0,0.6071428571428571
11389,0.0112,9.497651886167826e-06,0.004219829569195754,0.02545719842665971,0.001435665310891575,0.3754152823920266
11394,0.0048000000000000004,1.5373477445339307e-06,0.0020050116869441137,0.023925370752288615,0.0001950142446327667,0.41904761904761906
11396,0.023200000000000002,7.277346630696243e-05,0.01082117376778835,0.04339138371215784,0.006104339803806117,0.27397023191415715
11399,0.020000000000000004,1.531342228554446e-05,0.007255859522650399,0.04392258428135824,0.002701377459989433,0.4075342465753425
11404,0.0048000000000000004,1.552223255724471e-06,0.0019045702065152437,0.01244037606452672,0.0003295063891277964,0.30526315789473685
11413,0.0034000000000000002,0.0,0.001503005530002266,0.013190839843222009,5.9290975148687313e-05,0.4083333333333333
11414,0.0104,2.7394530807771448e-05,0.004118943680324838,0.0271036978572473,0.0007666705078198847,0.21022067363530778
11421,0.0152,1.009632781914072e-05,0.0068499955123555445,0.043155118440642404,0.0005059093250116795,0.33631713554987214
11423,0.0164,1.3699407321515996e-05,0.006343125130060079,0.031124907176628,0.0013415083933179025,0.3134920634920635
11428,0.005200000000000001,0.0,0.0024069790354728227,0.02059215677358778,0.0001289070695944031,0.3233333333333333
11430,0.0074,7.852020650708837e-06,0.002909891886128557,0.009904473778347852,0.0017655466966679956,0.4942528735632184
11433,0.0032,1.0034144291675587e-06,0.001503005530002266,0.012968801390623973,0.00010707335078754046,0.4666666666666667
11438,0.0244,2.316037595834594e-05,0.00990197068826526,0.045519321665919626,0.006612923693103766,0.3461142032570604
11453,0.0008,0.0,0.0004003602842119758,0.008472109381499364,0.0,0.8
11454,0.0074,0.0,0.0030105350056146563,0.026513005849565823,0.000347498326028389,0.3311827956989247
11455,0.0048000000000000004,1.6432104991955059e-07,0.0020050116869441137,0.017251380452347375,0.00030185392642479163,0.35714285714285715
11464,0.006200000000000001,2.960552205271304e-06,0.002909891886128557,0.017603406226627233,0.0002408348169882455,0.19770114942528735
11472,0.0018,6.641598237550323e-07,0.0008010412093559793,0.005160512068227468,0.00010467750521340384,0.4166666666666667
11473,0.0018,3.060644349101532e-07,0.0007008408969193525,0.0036363334767482366,0.00021589820546894076,0.75
11492,0.0006000000000000001,0.0,0.00030024016811047716,0.00046457324205681147,0.0,0.5
11510,0.003,1.730956686314217e-06,0.0014026646419362798,0.010489770780992627,0.00012004871371266654,0.5047619047619047
11516,0.0014,0.0,0.0006006606425976724,0.001426507952481006,0.00010756229667979917,0.42857142857142855
11522,0.0004000000000000001,0.0,0.00020014008604940514,0.00032201771306307296,0.0,1.0
11534,0.0238,8.393069602852865e-05,0.0093920241763914,0.07503701606551884,0.0054158584609525565,0.21459620224204987
11543,0.001,0.0,0.0005005004403684232,0.004480074244959654,0.0004938581886844783,0.4666666666666667
11547,0.007200000000000001,1.0134019438467278e-05,0.0034133095173229933,0.011466032384175956,0.005177272901842074,0.35126050420168065
11552,0.004000000000000001,0.0,0.0017037476313173094,0.016761630967906397,0.0007366813678312771,0.6601307189542484
11560,0.017400000000000002,2.259585872751034e-05,0.007560472284055875,0.03674222726117517,0.004156199620103455,0.29157894736842105
11561,0.0038,1.759032039203115e-06,0.0019045702065152437,0.019717218224427492,0.00032886183808252716,0.35789473684210527
11562,0.0026,1.43810975584914e-06,0.0012020431607797644,0.009056573862417887,0.0003603367890329497,0.47435897435897434
11585,0.0018,0.0,0.0006006606425976724,0.003445413206059657,0.0014332145594050552,0.7142857142857143
11586,0.005000000000000001,6.767073132213177e-06,0.002205955063729892,0.018215791440441977,0.0014956536207315014,0.28063241106719367
11590,0.0038,2.1590116450575938e-06,0.0016033665244477024,0.007666907478290946,0.00017627398839641832,0.25
11608,0.0006000000000000001,0.0,0.00030024016811047716,0.0035628875715808996,4.8578047244291454e-05,0.8333333333333334
11609,0.002,2.5441606151906484e-07,0.0010015020326745727,0.0068869920467158185,0.0,0.509090909090909
11620,0.0048000000000000004,6.398537920814947e-06,0.0020050116869441137,0.011400517843685468,0.0009652627864134795,0.40476190476190477
11621,0.0012,0.0,0.0006006606425976724,0.006564707857333173,0.00011618847681782647,0.5238095238095238
11634,0.0026,2.166169435645013e-06,0.0012020431607797644,0.010481029372881593,0.000420882648886281,0.48717948717948717
11638,0.0008,0.0,0.00030024016811047716,0.0002828243670805492,0.00024537183328223204,0.8333333333333334
11639,0.003,8.801903040624488e-07,0.0012020431607797644,0.005130280172967306,0.00020316510082226422,0.3974358974358974
11640,0.004600000000000001,1.4163556861434588e-07,0.0023064569722013317,0.027109404511970494,0.0,0.4601449275362319
11643,0.002,5.802471578504987e-07,0.0008010412093559793,0.006283055302566032,0.00018139140293411547,0.6111111111111112
11647,0.0098,4.320196764753762e-05,0.00381640757517987,0.03019539423063768,0.0012273289388778606,0.21592442645074225
11652,0.0092,6.459700624060064e-06,0.004219829569195754,0.04959853107650965,0.000770021610868654,0.4230343300110742
11660,0.022000000000000002,2.829977786775327e-05,0.008984437537631118,0.07272337753772408,0.0035286225889405694,0.27016229712858925
11664,0.006000000000000001,0.0,0.002909891886128557,0.03768278816924216,0.000623525908435816,0.5195402298850574
11665,0.0128,7.084689801771418e-06,0.0052298043400367256,0.052575428913689354,0.0020627534623730254,0.36792452830188677
11666,0.033400000000000006,9.646470692420649e-05,0.014720768534778994,0.0846335200814466,0.016707081026454216,0.21776098252243742
11670,0.0082,6.452216719986916e-07,0.0025075212596070706,0.0144462194878218,0.0029916171552290603,0.27076923076923076
11673,0.013600000000000001,1.9425091215717455e-05,0.0057355537788557065,0.046840819607686254,0.0035336588084580152,0.3424077434966727
11675,0.0144,1.3624688933584079e-05,0.005432043077715942,0.04580508531046981,0.005628400751285278,0.42424242424242425
11677,0.028600000000000004,0.00011394903244078854,0.01286984905411015,0.061339301979945166,0.013027013177555719,0.1377952755905512
11691,0.0204,3.396767721355552e-05,0.008882592294158664,0.0630522201971433,0.00866279547891015,0.24310520939734423
11696,0.0074,3.4534416017489193e-06,0.0028092689578591568,0.02221526134745395,0.005078617142561917,0.35714285714285715
11703,0.0054,3.112675303036258e-06,0.0023064569722013317,0.009184501411323662,0.0010178381241767037,0.2246376811594203
11709,0.004600000000000001,0.0,0.0019045702065152437,0.01528969187865031,0.0010588553683237422,0.39473684210526316
11711,0.0694,0.0008670432279620011,0.03307471588408051,0.140240537889094,0.04642339618898711,0.09484034267912772
11712,0.0088,4.488810882027919e-06,0.003917232689420347,0.04375921943140894,0.000471392903509627,0.46025641025641023
11718,0.0032,0.0,0.0014026646419362798,0.010037282821295235,6.603681136168119e-05,0.4
11725,0.0034000000000000002,0.0,0.001503005530002266,0.017996286632850435,0.00012195499660696001,0.6083333333333333
11730,0.0028,0.0,0.0014026646419362798,0.016971365073037075,0.0,0.41904761904761906
11736,0.002,2.794603724910399e-07,0.0010015020326745727,0.006218909757902846,0.0,0.6909090909090909
11740,0.006000000000000001,0.0,0.0021054733039971296,0.011835853407138372,0.0008407997462508671,0.24675324675324675
11750,0.0018,1.0597299597636637e-06,0.0009012615859320672,0.008494347206709784,3.151395858679365e-05,0.6
11751,0.0182,1.2017511403958098e-05,0.006545812042094257,0.05058634549164537,0.008367783457470435,0.3198135198135198
11759,0.0032,4.2385825715466204e-07,0.0012020431607797644,0.015714049904012053,0.0001882834823245743,0.358974358974359
11760,0.0058000000000000005,2.8637564367194884e-06,0.002608083650670334,0.025454517696928292,0.0003354364649622982,0.34472934472934474
11761,0.0016,0.0,0.0008010412093559793,0.007854883392731262,0.0,0.5277777777777778
11765,0.0026,0.0,0.0011017625556131172,0.011699909871600668,0.00015847674310744315,0.48484848484848486
11768,0.0108,5.729113282000138e-06,0.0043207357284889,0.036629459334782094,0.0037728328862048337,0.4143763213530655
11769,0.020200000000000003,2.7989607384586087e-05,0.0067485806004177196,0.052499953772432134,0.004135736004722216,0.2647058823529412
11773,0.017400000000000002,1.2277887624311047e-05,0.007662050809639442,0.07767922238486695,0.0039591282499876505,0.4073820915926179
11774,0.0048000000000000004,0.0,0.0024069790354728227,0.029641926088600275,1.4921101480936706e-05,0.5833333333333334
11775,0.0126,2.2121734265567355e-05,0.0060392477409603185,0.05244519134951707,0.000749346935643954,0.3557377049180328
11779,0.0,0.0,0.0,0.0,0.0,0.0
11780,0.0094,0.0,0.003917232689420347,0.026852498458578827,0.0007765582590165628,0.31666666666666665
11788,0.0024000000000000002,1.3237286809864124e-06,0.0009012615859320672,0.002094060116669228,0.00037021492038567555,0.26666666666666666
11789,0.0006000000000000001,1.6068382832783041e-07,0.00030024016811047716,0.00029238068811459055,0.00020630933198841322,0.6666666666666666
11797,0.004000000000000001,0.0,0.001503005530002266,0.005349331116708801,0.0008078835894942306,0.2916666666666667
11805,0.0018,0.0,0.0009012615859320672,0.005844830829517603,5.743407854552846e-05,0.4666666666666667
11810,0.0008,0.0,0.0004003602842119758,0.007773341618734393,3.6096456401294905e-05,1.0
11815,0.004600000000000001,3.12784569313335e-06,0.002205955063729892,0.017355055546112257,0.00028502781554883125,0.4031620553359684
11820,0.005600000000000001,7.458303358068529e-06,0.0021054733039971296,0.007720612128184218,0.004708478682914124,0.27705627705627706
11821,0.006200000000000001,1.1544270798042396e-05,0.0024069790354728227,0.013465580847664017,0.0013584500310303066,0.30333333333333334
11823,0.0064,1.4540332337775755e-06,0.0028092689578591568,0.022725593332443724,0.0006997351097780816,0.27832512315270935
11825,0.0034000000000000002,1.0492909043503086e-06,0.0014026646419362798,0.016345579566882387,0.0006172315366605236,0.37142857142857144
11826,0.0014,0.0,0.0006006606425976724,0.003097795327622912,8.106619406386673e-05,0.42857142857142855
11829,0.0018,1.2010478533265927e-06,0.0008010412093559793,0.009323884188672676,0.00013209114865121978,0.4722222222222222
11830,0.0112,6.032356969731812e-06,0.004421662164313389,0.024317189254797034,0.004384261343076529,0.3838383838383838
11831,0.0022,0.0,0.0011017625556131172,0.011646212966794616,5.415168958931144e-05,0.42424242424242425
11833,0.0058000000000000005,0.0,0.0021054733039971296,0.01834836360581417,0.000555719581320449,0.36363636363636365
11848,0.0002,0.0,0.00010006003201601388,0.00013972808896921176,0.0,1.0
11851,0.0016,6.36711613065267e-09,0.0008010412093559793,0.013692528179229752,0.0,0.6111111111111112
11856,0.001,0.0,0.0005005004403684232,0.003617062992104925,0.0,0.4
11858,0.001,2.856601392494763e-07,0.0004003602842119758,0.005163631162572988,0.00021983681329473055,0.6
11861,0.0024000000000000002,2.0160645083289155e-07,0.0010015020326745727,0.012524060763014454,0.00023262937111151168,0.509090909090909
11872,0.018000000000000002,7.454503247037524e-05,0.007763649814764628,0.0361831667795135,0.005415504874705025,0.13086913086913088
11878,0.0026,1.72238350831716e-07,0.0012020431607797644,0.015667985394697007,4.959719692946489e-05,0.5769230769230769
11885,0.0032,4.877646877684808e-06,0.0016033665244477024,0.0029685489652121495,0.0006658415245118663,0.125
11887,0.0026,3.427921670993715e-06,0.0013023438542085763,0.01632110065685698,0.0,0.43956043956043955
11913,0.0012,1.071225522185536e-07,0.0005005004403684232,0.001778328235376804,0.00014889183663683474,0.7333333333333333
11938,0.0064,6.411853704106326e-06,0.002909891886128557,0.0188213533719622,0.000748886300454305,0.23448275862068965
11940,0.0008,0.0,0.0004003602842119758,0.005271664193580536,6.306344357110186e-05,0.9
11945,0.0284,0.0001134121012054949,0.012049383430229765,0.0727059898963445,0.010015552332199387,0.17436974789915966
11946,0.0024000000000000002,3.4730269361128467e-06,0.0012020431607797644,0.006857814359093604,0.000387846599362148,0.28205128205128205
11950,0.009,0.0,0.00381640757517987,0.03203566281033472,0.0007997759470581323,0.3319838056680162
11951,0.0092,0.0,0.0043207357284889,0.04907789267351283,0.00045771980456689985,0.4503171247357294
11955,0.007200000000000001,4.742363258241955e-06,0.002909891886128557,0.019018841543945248,0.003593025831957971,0.367816091954023
11967,0.0008,0.0,0.0004003602842119758,0.001411278306381757,2.1669972201485534e-05,0.5
11969,0.0022,6.381443467876694e-07,0.0010015020326745727,0.0016523522701727376,0.000703757801492047,0.4727272727272727
11997,0.0028,0.0,0.0013023438542085763,0.014625888977863228,0.00017844973450735827,0.5714285714285714
11998,0.022000000000000002,9.469696770087077e-05,0.01000402181482829,0.04000921202860043,0.008084349492536558,0.20040404040404042
11999,0.0022,2.4183727697824986e-07,0.0010015020326745727,0.00491531751409372,4.467137660642013e-05,0.7454545454545455
12000,0.0006000000000000001,0.0,0.00030024016811047716,0.003795874980074259,0.0,0.8333333333333334
12002,0.0032,3.0287858238313383e-06,0.0014026646419362798,0.007601713595753536,0.0005804540168332137,0.6190476190476191
12007,0.0144,4.983988072220822e-05,0.006140519815011292,0.031594221728948144,0.0033271792271109824,0.2749867794817557
12016,0.004000000000000001,0.0,0.0018041488566566954,0.0027299896657485764,0.0009753277609685799,0.19298245614035087
12018,0.0016,5.35612761092768e-08,0.0008010412093559793,0.005700117089137898,1.773574495002436e-05,0.8333333333333334
12053,0.0044,1.0202117974554656e-06,0.0016033665244477024,0.009672742666010162,0.000381946739163098,0.2426470588235294
12056,0.003,8.843202119822301e-07,0.0011017625556131172,0.004171008745600878,0.0003394550119636332,0.4090909090909091
12058,0.0194,2.1361234587942117e-05,0.007560472284055875,0.05446503923525549,0.0018089276734441157,0.25298245614035086
12066,0.0014,0.0,0.0005005004403684232,0.0005475209147020252,0.00026944001749542614,0.4666666666666667
12077,0.005600000000000001,0.0,0.0021054733039971296,0.012609967344050139,0.0006104412149464494,0.2857142857142857
12078,0.004600000000000001,3.599833557833299e-06,0.002205955063729892,0.026017622471232568,0.00021876996416351796,0.35968379446640314
12083,0.0112,1.4151739693336058e-05,0.004219829569195754,0.0366177619934671,0.004218249299566831,0.29346622369878184
12086,0.0016,1.7353853459405685e-06,0.0007008408969193525,0.009559252741304317,6.567381024402577e-05,0.5714285714285714
12087,0.0054,3.2363602931486093e-06,0.0018041488566566954,0.004897319153779224,0.0005521462386282916,0.3567251461988304
12093,0.0128,1.413923434361778e-05,0.005330913539993931,0.046557732617311276,0.004410566468034948,0.286512928022362
12099,0.003,1.1782866626312226e-06,0.0014026646419362798,0.01288856664890255,6.567381024402577e-05,0.41904761904761906
12104,0.0064,6.299663000517704e-07,0.0023064569722013317,0.01646270211233129,0.0011588369884330402,0.2608695652173913
12109,0.002,0.0,0.0009012615859320672,0.013553989115304942,0.00010291246319739443,0.6222222222222222
12110,0.0074,1.149844519710134e-06,0.0032118818425515006,0.03348076945922797,0.0006008301609243346,0.3996212121212121
12116,0.0022,1.8026328766930255e-07,0.0011017625556131172,0.018312850774439074,6.567381024402577e-05,0.6060606060606061
12118,0.003,0.0,0.0010015020326745727,0.004246399473377797,0.0004043322367431379,0.41818181818181815
12119,0.0134,5.215360067471982e-05,0.005533192959340294,0.04480096618278935,0.007673153617779325,0.23506493506493506
12122,0.0016,0.0,0.0007008408969193525,0.011297832760598581,6.567381024402577e-05,0.4642857142857143
12123,0.004000000000000001,2.9252864621006178e-06,0.001503005530002266,0.01051931540208972,0.00036672884808795997,0.3
12129,0.007600000000000001,1.0621082893921126e-06,0.002909891886128557,0.029421181254951388,0.0006094201162589228,0.4160919540229885
12130,0.018000000000000002,2.7068233675727964e-05,0.007662050809639442,0.06710230861305148,0.0032109205476445993,0.2809295967190704
12131,0.0074,5.6750142642299635e-06,0.0030105350056146563,0.032434942742400205,0.0003810140635139614,0.33978494623655914
12137,0.005200000000000001,1.330615130771891e-06,0.0018041488566566954,0.012642517746845872,0.0004823154036104198,0.40350877192982454
12147,0.0122,3.771005513427859e-05,0.005432043077715942,0.029587575129685423,0.00041369708708325107,0.25387205387205386
12155,0.021,1.881458291881469e-05,0.008170250754597985,0.03926139270076853,0.003462240635324918,0.16380608250526948
12177,0.007000000000000001,2.3667913021998743e-06,0.0032118818425515006,0.037544664106363326,0.00022971820482305474,0.4318181818181818
12187,0.009,2.4137336968663692e-05,0.0034133095173229933,0.022559840986982573,0.002216807365323233,0.280672268907563
12189,0.0034000000000000002,0.0,0.0014026646419362798,0.00971450057951043,0.00048433057825551155,0.3904761904761905
12192,0.0114,2.697942446839081e-06,0.004421662164313389,0.02818196441517547,0.001171091175352022,0.4494949494949495
12194,0.0048000000000000004,9.125038413930321e-07,0.0019045702065152437,0.005743493770756034,0.0005474628819755,0.4
12201,0.005600000000000001,5.0097521498014895e-06,0.0025075212596070706,0.0073536266448014555,0.0006404695007843814,0.44
12207,0.020000000000000004,2.8537804685846525e-05,0.007560472284055875,0.021875447856227703,0.0022941881303692427,0.2905263157894737
12216,0.008,3.4280437334833354e-06,0.003312585572165627,0.005893878200757877,0.0006114763679736284,0.41711229946524064
12223,0.0142,1.797775234190192e-05,0.0067485806004177196,0.024024474783807856,0.002402780110277916,0.2440737489025461
12224,0.0092,2.0010358705826544e-06,0.004219829569195754,0.027609104909922553,0.0011441807370980986,0.416389811738649
12229,0.0126,1.0695857201539556e-05,0.0049265987054252225,0.0266786222885619,0.0013503015757218404,0.38612244897959186
12241,0.019000000000000003,5.769382281458493e-05,0.009493972283450391,0.023036442977720097,0.004224887483224753,0.23135498320268758
12242,0.0026,9.11957465467078e-08,0.0012020431607797644,0.007253141981409084,0.0001252434299853323,0.6923076923076923
12248,0.0022,1.1263214503014188e-06,0.0010015020326745727,0.0020375842189759782,0.00011877202956390195,0.4909090909090909
12253,0.023000000000000003,3.50001445142611e-05,0.010718957484925129,0.03886735559085236,0.004030995135318327,0.2503967554223241
12258,0.005200000000000001,1.8334172557449878e-06,0.0020050116869441137,0.012699822245961268,0.00027739203238906366,0.5571428571428572
12271,0.0012,3.7807959606548336e-08,0.0005005004403684232,0.00547901667640769,4.6741551117547315e-05,0.8
12278,0.017,5.254331156420416e-05,0.007560472284055875,0.022405286122851305,0.0028203413167288815,0.25649122807017544
12284,0.005000000000000001,1.101776942749717e-06,0.0023064569722013317,0.009879214473751827,0.00021402222656973044,0.5362318840579711
12289,0.0086,1.5521937386714677e-06,0.003614818078621962,0.01020809456344186,0.0006121521135387633,0.493993993993994
12293,0.0092,2.5164154755900587e-05,0.004018078055767926,0.022235042480568193,0.0002650433741489688,0.32439024390243903
12303,0.0078000000000000005,9.856242561171957e-06,0.0035140536841118397,0.018066254661808178,0.00025246318904938083,0.35714285714285715
12309,0.013,5.978771760398697e-06,0.0048255707952091775,0.02580356225137746,0.0007124597361755537,0.41836734693877553
12314,0.018400000000000003,3.417000309995289e-05,0.0067485806004177196,0.02525337905400538,0.001155484260972759,0.2980684811237928
12315,0.0148,1.4199385244767196e-05,0.006545812042094257,0.01956719619643566,0.0026455958206132338,0.317016317016317
12318,0.015,3.5431372929273515e-05,0.007560472284055875,0.0153728317691849,0.0036314292056412447,0.19649122807017544
12326,0.0084,1.332470309150977e-05,0.002909891886128557,0.010604495648253633,0.0004854689287439852,0.45057471264367815
12331,0.0084,4.7099511006502205e-06,0.003917232689420347,0.028773364379048257,0.00034772602826255476,0.4
12333,0.0142,1.5104175241203315e-05,0.005533192959340294,0.019429599027618098,0.0013462341705663223,0.4155844155844156
12342,0.0114,8.164793424631253e-06,0.0043207357284889,0.017800791707461072,0.000476673166225217,0.4249471458773784
12357,0.0128,2.302237756915043e-05,0.004421662164313389,0.01281861242886307,0.0009631705849596762,0.38585858585858585
12367,0.005000000000000001,8.830225823364722e-07,0.0019045702065152437,0.003070779181817288,0.0005495258123404211,0.45263157894736844
12376,0.007000000000000001,3.854122957033175e-06,0.0032118818425515006,0.006143793167913138,0.0011943266928241903,0.32765151515151514
12385,0.007000000000000001,2.5302269784829436e-06,0.003111198322395703,0.02364146178652752,0.00024159899447709333,0.3467741935483871
12394,0.007000000000000001,7.00800141396119e-07,0.0021054733039971296,0.010772057814708698,0.0006730338855926774,0.5151515151515151
12406,0.0032,8.145015633028029e-07,0.0016033665244477024,0.01540573044219994,0.0006925577195430842,0.5073529411764706
12415,0.0048000000000000004,2.6502263983434353e-06,0.0023064569722013317,0.007552825989299553,2.199404283996097e-05,0.532608695652174
12432,0.020200000000000003,3.179242063301535e-05,0.008678963463097045,0.03934652831028397,0.002632255701657274,0.31756214915797915
12437,0.004200000000000001,4.89647276547313e-07,0.0020050116869441137,0.012195962217476902,3.495894206685202e-05,0.4666666666666667
12443,0.0026,1.2223543883061878e-07,0.0011017625556131172,0.003930429750817501,0.00014309749678029736,0.6363636363636364
12444,0.0074,5.449872991833159e-06,0.0035140536841118397,0.006332961426118245,0.0013314343275915362,0.3873015873015873
12456,0.0194,3.507821429219948e-05,0.007865269305625366,0.026870159108073225,0.0030878046129880323,0.27101590392729635
12462,0.0176,3.530683717349749e-05,0.007255859522650399,0.03971998058528779,0.00133517778619249,0.3127853881278539
12478,0.0148,5.726021345032214e-05,0.006444458383373597,0.02142944517611913,0.0015389052207075275,0.27884615384615385
12490,0.017,1.0153661559117134e-06,0.005128715471710565,0.012000590275965894,0.0017478969430367417,0.277526395173454
12493,0.025,5.321507256555703e-05,0.009697930278060207,0.02610587388199943,0.003677038237076476,0.24097938144329897
12494,0.007600000000000001,4.6906605677126135e-06,0.003111198322395703,0.013190100563991038,0.0004191153891394025,0.5161290322580645
12495,0.0096,5.026683632407605e-06,0.0043207357284889,0.033321302802675756,0.00040139961021070953,0.44820295983086683
12504,0.0028,2.7517538836948213e-07,0.0013023438542085763,0.017270464525057906,5.699904432675566e-05,0.7142857142857143
12514,0.0126,1.848126211015327e-05,0.005330913539993931,0.02504069428821464,0.0014150552945340397,0.34102026554856746
12526,0.0012,0.0,0.0005005004403684232,0.0014131051614327487,0.00030974661816026306,0.6
12533,0.0022,0.0,0.0009012615859320672,0.004375133071878173,8.31754879402879e-05,0.35555555555555557
12572,0.0088,1.0542905314533334e-05,0.003715602706946264,0.01648239522895619,0.0032451370760101083,0.17354196301564723
12590,0.0026,1.9665452456966963e-07,0.0012020431607797644,0.00798411104273633,8.324786664835274e-05,0.38461538461538464
12594,0.0018,8.878237001492698e-08,0.0008010412093559793,0.00939782401958339,4.759235777445064e-05,0.5
12600,0.0106,1.0026500719031317e-05,0.0043207357284889,0.03498653145415011,0.004895738280455807,0.3033826638477801
12612,0.0034000000000000002,1.4382484426932037e-07,0.0012020431607797644,0.005344555842653155,0.0002513834607223666,0.5897435897435898
12615,0.0088,5.11832483481785e-06,0.003614818078621962,0.023358658205368685,0.0003468857379614706,0.4924924924924925
12619,0.0044,1.4192082142491262e-06,0.0020050116869441137,0.01597009613686117,0.00022622698026692812,0.3619047619047619
12631,0.005600000000000001,1.404236715649539e-05,0.0024069790354728227,0.007086959749863701,0.00042732075668186454,0.2
12633,0.0096,8.693333567598903e-06,0.003917232689420347,0.025807223420943656,0.0016028377896664015,0.41025641025641024
12647,0.0058000000000000005,1.982224991345089e-06,0.002608083650670334,0.020241442681831864,0.00012185916534264288,0.49002849002849
12649,0.0134,2.2769436449549687e-05,0.0057355537788557065,0.04201316326150917,0.0028544764594305087,0.20931639443436176
12672,0.008,5.881936550229937e-06,0.003917232689420347,0.03443685879439547,0.0002132734711602054,0.36153846153846153
12673,0.002,1.2748582525683577e-06,0.0010015020326745727,0.009178494325473782,0.0,0.2545454545454545
12697,0.0028,9.5951200344333e-07,0.0008010412093559793,0.001974911522878745,0.0003427073596898489,0.25
12733,0.005200000000000001,6.00053736285199e-06,0.0024069790354728227,0.028333220989513252,0.0007390443580578546,0.4033333333333333
12735,0.019600000000000003,2.114518239623333e-05,0.007154362853342144,0.04263536911316847,0.005378707454560799,0.23513302034428796
12742,0.0014,0.0,0.0007008408969193525,0.01062244108344016,0.0,0.5714285714285714
12744,0.027200000000000002,5.1979095003827855e-05,0.011946918660165728,0.07704967545978797,0.026383406155199886,0.26577410625267056
12745,0.0144,2.629973888354909e-05,0.006140519815011292,0.03881382134786615,0.004365710976216946,0.24431517715494447
12748,0.0654,0.0008629807466441551,0.03158200644822995,0.1100776290748045,0.041875374996298474,0.06816972174320325
12749,0.0008,3.2136765665566083e-07,0.00020014008604940514,0.0003059449549457508,0.00020150624931431545,0.6666666666666666
12750,0.006600000000000001,6.632416304503019e-06,0.003111198322395703,0.011764349719720735,0.0018508483071229829,0.12701612903225806
12754,0.0082,2.033739138163887e-05,0.0032118818425515006,0.02913764144144723,0.004419590443819006,0.2784090909090909
12761,0.0012,3.322409984222057e-07,0.0005005004403684232,0.004064707084887783,0.00035337465436673435,0.4666666666666667
12765,0.0038,0.0,0.001503005530002266,0.011494204957430167,0.00043429543140324257,0.38333333333333336
12766,0.016200000000000003,2.636842614477329e-05,0.0067485806004177196,0.04761940717920275,0.0014049484411721627,0.29631255487269537
12769,0.004000000000000001,9.121623221254915e-07,0.0019045702065152437,0.020556657658163353,0.00015242877997890885,0.46842105263157896
12773,0.0026,0.0,0.0012020431607797644,0.015363938314881094,0.00013044537225746658,0.6025641025641025
12774,0.0068000000000000005,1.627479547115763e-06,0.002909891886128557,0.03732682395000819,0.0005805465572788466,0.5586206896551724
12781,0.0034000000000000002,2.0848320958292745e-06,0.0017037476313173094,0.008741406524264946,0.0016724390563276018,0.26143790849673204
12782,0.007200000000000001,3.0233725550040236e-06,0.003111198322395703,0.03012732856971523,0.0006961320172703401,0.26814516129032256
12790,0.002,0.0,0.0009012615859320672,0.003747332183454209,0.0006177527741521135,0.2222222222222222
12791,0.0002,0.0,0.00010006003201601388,0.0002542601661583528,0.0,1.0
12808,0.002,8.599336382344766e-08,0.0009012615859320672,0.007198100428232537,4.24658478139448e-05,0.4222222222222222
12843,0.021200000000000004,2.5061511470867063e-05,0.008882592294158664,0.08530035932564914,0.0022347739458735034,0.3748723186925434
12859,0.0216,2.8578526278424648e-05,0.007357376646748959,0.031801279883761344,0.0031214734504166485,0.38171047760088855
12864,0.002,0.0,0.0008010412093559793,0.00511372569896041,0.0002611922421125268,0.6666666666666666
12869,0.004200000000000001,0.0,0.0019045702065152437,0.02258249031236394,0.0035976277725043434,0.4
12878,0.0112,1.7281426259797475e-06,0.004522608882781443,0.020906386705461733,0.0032738922358289155,0.4830917874396135
12881,0.0134,4.894976428095903e-06,0.005432043077715942,0.03442419505745575,0.0006449925347285563,0.42154882154882156
12894,0.020800000000000003,8.024978156556525e-06,0.008068569769341671,0.04472236598805833,0.002008581148627673,0.4083333333333333
12899,0.0262,7.916279456802341e-05,0.010718957484925129,0.07276957750572587,0.0019254628603921865,0.3221654029271733
12904,0.020600000000000004,1.6986409675947733e-05,0.007357376646748959,0.04200627787418089,0.001892898648098725,0.3587560162902629
12914,0.0424,0.0001060267051408167,0.01647508011847343,0.0905796426534088,0.006759149204673008,0.2328258729076725
12918,0.0244,6.206347249414374e-05,0.008882592294158664,0.0585492950670603,0.0022791541349261816,0.18564862104187946
12929,0.013,7.863801035432518e-06,0.005128715471710565,0.024802157126199455,0.0022615618303489216,0.36425339366515835
12931,0.034800000000000005,0.00011534514900731201,0.015442398391555923,0.0814945451328352,0.008924640440907355,0.24217406260749913
12934,0.0058000000000000005,9.929339176949567e-06,0.0021054733039971296,0.011399696239360883,0.00035486553976773517,0.2857142857142857
12937,0.024200000000000003,4.232924541327279e-05,0.010514586912294677,0.043391854988221706,0.006082429097777547,0.2802197802197802
12938,0.022000000000000002,3.2405954265983025e-05,0.009799940178091493,0.041111821980894844,0.005097934165559778,0.3277929728592468
12954,0.0038,0.0,0.0014026646419362798,0.008719677038275333,0.000426786773255396,0.29523809523809524
12955,0.015600000000000001,2.2600748901240518e-05,0.006140519815011292,0.03394354202671654,0.0030380301494885805,0.27974616604970914
12959,0.007200000000000001,1.0273136849366719e-06,0.002909891886128557,0.030674512595749954,0.00043217760463160765,0.3563218390804598
12961,0.013,4.1892142689650634e-05,0.005533192959340294,0.03646079354650619,0.0008486191125376615,0.3168831168831169
12972,0.0016,1.2428243813442723e-07,0.0008010412093559793,0.007385450846871909,0.00014352088935625526,0.4166666666666667
13004,0.0146,2.7278904787179578e-05,0.005432043077715942,0.03799920079243675,0.005967858967440818,0.22828282828282828
13025,0.0028,1.6976346326514227e-07,0.0011017625556131172,0.009614147039940422,0.00045005207545713614,0.4393939393939394
13032,0.0054,2.000599308855061e-06,0.0021054733039971296,0.02218939133178773,0.0007219237747918664,0.38961038961038963
13034,0.007200000000000001,1.0187869515713443e-05,0.0027086662147308704,0.020927305609880563,0.00041555258836487496,0.41534391534391535
13042,0.004200000000000001,7.826549379851473e-07,0.0020050116869441137,0.011857083202985584,0.00014840826250154106,0.26666666666666666
13048,0.0054,2.6911107671971848e-06,0.002205955063729892,0.0170228549368237,0.0010412065105530133,0.38735177865612647
13051,0.050600000000000006,0.0003241300791391625,0.020626892921538298,0.12965152345853692,0.01650500336499405,0.18646051797297955
13054,0.0014,0.0,0.0004003602842119758,0.0005350527346595843,0.0002976518004602334,1.0
13056,0.0116,1.0432373208741845e-05,0.005330913539993931,0.06263870164175232,0.0005395179442785203,0.34311670160726765
13060,0.0016,0.0,0.0006006606425976724,0.005590911164736707,0.00031608933647453517,0.47619047619047616
13062,0.0164,3.506619757444837e-05,0.006545812042094257,0.05260874763453942,0.0019691143182583555,0.2815850815850816
13065,0.0118,2.4321984722838854e-05,0.0048255707952091775,0.02783578908482023,0.0006159889997256351,0.19387755102040816
13069,0.023000000000000003,6.769046256410399e-05,0.0093920241763914,0.05315164332585272,0.009057750717139526,0.2129947380462137
13070,0.0026,0.0,0.0011017625556131172,0.008826668008972463,0.00021169485613021903,0.5606060606060606
13081,0.0038,7.679113865681071e-07,0.0019045702065152437,0.02064804207037621,0.00013601542622072415,0.45789473684210524
13083,0.005200000000000001,1.6072846097771701e-06,0.0020050116869441137,0.010957683264530855,0.0007621979556143677,0.43333333333333335
13084,0.004000000000000001,7.215125665489722e-07,0.0017037476313173094,0.012382880400405902,0.0004427286684708509,0.43137254901960786
13090,0.0164,3.3105410527621875e-05,0.006444458383373597,0.0413260463073887,0.003741852146387439,0.2985576923076923
13091,0.0146,8.215324843716708e-06,0.005533192959340294,0.05262164683392964,0.00820518945343646,0.437012987012987
13094,0.0132,8.026758902755438e-06,0.00472456319211112,0.02728987456574065,0.002911968647294971,0.3537234042553192
13095,0.0028,0.0,0.0012020431607797644,0.01613900414090703,0.0004496865110640455,0.7948717948717948
13096,0.0026,0.0,0.0012020431607797644,0.010336643264504126,0.00021437161966151436,0.2692307692307692
13102,0.049800000000000004,0.0001626419099196356,0.019689781257260286,0.13711670627036676,0.013624843126801074,0.24683510496234176
13103,0.004200000000000001,0.0,0.001503005530002266,0.012176144164685578,0.000251501741113707,0.425
13104,0.01,6.624127368331123e-06,0.003917232689420347,0.026023003806018876,0.002684435371628259,0.40384615384615385
13106,0.0356,0.000157970373137637,0.012049383430229765,0.06376854154502835,0.005026515789216116,0.1803921568627451
13108,0.0048000000000000004,2.7531219668228696e-07,0.0024069790354728227,0.03319887040304577,0.0,0.5566666666666666
13110,0.0022,0.0,0.0011017625556131172,0.01811045799842119,0.0,0.7121212121212122
13111,0.002,4.881463888166158e-07,0.0008010412093559793,0.006728728419717469,0.00045886422408003937,0.5277777777777778
13115,0.042800000000000005,0.00027194946494080976,0.015545572150030385,0.0853233743650839,0.018854983293184545,0.17791358967829557
13117,0.019000000000000003,3.281109974013533e-05,0.008068569769341671,0.05954030591810927,0.0038508838774250357,0.2833333333333333
13120,0.0092,6.637666976085892e-06,0.004522608882781443,0.053471460430759996,0.0002908573096943296,0.46570048309178746
13124,0.017800000000000003,2.8558594013365097e-05,0.007052886632642474,0.0554655335160978,0.0031870290870993686,0.3557344064386318
13125,0.0036,3.198205573724428e-06,0.0017037476313173094,0.015345395152430066,0.00010382244320071804,0.48366013071895425
13134,0.1038,0.0015707595432349604,0.04310127640371708,0.18598034622945414,0.04887169625722418,0.08444163713139395
13143,0.0176,7.807867742257548e-06,0.006343125130060079,0.03506471112594811,0.005667104820258181,0.2628968253968254
13147,0.0006000000000000001,1.6068382832783041e-07,0.00020014008604940514,0.0005233022988623236,1.837484081566561e-05,0.6666666666666666
13150,0.0088,0.0,0.0035140536841118397,0.019224854465622616,0.0018119863867859663,0.29365079365079366
13152,0.017200000000000003,6.593041719174319e-05,0.007255859522650399,0.05772781640647119,0.0023301777233453087,0.234779299847793
13153,0.0204,3.2655850879175113e-05,0.008882592294158664,0.08377882483419183,0.0013470530199957975,0.30566905005107253
13155,0.0098,2.9877147257058776e-06,0.0043207357284889,0.049249898907056486,0.0013570283955836935,0.4260042283298097
13159,0.0034000000000000002,0.0,0.001503005530002266,0.00683983424925488,0.000673765700723235,0.3333333333333333
13162,0.0024000000000000002,7.618685759301373e-07,0.0012020431607797644,0.004813962441173129,2.9004310388699886e-05,0.3974358974358974
13166,0.0002,0.0,0.00010006003201601388,0.002266637088821924,0.0,1.0
13197,0.0022,0.0,0.0008010412093559793,0.007175039187057917,0.000381235652415547,0.4166666666666667
13199,0.0004000000000000001,0.0,0.00020014008604940514,0.004542603720181901,0.0,0.6666666666666666
13206,0.0036,1.6926258543366715e-06,0.0016033665244477024,0.015536738241918115,0.00015073086093828265,0.40441176470588236
13223,0.017400000000000002,2.8709250325756914e-05,0.007052886632642474,0.04864882213569727,0.01419966474533829,0.23420523138833
13232,0.0098,1.2588689524001383e-05,0.003614818078621962,0.019680988153699206,0.0008048750419370198,0.3063063063063063
13234,0.0054,4.50237015835465e-06,0.002205955063729892,0.016759621729099308,0.0011067102984812106,0.30434782608695654
13237,0.0018,1.5156828490160554e-06,0.0008010412093559793,0.006812027806520491,0.00015631825534776292,0.4722222222222222
13239,0.0098,5.451202972703605e-06,0.0035140536841118397,0.02056844735903716,0.001357974381506824,0.40634920634920635
13244,0.0114,1.0150488660820846e-05,0.004219829569195754,0.025851989354748552,0.0009721371286474811,0.34662236987818384
13263,0.0108,1.6465989495087374e-05,0.0048255707952091775,0.029241980641576983,0.002975575546411321,0.35714285714285715
13264,0.0054,2.6417818797851413e-07,0.0027086662147308704,0.031412466945839476,0.0,0.4603174603174603
13265,0.0024000000000000002,5.393645474496067e-07,0.0011017625556131172,0.0049775989129657375,0.0005835659371426467,0.2727272727272727
13266,0.002,3.082223912442242e-07,0.0009012615859320672,0.010297523375719934,0.0001481610881820185,0.5555555555555556
13267,0.0008,0.0,0.00030024016811047716,0.0024462805971855704,6.622889965671489e-05,0.6666666666666666
13268,0.0352,0.00017549328877717484,0.014411812416493808,0.06215126231709989,0.011303693795575852,0.08844676450310253
13269,0.0016,7.952813233512569e-08,0.0008010412093559793,0.012184937457430007,0.0,0.5277777777777778
13275,0.0088,7.264599550674345e-06,0.00381640757517987,0.03853689683585512,0.00041061849897469974,0.30634278002699056
13278,0.0064,2.1830239601523763e-06,0.0028092689578591568,0.015109819666365973,0.007468229767113231,0.33004926108374383
13286,0.0086,3.846559374926206e-06,0.003715602706946264,0.02999603927368979,0.0009477335577906522,0.2887624466571835
13288,0.0106,1.537479287935694e-05,0.005027646928883245,0.062214927327779806,0.00043326640805176314,0.42745098039215684
13290,0.004200000000000001,0.0,0.0017037476313173094,0.01782099447958472,0.0004214428446526992,0.45098039215686275
13291,0.003,0.0,0.0012020431607797644,0.008487475144864486,0.0001778004006070125,0.41025641025641024
13299,0.0088,1.455476670691583e-06,0.003917232689420347,0.03254067758477204,0.000660487937595796,0.4076923076923077
13307,0.0004000000000000001,0.0,0.00020014008604940514,0.0020007447421370294,0.0,1.0
13326,0.0034000000000000002,2.8020199016024527e-06,0.0010015020326745727,0.0020353099641071716,0.0006768571889367766,0.2545454545454545
13329,0.003,8.537747303647807e-07,0.001503005530002266,0.017087929933799297,0.0,0.4083333333333333
13333,0.0036,0.0,0.0017037476313173094,0.014559361314002102,0.00023997474263237487,0.49019607843137253
13338,0.0018,3.577941139252785e-08,0.0009012615859320672,0.014297298592008553,0.0,0.4
13341,0.004200000000000001,1.0196043023242144e-06,0.0018041488566566954,0.011470719273737266,0.0006537209683768122,0.49707602339181284
13343,0.0054,1.8610462049695103e-06,0.0020050116869441137,0.013141773638359382,0.000353195480341215,0.41904761904761906
13344,0.0106,2.5113139995864548e-06,0.004522608882781443,0.04004339667931531,0.001501733033454948,0.4
13345,0.0088,1.5468269675487552e-06,0.004118943680324838,0.037085181069253154,0.0003718769395100477,0.3008130081300813
13356,0.006200000000000001,3.1348287861828643e-06,0.0024069790354728227,0.017258289845496076,0.000308480441176918,0.24
13358,0.017,1.2507384276511337e-05,0.007255859522650399,0.05699886966220591,0.0016169677663344598,0.3040334855403349
13364,0.009,3.7485103193587575e-06,0.00381640757517987,0.03677829676235561,0.00039170699816412885,0.340080971659919
13368,0.0034000000000000002,2.121791695014637e-06,0.0012020431607797644,0.007835038134947587,0.00024472174715676684,0.38461538461538464
13379,0.0082,3.487483577699048e-06,0.003111198322395703,0.01257782644731218,0.0028894553484840593,0.3387096774193548
13383,0.0434,0.0002752592067748021,0.0198978795762339,0.11114606236162916,0.024442764383516256,0.15253793825222398
13385,0.0084,2.0386737633186926e-06,0.00381640757517987,0.02741905295180987,0.002991747580458753,0.3684210526315789
13388,0.0088,1.2626094941177608e-06,0.003614818078621962,0.03247457225055787,0.0036193945742253597,0.44144144144144143
13392,0.0064,1.7584331436752856e-06,0.0028092689578591568,0.01535462388384111,0.0008914981902869316,0.37192118226600984
13399,0.001,0.0,0.0004003602842119758,0.003582853900118114,9.19094527719221e-05,0.5
13400,0.003,1.4467245749762864e-06,0.0012020431607797644,0.008227251286428,0.0001821258360384171,0.32051282051282054
13401,0.0058000000000000005,8.648804290619845e-06,0.0024069790354728227,0.01943160843074684,0.0009243399235416356,0.4166666666666667
13409,0.0074,4.207202292437018e-06,0.002909891886128557,0.01268015640639893,0.00040627947857847975,0.39770114942528734
13410,0.002,9.181933047304596e-08,0.0010015020326745727,0.012519361177278275,0.0,0.6727272727272727
13412,0.0026,6.748377639611203e-07,0.0012020431607797644,0.008694832985804651,9.411155675485621e-05,0.44871794871794873
13416,0.015,2.4153174221080376e-05,0.006444458383373597,0.05054006271128679,0.0005597917452932487,0.2673076923076923
13417,0.0118,1.0918243127826836e-05,0.0056343631910062975,0.054565723445219066,0.0008142486935004927,0.2600250626566416
13423,0.0038,5.598078420171828e-07,0.0018041488566566954,0.017127585607967035,0.00016087817447665582,0.391812865497076
13425,0.0504,0.00014711288939347217,0.020626892921538298,0.16281237103287888,0.027442738111484184,0.29439594205725994
13428,0.0152,9.356218067387838e-06,0.005128715471710565,0.035839095473751956,0.012913745427672006,0.3996983408748115
13429,0.026000000000000002,6.18553585502145e-05,0.011537266935510493,0.08470413651745143,0.00376302250256091,0.28161708619374526
13432,0.0068000000000000005,0.0,0.0027086662147308704,0.020246861741816894,0.0032339026288650077,0.35714285714285715
13433,0.007200000000000001,9.538892719511789e-06,0.003111198322395703,0.02902208037966107,0.0003388107225651304,0.3064516129032258
13434,0.0044,3.4160331348798306e-06,0.0018041488566566954,0.0171816181132899,0.0001534113143856744,0.40350877192982454
13439,0.005000000000000001,1.1129666220783387e-06,0.0019045702065152437,0.009995164856807057,0.0012888440798347073,0.26842105263157895
13441,0.0058000000000000005,1.2628301809110024e-06,0.0021054733039971296,0.012454437788304684,0.004018701010948879,0.22943722943722944
13444,0.002,0.0,0.0009012615859320672,0.014005777457376085,9.790921295676927e-05,0.5111111111111111
13451,0.0024000000000000002,1.613488057615062e-06,0.0012020431607797644,0.008653670249209607,0.00020641931020485866,0.34615384615384615
13452,0.002,2.173289354858232e-07,0.0009012615859320672,0.00930388062541861,6.712975180861284e-05,0.5555555555555556
13460,0.004200000000000001,8.67784228183748e-07,0.0018041488566566954,0.020377904932067228,0.00015459779425460775,0.5146198830409356
13462,0.0092,2.0721742521556055e-06,0.004118943680324838,0.02772417875157251,0.000339740505027213,0.42857142857142855
13465,0.001,0.0,0.0005005004403684232,0.01052228326212076,0.0,0.6666666666666666
13471,0.006000000000000001,2.534965896622547e-06,0.0021054733039971296,0.011371544199105618,0.0006880780245134907,0.2597402597402597
13479,0.006600000000000001,4.187340416666487e-06,0.0030105350056146563,0.024869184316616628,0.006598655802990029,0.3053763440860215
13485,0.0238,4.206710864094629e-05,0.010310298955357844,0.09900404830727605,0.009589063260342968,0.3647439558347611
13486,0.1056,0.000914654662853782,0.043210146418997564,0.22965691500679522,0.06833976103539362,0.1351958558873174
13492,0.0014,0.0,0.0007008408969193525,0.0023986347473611107,2.7006118358687643e-05,0.42857142857142855
13498,0.028800000000000003,0.00013755850304258139,0.012767218122179624,0.05642274128950789,0.01423663139198464,0.10673665791776028
13500,0.0026,0.0,0.0013023438542085763,0.01774425082348292,0.00015783738547321278,0.5384615384615384
13507,0.0032,1.1523325974367265e-06,0.0016033665244477024,0.019251152993472333,9.128552418307388e-05,0.4338235294117647
13527,0.0012,0.0,0.0006006606425976724,0.006897337468456605,0.0,0.6190476190476191
13529,0.0036,1.3798227829728586e-06,0.0017037476313173094,0.019997592083321806,5.691597193716567e-05,0.3464052287581699
13540,0.0018,0.0,0.0007008408969193525,0.006656251115538152,0.0001684410139734903,0.6428571428571429
13546,0.0008,0.0,0.0004003602842119758,0.001579452039469657,0.0,0.6
13549,0.015600000000000001,8.884081994137884e-06,0.005836764729032939,0.050065059557370006,0.00459202550382769,0.43132670952659263
13550,0.0002,0.0,0.00010006003201601388,0.0013207867017691133,0.0,1.0
13551,0.018400000000000003,1.238435741581451e-05,0.007966909288418256,0.07562075233681528,0.005584204803988654,0.4582278481012658
13552,0.0124,4.853571035593361e-06,0.0052298043400367256,0.056499686336341975,0.0020235249509400585,0.5014513788098693
13553,0.051800000000000006,0.0002116599410239432,0.022924876489017976,0.1437590957777916,0.10065752470591495,0.203015873015873
13557,0.0138,2.8826452769518216e-06,0.006241812275992631,0.06396051902690285,0.0029672052582096144,0.4500768049155146
13558,0.0004000000000000001,0.0,0.00020014008604940514,0.0009757942605048515,0.0,0.6666666666666666
13565,0.0014,0.0,0.0005005004403684232,0.0014006570954818633,0.0005798570393839164,0.4
13566,0.0316,4.015608246308693e-05,0.013177866667088756,0.08854461356315513,0.00229824564771368,0.23029947152084557
13568,0.021,1.4152129710198377e-05,0.007763649814764628,0.0712714086246235,0.0072250833999105086,0.38195138195138195
13578,0.004600000000000001,1.155594489733308e-06,0.0020050116869441137,0.02195279078440164,0.00016542937362154205,0.45714285714285713
13582,0.0018,0.0,0.0008010412093559793,0.0026082791412427152,0.0013462220318946894,0.2777777777777778
13585,0.0074,1.1027588312915558e-05,0.003312585572165627,0.033148126564686464,0.0005564187221617851,0.3600713012477718
13586,0.0058000000000000005,3.0162182092502397e-06,0.0025075212596070706,0.023751567608168156,0.004714136879751451,0.35384615384615387
13587,0.019000000000000003,5.2781057269304474e-05,0.008170250754597985,0.058406183214426324,0.003004288100415666,0.23757904245709124
13591,0.007600000000000001,6.577324761637847e-06,0.0035140536841118397,0.03605260121613517,0.0013665016865609604,0.3523809523809524
13597,0.009,7.211483905846989e-06,0.004118943680324838,0.02837502919200521,0.0001682296019178375,0.23693379790940766
13609,0.0138,6.301743845720229e-06,0.005330913539993931,0.025353398143733923,0.0013558127086008465,0.2914046121593291
13610,0.003,7.657697322908001e-07,0.001503005530002266,0.015336861981316549,0.0,0.4083333333333333
13617,0.0086,7.542575487445771e-06,0.002909891886128557,0.004853092490728041,0.001921183712028414,0.4298850574712644
13625,0.0022,0.0,0.0011017625556131172,0.009618330955702671,0.0,0.3333333333333333
13639,0.0032,7.878278522545437e-07,0.0016033665244477024,0.012416580960575949,0.0,0.5073529411764706
13649,0.0044,4.35797140680534e-06,0.0021054733039971296,0.0238768946210872,0.00021640911130162458,0.4588744588744589
13653,0.0088,6.436902324174435e-06,0.003614818078621962,0.026615003512431058,0.0014074123897022772,0.23723723723723725
13655,0.0074,1.0405057288392534e-06,0.0032118818425515006,0.02838912529734448,0.000511482833050233,0.26515151515151514
13666,0.0068000000000000005,4.414692315222196e-06,0.0030105350056146563,0.02342631329391622,0.00040352483589779786,0.3139784946236559
13667,0.009,1.4320047664247939e-05,0.00381640757517987,0.024434957927465487,0.0024651619271720167,0.24561403508771928
13668,0.0112,2.209215892150299e-06,0.004118943680324838,0.014503775970784033,0.002699534368693003,0.1835075493612079
13673,0.018600000000000002,1.4730923374732873e-05,0.007255859522650399,0.0681477221825183,0.012844850105247014,0.3786149162861492
13675,0.0038,1.2195776968107312e-06,0.001503005530002266,0.013508773369696091,0.0003882885427886905,0.4166666666666667
13679,0.003,0.0,0.0012020431607797644,0.012704299236322828,0.00021957649047731173,0.44871794871794873
13686,0.0006000000000000001,0.0,0.00020014008604940514,0.0015145688125323582,5.1974768396381016e-05,0.6666666666666666
13690,0.0028,1.9537113095098115e-07,0.0013023438542085763,0.016459686609304285,0.00035439188693585746,0.5824175824175825
13711,0.0006000000000000001,0.0,0.00030024016811047716,0.004214569315333348,0.0,0.6666666666666666
13725,0.004600000000000001,8.813074544178886e-06,0.0019045702065152437,0.01203416052072713,0.00018912673736816053,0.37894736842105264
13731,0.004600000000000001,1.2396073347853491e-06,0.0019045702065152437,0.015272455514025562,0.0004786097474737584,0.37894736842105264
13753,0.005200000000000001,0.0,0.0017037476313173094,0.01253830509432988,0.00046869240033259936,0.5555555555555556
13764,0.004600000000000001,4.905610612772128e-07,0.0013023438542085763,0.0050723904499656355,0.0005545922886467006,0.7472527472527473
13766,0.013600000000000001,9.304420596885405e-06,0.006140519815011292,0.04484035155534738,0.0074412468242185436,0.32575356953992596
13768,0.038200000000000005,7.879704049204437e-05,0.0137944641399812,0.07470890925630756,0.011672773851573347,0.24130528123658224
13772,0.0014,2.9315856756242668e-08,0.0007008408969193525,0.01252392032804478,1.7032023643209402e-05,0.5
13774,0.007000000000000001,8.216757696234155e-06,0.0028092689578591568,0.021642994487630265,0.0006109717480728222,0.3472906403940887
13777,0.0088,9.607332016404178e-06,0.0034133095173229933,0.017207810756011854,0.0009230961423451635,0.38823529411764707
13779,0.0054,5.7029221590989534e-06,0.0018041488566566954,0.007139216279807422,0.0024220546729951265,0.3567251461988304
13782,0.0084,2.8570706855940136e-06,0.0032118818425515006,0.012656884335869843,0.0017260948761418896,0.45265151515151514
13795,0.0182,2.86501405153274e-05,0.007052886632642474,0.036131703516138536,0.012571645989081896,0.23541247484909456
13808,0.039200000000000006,0.0002385351923893922,0.01750986399648946,0.07781888650024821,0.017301787282912668,0.14746605726576154
13825,0.0028,0.0,0.0013023438542085763,0.007021545388815139,9.55810095042358e-05,0.6813186813186813
13836,0.0006000000000000001,0.0,0.00030024016811047716,0.0020489078924407107,0.00013222629838307264,0.8333333333333334
13837,0.007000000000000001,2.6573011147153506e-06,0.0032118818425515006,0.026961514501207273,0.00035364257075738974,0.3996212121212121
13839,0.0034000000000000002,2.407932919632696e-07,0.0014026646419362798,0.014981005187130865,0.0002336251316745892,0.3904761904761905
13840,0.0018,8.742848300298874e-07,0.0006006606425976724,0.000893500847466277,0.0003509237863191275,0.2857142857142857
13842,0.0058000000000000005,4.922892417090745e-06,0.0021054733039971296,0.00889524729277113,0.0007827606309194541,0.13852813852813853
13845,0.020000000000000004,7.904649994743343e-05,0.007560472284055875,0.04664456937841421,0.003183602246212565,0.19298245614035087
13846,0.0054,8.537008042234213e-06,0.002608083650670334,0.022688048591423864,0.0005281159568810209,0.32193732193732194
13847,0.001,1.1416257785281023e-09,0.0005005004403684232,0.013742788181206517,0.0,0.7333333333333333
13854,0.020000000000000004,7.950635612216323e-05,0.009595940981927287,0.03833830664834065,0.17511639399875925,0.08859649122807017
13867,0.006000000000000001,1.4309415392982013e-06,0.0025075212596070706,0.0252107393195224,0.0007953456619306357,0.36615384615384616
13891,0.004600000000000001,2.791158023579594e-07,0.0023064569722013317,0.030282692272876378,4.778077607828029e-05,0.4782608695652174
13897,0.006600000000000001,2.284984754289612e-06,0.002205955063729892,0.0185131944108734,0.0005512010034070027,0.43873517786561267
13898,0.0048000000000000004,5.274020002749391e-06,0.0024069790354728227,0.025495391021366578,0.0,0.3466666666666667
13899,0.0048000000000000004,5.527965597006406e-06,0.0018041488566566954,0.01181271703570454,0.000513300327136242,0.23976608187134502
13901,0.01,6.229924658996748e-06,0.0048255707952091775,0.03885089163446516,0.00014207868481336716,0.3392857142857143
13905,0.0054,0.0,0.0018041488566566954,0.008370387359927104,0.0004015723588040107,0.3508771929824561
13906,0.0158,1.3656972526005009e-05,0.005533192959340294,0.031113516295996697,0.0017135332296341825,0.3233766233766234
13912,0.0086,6.429940072271528e-06,0.0043207357284889,0.031606674578398664,0.0,0.17547568710359407
13926,0.005000000000000001,1.4073722867499455e-06,0.0018041488566566954,0.004172464089386908,0.00038016098324536094,0.4152046783625731
13943,0.0,0.0,0.0,0.0,0.0,0.0
13953,0.0044,7.412080875939328e-06,0.0017037476313173094,0.005089241903775708,0.000584106624891564,0.2222222222222222
13964,0.007000000000000001,6.334931817617806e-07,0.0025075212596070706,0.018180841453834983,0.0019643388590236737,0.38769230769230767
13972,0.0106,5.002153618539604e-06,0.00472456319211112,0.0448410069770422,0.0010758124712792584,0.424645390070922
14002,0.005000000000000001,3.8502186114023236e-06,0.0017037476313173094,0.0075237643674362625,0.0006378041991479422,0.2222222222222222
14017,0.0004000000000000001,0.0,0.00010006003201601388,6.801989873547222e-05,7.184492362432519e-05,1.0
14042,0.0004000000000000001,0.0,0.00020014008604940514,0.0021787567330189724,2.730363774926562e-05,0.6666666666666666
14050,0.0022,1.6712933782572646e-06,0.0010015020326745727,0.004274634622473156,0.000298710495284729,0.3090909090909091
14070,0.0142,3.495041669357825e-05,0.0068499955123555445,0.04356236583379021,0.0034955857464875565,0.26555839727195224
14086,0.0034000000000000002,7.55963101897576e-07,0.0012020431607797644,0.007104426383497569,0.001646708856389456,0.5128205128205128
14111,0.0016,0.0,0.0008010412093559793,0.005854173093554679,0.0,0.5
14116,0.0158,2.2752140307488177e-05,0.006343125130060079,0.045699408137235886,0.0036435006421397537,0.29712301587301587
14119,0.0008,0.0,0.0004003602842119758,0.006170432190327681,0.0,0.7
14124,0.016800000000000002,1.4001617356231056e-05,0.007560472284055875,0.07610045337628515,0.005965666103220813,0.32666666666666666
14128,0.0034000000000000002,1.1094835765493054e-06,0.0014026646419362798,0.008149775023065157,0.0006337853508100413,0.3333333333333333
14129,0.0146,2.793351862974552e-05,0.006343125130060079,0.06422892862923618,0.002472970891227325,0.4176587301587302
14134,0.0164,8.821095245933198e-05,0.007458914231821989,0.02956399322989509,0.014144899241816153,0.15171171171171172
14136,0.005600000000000001,1.4692874159787142e-06,0.0020050116869441137,0.01527466660429493,0.0007677569133382694,0.5095238095238095
14141,0.0064,2.156780424732775e-06,0.0030105350056146563,0.03429335099410677,0.00014459239399568398,0.3634408602150538
14145,0.011,1.074448483717199e-06,0.004018078055767926,0.04248535066331806,0.005347461197254808,0.6097560975609756
14146,0.0148,2.0977640265166873e-05,0.006444458383373597,0.04136069187327575,0.004406829115606869,0.24086538461538462
14147,0.0006000000000000001,1.2854706266226434e-07,0.00020014008604940514,0.0006091315471913796,0.0002486614021108,0.6666666666666666
14157,0.002,0.0,0.0007008408969193525,0.003564774536119298,0.0006519362491960741,0.5
14162,0.008,5.419356801083047e-06,0.0032118818425515006,0.01699632628844513,0.005377698446608413,0.3087121212121212
14165,0.0034000000000000002,4.593295236998492e-07,0.001503005530002266,0.008855320404718873,0.004143592280030466,0.4166666666666667
14173,0.0028,0.0,0.0010015020326745727,0.0044031072246725235,0.0025279725075142007,0.4727272727272727
14177,0.0018,0.0,0.0008010412093559793,0.00456801137783369,0.0008534236970227745,0.5
14179,0.0078000000000000005,1.0751020425399032e-05,0.0034133095173229933,0.022648321084243934,0.0012488944419600917,0.2453781512605042
14186,0.002,0.0,0.0008010412093559793,0.005787756680033758,0.001536549009299264,0.6944444444444444
14191,0.015,2.3238029455585527e-05,0.0068499955123555445,0.054385743018435975,0.0012169248904829342,0.25404944586530265
14199,0.0086,1.6843332412127993e-05,0.004018078055767926,0.014756816955986383,0.007322077737143696,0.2097560975609756
14201,0.034,0.000175940414090114,0.014617762257648659,0.09039957924101862,0.023036337253155056,0.20306513409961685
14219,0.0022,0.0,0.0009012615859320672,0.005789369407989506,0.0014174885958922307,0.5555555555555556
14228,0.002,2.362997475409271e-09,0.0010015020326745727,0.016758394767675,0.0,0.6909090909090909
14236,0.001,1.4461544549504736e-06,0.0005005004403684232,0.0008912841767625274,0.0,0.5333333333333333
14238,0.002,0.0,0.0006006606425976724,0.0026631913991411044,0.001283421271544257,0.38095238095238093
14241,0.007000000000000001,1.3822730039783767e-06,0.0024069790354728227,0.011217919467375354,0.0016970610760400802,0.32
14254,0.0048000000000000004,1.1466067305943675e-06,0.0019045702065152437,0.016477414095777985,0.000461594875703591,0.48947368421052634
14256,0.004200000000000001,0.0,0.0017037476313173094,0.007524033374625493,0.00047044114327699546,0.6470588235294118
14260,0.0024000000000000002,1.70860470788593e-06,0.0012020431607797644,0.010699402013922114,0.0,0.4358974358974359
14261,0.01,1.9185005331428062e-05,0.004219829569195754,0.025874584396934772,0.0006371844515423358,0.26356589147286824
14263,0.005600000000000001,5.89507352641353e-07,0.0021054733039971296,0.009181846191818057,0.0009974301317799985,0.5714285714285714
14291,0.0104,1.615655293345524e-05,0.004522608882781443,0.02276263790069709,0.0025132565803021017,0.242512077294686
14296,0.0026,1.0141166810352552e-06,0.0013023438542085763,0.00534024727612455,0.0,0.38461538461538464
14300,0.002,0.0,0.0007008408969193525,0.0035045886456373174,0.0004935973810489654,0.32142857142857145
14317,0.006000000000000001,8.095429404871957e-07,0.0023064569722013317,0.0070665330072955355,0.0009096655511250216,0.358695652173913
14319,0.003,7.844640147043755e-07,0.0011017625556131172,0.005492826318063963,0.00029354841407236974,0.3181818181818182
14324,0.0078000000000000005,1.1634258279691697e-05,0.0032118818425515006,0.011259011609718622,0.003603433211895448,0.3333333333333333
14327,0.0108,1.3099793604860629e-05,0.004018078055767926,0.018577245907966708,0.00346940452759042,0.28780487804878047
14331,0.0118,2.1444629626899896e-05,0.004623575890008391,0.021440343521279225,0.0021364654870213015,0.27104532839962997
14342,0.0064,4.1461439602881515e-06,0.0024069790354728227,0.010793405972771012,0.000985496461150787,0.4
14349,0.002,0.0,0.0007008408969193525,0.005877798480587117,0.00021297921576037622,0.4642857142857143
14351,0.0054,9.100339051361501e-06,0.0024069790354728227,0.010351493230064807,0.0020323630269441307,0.3
14357,0.0002,0.0,0.00010006003201601388,0.0006958233620669848,0.0,1.0
14375,0.0008,8.150628973150819e-08,0.0004003602842119758,0.001572843722151723,0.0,0.6
14376,0.007600000000000001,1.5825381147613774e-05,0.0034133095173229933,0.01734684262603214,0.0016727011905481666,0.26554621848739496
14401,0.004000000000000001,0.0,0.0016033665244477024,0.00648839679945553,0.0003592331594827117,0.22058823529411764
14406,0.0064,6.71539699680846e-06,0.0025075212596070706,0.02158897194254377,0.0009380108178732896,0.39692307692307693
14407,0.0022,2.3196353533800628e-07,0.0010015020326745727,0.011354310207371921,0.0003065257415223306,0.5272727272727272
14431,0.0016,8.462681625265734e-07,0.0006006606425976724,0.0008204038639374692,0.00046758102096814173,0.42857142857142855
14437,0.003,0.0,0.0012020431607797644,0.006405935346948648,0.000858241605552124,0.358974358974359
14449,0.002,0.0,0.0008010412093559793,0.007531904267436804,0.0005440390705754634,0.4444444444444444
14454,0.001,5.510186124923067e-07,0.0005005004403684232,0.0030949609076163995,0.000344478745479903,0.4666666666666667
14458,0.003,1.0766188424190679e-07,0.0014026646419362798,0.01706250504557145,3.451543397717282e-05,0.3619047619047619
14460,0.004200000000000001,0.0,0.0018041488566566954,0.020297755884781176,0.00014094633882083096,0.3508771929824561
14463,0.0114,2.468212416751674e-05,0.005128715471710565,0.04072169363634645,0.00045913663738624824,0.33861236802413275
14467,0.0078000000000000005,9.406916662308995e-06,0.0023064569722013317,0.01335380497500004,0.0009274116836055798,0.2826086956521739
14478,0.0108,8.098309128812813e-06,0.00472456319211112,0.039437923808277375,0.000892656586042938,0.2828014184397163
14491,0.0018,0.0,0.0009012615859320672,0.015822905539991553,0.0,0.6444444444444445
14494,0.0088,4.4356895879110963e-07,0.003614818078621962,0.03344286299566461,0.0007975082624444725,0.24774774774774774
14499,0.0082,6.770168998771076e-06,0.00381640757517987,0.02308843890170358,8.794222485724711e-05,0.34143049932523617
14502,0.0164,5.071019316356676e-05,0.006545812042094257,0.05709340637665128,0.0011660460702928805,0.255011655011655
14520,0.0022,0.0,0.0010015020326745727,0.013868128844099239,3.5697322973173603e-05,0.509090909090909
14521,0.002,0.0,0.0010015020326745727,0.013473236488438324,0.0,0.4727272727272727
14528,0.007600000000000001,3.825967743274216e-06,0.0035140536841118397,0.034830275373213676,0.00018025736396939083,0.28888888888888886
14529,0.0022,3.2273624274300313e-07,0.0010015020326745727,0.009092431237202766,9.654386692032734e-05,0.36363636363636365
14532,0.0048000000000000004,9.473834904111364e-07,0.0023064569722013317,0.028710153321504697,6.233200901722188e-05,0.4927536231884058
14537,0.0006000000000000001,0.0,0.00030024016811047716,0.0022572769482893836,0.0,0.8333333333333334
14559,0.005200000000000001,1.1222897495525912e-07,0.0023064569722013317,0.02251442333136011,0.0003427074061244336,0.4492753623188406
14567,0.0016,5.843048302830197e-08,0.0007008408969193525,0.006978272700968614,6.372885223597286e-05,0.5714285714285714
14571,0.0106,1.6063567700521316e-05,0.0049265987054252225,0.017707542880018416,0.0034886647872390585,0.31020408163265306
14572,0.0152,4.5761613328992585e-05,0.0067485806004177196,0.020002842434256155,0.004575950298391886,0.20017559262510976
14577,0.0154,9.065861409786121e-05,0.007154362853342144,0.023430184410833495,0.005277866098176586,0.2081377151799687
14582,0.0032,8.073003935311287e-08,0.0012020431607797644,0.007941283107638988,0.0004785594586742178,0.5641025641025641
14588,0.0058000000000000005,2.24156963858577e-06,0.0028092689578591568,0.027038189759055083,0.000303957917842658,0.3694581280788177
14592,0.0028,0.0,0.0013023438542085763,0.012664390834427136,0.00022689472573068925,0.5824175824175825
14594,0.004200000000000001,0.0,0.0018041488566566954,0.015366121578832461,0.0003847467557790363,0.47953216374269003
14595,0.003,2.485725891132206e-06,0.001503005530002266,0.017228618748331207,0.0,0.35
14598,0.007200000000000001,6.336464419129985e-06,0.003111198322395703,0.015403171397748286,0.0010269395501065624,0.40524193548387094
14602,0.009,2.1837810922273678e-05,0.004421662164313389,0.0158847832739526,0.0026762810483560028,0.24848484848484848
14614,0.0014,0.0,0.0007008408969193525,0.0032796225819763606,5.36348646223583e-05,0.42857142857142855
14616,0.0086,1.2352819338060348e-05,0.0043207357284889,0.026045361838779955,0.00010751848743025428,0.2769556025369979
14635,0.0014,8.413989556075484e-08,0.0006006606425976724,0.004164531468876569,0.00012284111777693073,0.7142857142857143
14639,0.003,1.8991874058914927e-07,0.001503005530002266,0.014498553740509554,9.947748400922457e-05,0.6166666666666667
14657,0.0044,1.3043814666584007e-06,0.0020050116869441137,0.023404833903955407,0.00026847526984206667,0.5666666666666667
14658,0.003,4.4654871792474916e-07,0.001503005530002266,0.01728986571999884,0.0,0.5583333333333333
14662,0.005000000000000001,4.876642799166032e-06,0.0023064569722013317,0.006177690364322839,0.0010915330490996163,0.3804347826086957
14677,0.0144,3.1036310017042046e-05,0.006140519815011292,0.02332522822908889,0.004217060264680353,0.2591221575885775
14689,0.0006000000000000001,0.0,0.00020014008604940514,0.0002546153312029051,9.549534156243873e-05,1.0
14691,0.001,0.0,0.0004003602842119758,0.0022324818791757857,0.00013653710922568562,0.5
14714,0.0038,0.0,0.0016033665244477024,0.011837824417849772,0.0006532086854458974,0.25
14718,0.001,1.6425458006844886e-07,0.0005005004403684232,0.005554165455291046,0.0,0.7333333333333333
14748,0.0018,5.404819680117932e-07,0.0009012615859320672,0.0024174019968489745,0.00017545031354127179,0.5777777777777777
14750,0.0126,1.8775182120776063e-05,0.0052298043400367256,0.02924334980443329,0.0007973024546459206,0.2772133526850508
14754,0.0016,0.0,0.0006006606425976724,0.001480029064851342,0.00015613674182205688,0.3333333333333333
14770,0.0008,0.0,0.0004003602842119758,0.0027732729726576977,0.0,0.7
14771,0.002,0.0,0.0010015020326745727,0.013793318061973914,0.00010450078436887702,0.4727272727272727
14785,0.0026,0.0,0.0011017625556131172,0.009930548222716707,0.0002600856349302299,0.7272727272727273
14787,0.0094,6.7127945710826774e-06,0.003917232689420347,0.025787230268394534,0.0008952428420887904,0.3628205128205128
14788,0.0048000000000000004,1.1406407298631136e-06,0.0020050116869441137,0.019860332349241398,0.0002517032498817616,0.37142857142857144
14790,0.012,8.711562477359437e-06,0.0052298043400367256,0.04216115549909148,0.007325017317397829,0.32873730043541366
14792,0.003,0.0,0.0013023438542085763,0.011065123534989792,0.00013409052146926936,0.4725274725274725
14794,0.0044,0.0,0.002205955063729892,0.03615672763656133,8.737418062277106e-05,0.5296442687747036
14796,0.0088,5.811427330846181e-06,0.003917232689420347,0.03760554167736331,0.0008648857280116258,0.34487179487179487
14799,0.006600000000000001,2.1040187370683418e-06,0.003111198322395703,0.03516040756942325,0.000759536517270535,0.3951612903225806
14804,0.005000000000000001,6.791701148726793e-06,0.0024069790354728227,0.023469812846132337,3.519058543087201e-05,0.30666666666666664
14806,0.0082,1.339694672541004e-05,0.003715602706946264,0.03457455060292776,0.00017500482972698165,0.28165007112375534
14808,0.016200000000000003,2.4602722603026646e-05,0.007458914231821989,0.07391557987000458,0.0013330723235852981,0.30414414414414415
14809,0.0096,6.4752473632990164e-06,0.0035140536841118397,0.021593430655470505,0.002362267679663786,0.2698412698412698
14811,0.0082,5.885536600618798e-06,0.004118943680324838,0.038290676584095296,0.0,0.3983739837398374
14815,0.0024000000000000002,2.0242214059005518e-07,0.0012020431607797644,0.016220516783985364,0.0,0.5897435897435898
14816,0.003,2.6173357097852283e-07,0.0014026646419362798,0.017688754541727306,0.00021615516231293034,0.4
14825,0.015600000000000001,6.7125346054558695e-06,0.006951430854372331,0.055455895878201975,0.0007017485803217253,0.35403726708074534
14838,0.007600000000000001,7.840649145566834e-07,0.003111198322395703,0.013145787599362108,0.0003343816941040592,0.4254032258064516
14844,0.0104,1.8369600389142033e-06,0.004219829569195754,0.025704923711166883,0.0003574537927797458,0.29457364341085274
14847,0.002,0.0,0.0010015020326745727,0.010438038542440211,0.0,0.5272727272727272
14851,0.0022,9.629204482866478e-07,0.0010015020326745727,0.007334803759550909,0.000315276631340005,0.2909090909090909
14860,0.0022,0.0,0.0011017625556131172,0.010414242206891255,0.0,0.3787878787878788
14874,0.0038,2.7723647735702128e-06,0.0019045702065152437,0.02383970239719995,0.00046660650292610175,0.5421052631578948
14886,0.008,2.7692943732823188e-06,0.0025075212596070706,0.012503800933598451,0.0018950962348780014,0.3230769230769231
14893,0.026000000000000002,4.9803896853387167e-05,0.0093920241763914,0.051795618296132245,0.005341293438850788,0.18920155570807595
14906,0.008,1.9516375742787698e-06,0.004018078055767926,0.0342559876999783,0.0,0.3878048780487805
14914,0.0182,3.02548498182611e-05,0.007154362853342144,0.04045092463571838,0.0018755991625757254,0.26369327073552423
14916,0.0086,2.3823518066156787e-06,0.003614818078621962,0.0194461568274115,0.0005605613205072695,0.3228228228228228
14930,0.0022,4.379829472597748e-07,0.0011017625556131172,0.015513628902328568,0.0,0.6818181818181818
14932,0.033800000000000004,0.0002478626136931724,0.01647508011847343,0.06445099362958713,0.022365705883625315,0.1195182912974324
14933,0.0018,0.0,0.0009012615859320672,0.009354558497732045,0.0,0.3333333333333333
14942,0.004200000000000001,1.1442103049887876e-06,0.0019045702065152437,0.01770545277010005,0.0003469741959643747,0.43157894736842106
14945,0.009,7.08058488878967e-06,0.003111198322395703,0.010308255586867817,0.0015437187154977057,0.3024193548387097
14953,0.0038,2.4979361938201263e-06,0.0018041488566566954,0.009597820810903147,0.00010932393830100041,0.2573099415204678
14973,0.0058000000000000005,1.7099607626031981e-06,0.0024069790354728227,0.009137700434486496,0.0014750450265485992,0.2
14974,0.0044,7.847152039501985e-07,0.0014026646419362798,0.00771414424176914,0.0007014130090026443,0.26666666666666666
14975,0.0026,0.0,0.0009012615859320672,0.0034184907643926028,0.00045560594958690746,0.35555555555555557
14978,0.003,0.0,0.0010015020326745727,0.0069604842683455015,0.0006123624222350435,0.38181818181818183
14979,0.0022,1.075051327621913e-07,0.0011017625556131172,0.01208782569999466,0.0,0.5757575757575758
14980,0.042800000000000005,0.0001358674552961523,0.019793819802735202,0.10812620016211576,0.02706593687462447,0.15543219666931007
14988,0.0006000000000000001,4.4991471931792514e-07,0.00030024016811047716,0.00024500855778190715,0.00015834015538519763,0.6666666666666666
14989,0.012,5.16633998319489e-06,0.0048255707952091775,0.04210168957168767,0.0038351086140218137,0.30952380952380953
14991,0.0074,9.861402158120427e-06,0.0028092689578591568,0.016400640021116263,0.0013533286668164844,0.30049261083743845
14994,0.005000000000000001,4.955811917473386e-06,0.0025075212596070706,0.011123609169946036,0.0014922009706710205,0.19384615384615383
14998,0.0044,1.6194502752793814e-06,0.0021054733039971296,0.020952230241079832,0.0007948393929508585,0.4588744588744589
15001,0.0008,0.0,0.0004003602842119758,0.0068474208345657706,0.0,0.7
15011,0.0032,0.0,0.0014026646419362798,0.01110376618084033,0.0005106799492416359,0.3333333333333333
15018,0.003,0.0,0.0013023438542085763,0.008373971625028207,0.0014907740195408787,0.4065934065934066
15022,0.0044,1.0366374761824244e-06,0.0017037476313173094,0.011447910729477848,0.00032325287577065554,0.3137254901960784
15040,0.0064,0.0,0.002909891886128557,0.02368528570814312,0.000805646897630807,0.3816091954022989
15041,0.021800000000000003,2.8638551224567303e-05,0.007662050809639442,0.046836427629507335,0.006697258256805332,0.254272043745728
15045,0.0058000000000000005,0.0,0.0021054733039971296,0.013197223582945707,0.0007436308063605725,0.4069264069264069
15062,0.0054,1.697762778893639e-07,0.0024069790354728227,0.03244623460900743,0.000333925373534885,0.59
15063,0.0034000000000000002,1.1642261539863054e-06,0.0014026646419362798,0.00670274625707677,0.00035249773581542086,0.3523809523809524
15070,0.0128,2.2283357947148745e-05,0.0057355537788557065,0.05496075449147285,0.0007591625077012252,0.35934664246823955
15072,0.002,0.0,0.0009012615859320672,0.013233454271765706,2.101622181584434e-05,0.6444444444444445
15073,0.0078000000000000005,1.2796164977053305e-06,0.003715602706946264,0.046889293357998296,0.00045404475110364035,0.5291607396870555
15074,0.004200000000000001,2.3750600149027884e-06,0.0019045702065152437,0.018616790671271227,0.00023241073146591806,0.34210526315789475
15075,0.025800000000000003,5.1145795278103624e-05,0.009697930278060207,0.07465903967334743,0.010987217530555256,0.31980240549828176
15078,0.0028,3.9146365658930413e-07,0.0014026646419362798,0.02028530201132031,0.0,0.44761904761904764
15079,0.0034000000000000002,2.3500855263226386e-06,0.0017037476313173094,0.01971420906055507,0.0,0.39215686274509803
15083,0.0036,4.439134663800336e-06,0.0017037476313173094,0.011921395515492476,0.00046492074834991097,0.3137254901960784
15092,0.009,5.577945776159076e-07,0.004118943680324838,0.0394750453971275,0.0012111815419071216,0.30313588850174217
15101,0.0008,0.0,0.0004003602842119758,0.004889101378547289,5.700506665529408e-05,0.8
15102,0.0068000000000000005,3.912859003557652e-06,0.002909891886128557,0.01914250872659794,0.002042633178557768,0.2620689655172414
15104,0.011,1.6054474285365335e-05,0.004219829569195754,0.028527883724183283,0.0008125366885836847,0.1937984496124031
15109,0.0038,5.384783643804072e-07,0.0014026646419362798,0.009920602445520756,0.00035259783903389766,0.3904761904761905
15110,0.0074,1.7378466141046375e-05,0.002608083650670334,0.009808132630706571,0.00093601341537937,0.23646723646723647
15113,0.092,0.0013281929820299825,0.04103705420520831,0.21577053034911864,0.11843801382018083,0.12929383794898155
15120,0.004600000000000001,4.352298593886259e-06,0.0019045702065152437,0.01133895170113947,0.001491092769431371,0.33157894736842103
15139,0.0016,0.0,0.0007008408969193525,0.002727214864221948,0.0005926860079504341,0.39285714285714285
15152,0.0078000000000000005,5.080234012631231e-06,0.003312585572165627,0.02084614914193693,0.0016791199465512351,0.33868092691622104
15158,0.018000000000000002,2.4399256116575794e-05,0.007865269305625366,0.07168407590833345,0.006487098071380037,0.32392080493346315
15163,0.001,5.525268482851713e-08,0.0005005004403684232,0.007074300063661575,7.69729341718368e-05,0.5333333333333333
15186,0.001,0.0,0.0004003602842119758,0.0012060825967452416,0.00019133807730416425,0.6
15202,0.0098,1.5975007792243076e-05,0.0043207357284889,0.02700687135000732,0.0016921750140478859,0.24735729386892177
15217,0.006000000000000001,5.791560715037113e-06,0.002608083650670334,0.01156851104220781,0.0029866974114077607,0.29914529914529914
15231,0.006600000000000001,5.245187412929107e-06,0.0032118818425515006,0.03035141312754391,0.00012649347860304346,0.4810606060606061
15243,0.007000000000000001,1.3436084873454722e-05,0.003111198322395703,0.03080866840976072,0.0003281780383482132,0.2923387096774194
15245,0.0022,6.727862439913201e-08,0.0009012615859320672,0.00681595945866369,0.00019342314454505872,0.5111111111111111
15246,0.0058000000000000005,0.0,0.0025075212596070706,0.0300337981439464,0.0008856707034649078,0.36615384615384616
15250,0.003,2.935716908608304e-06,0.0014026646419362798,0.006784098976365449,0.0019257178808782536,0.22857142857142856
15251,0.0108,2.8197037265796776e-06,0.004623575890008391,0.03153063331049198,0.004204596189785776,0.28862164662349676
15254,0.004600000000000001,1.0435319925676595e-06,0.0020050116869441137,0.022052695111061615,0.00023797500010345118,0.3761904761904762
15279,0.005000000000000001,3.109913756212979e-07,0.0020050116869441137,0.009639693080204806,0.00038848926064215434,0.3380952380952381
15290,0.0176,7.145271601959356e-05,0.007357376646748959,0.04790687610758289,0.001871152324827406,0.21584598296927063
15291,0.0086,1.8109354757190227e-05,0.004219829569195754,0.02815402756102248,0.0021886370418579097,0.22812846068660023
15293,0.0018,0.0,0.0009012615859320672,0.007669632044450704,0.0,0.4888888888888889
15297,0.003,1.7932315241385873e-06,0.0010015020326745727,0.0044431140748332695,0.0003776162061108155,0.32727272727272727
15299,0.006200000000000001,6.248645205379557e-06,0.0024069790354728227,0.020657168417312393,0.0007214996016253703,0.27
15302,0.0048000000000000004,0.0,0.0020050116869441137,0.02639821249662892,0.0003180934931207621,0.38571428571428573
15304,0.0014,0.0,0.0005005004403684232,0.0034666342458941676,0.00011819299539647904,0.4666666666666667
15305,0.004600000000000001,5.621968113767731e-07,0.0020050116869441137,0.02529289441869371,0.00013813096239886566,0.44761904761904764
15307,0.0064,2.7664223128958283e-06,0.0027086662147308704,0.02645661441378352,0.0002330842251745917,0.3835978835978836
15308,0.0014,0.0,0.0007008408969193525,0.009294475000845133,7.7878945657638e-05,0.6071428571428571
15310,0.0094,1.4334407449663163e-05,0.00381640757517987,0.023706409769599247,0.001499710014177352,0.3144399460188934
15311,0.0088,0.0,0.003614818078621962,0.01966024313688922,0.0009650397321977617,0.2072072072072072
15337,0.004000000000000001,3.4776936948273585e-06,0.0020050116869441137,0.015545928846895544,0.0,0.3619047619047619
15340,0.0022,1.822014888169486e-07,0.0010015020326745727,0.013040306259884338,0.0013828470206153558,0.5272727272727272
15349,0.0164,1.9106075377855257e-05,0.006343125130060079,0.049058102363929434,0.002146006722706564,0.3005952380952381
15353,0.0006000000000000001,0.0,0.00020014008604940514,0.0007435879365931819,3.818315763571092e-05,0.6666666666666666
15357,0.0004000000000000001,0.0,0.00020014008604940514,0.0035715244246648323,0.0,0.6666666666666666
15362,0.004600000000000001,1.4833083966355108e-06,0.0023064569722013317,0.02209495924141457,0.00010132304101063516,0.5289855072463768
15365,0.005200000000000001,1.3321908213941007e-05,0.0021054733039971296,0.012252742681230059,0.0003565288128485224,0.22510822510822512
15376,0.0024000000000000002,0.0,0.0011017625556131172,0.013830422128228478,6.943426201115859e-05,0.48484848484848486
15389,0.0038,4.804899513777078e-06,0.0018041488566566954,0.014122094521716266,0.00010969653945343456,0.2982456140350877
15391,0.004000000000000001,2.2629387291831067e-06,0.0018041488566566954,0.01598656581892135,0.00017018908717741064,0.30994152046783624
15416,0.0018,0.0,0.0009012615859320672,0.015354838069074263,0.0,0.5777777777777777
15426,0.0116,4.922237250530382e-06,0.004118943680324838,0.03206890419189187,0.008310496808154771,0.389082462253194
15436,0.0068000000000000005,9.445338962062283e-06,0.0032118818425515006,0.028680449550644336,0.00038125645093020557,0.2821969696969697
15439,0.0098,1.1458296847739309e-05,0.0043207357284889,0.02076588716236562,0.0007917496597603244,0.2558139534883721
15451,0.0814,0.002147892181725194,0.04168803084430617,0.11485638725263028,0.05975831039468113,0.04669576059850374
15456,0.003,0.0,0.0013023438542085763,0.0053682582145121,0.0001326989606260132,0.32967032967032966
15471,0.004000000000000001,6.749540595227417e-07,0.0017037476313173094,0.012291071928720726,0.0002196479792835424,0.7712418300653595
15473,0.006600000000000001,1.0337886337065726e-06,0.0023064569722013317,0.009012123565530262,0.0005274485073913912,0.5869565217391305
15477,0.0088,1.0351210435842352e-05,0.004118943680324838,0.036877852737453864,0.00020294176167471158,0.3786295005807201
15480,0.006600000000000001,3.5773177907482007e-06,0.003312585572165627,0.007288609103869454,0.0021681746923685333,0.1532976827094474
15485,0.0032,1.0218236706452689e-06,0.001503005530002266,0.01311125241688843,9.450432967249452e-05,0.5416666666666666
15491,0.002,2.0002140191787795e-07,0.0008010412093559793,0.005347418949321749,0.00013218300454182548,0.8333333333333334
15497,0.004000000000000001,1.593082486158625e-06,0.0018041488566566954,0.010754397808744234,8.746497474171702e-05,0.5555555555555556
15499,0.009,1.1469129004515644e-05,0.003917232689420347,0.023138459510730854,0.0013887306581711624,0.391025641025641
15501,0.006000000000000001,3.099511138263933e-06,0.0024069790354728227,0.012527852474253524,0.001371631513936846,0.63
15502,0.003,4.4495053169768954e-07,0.0013023438542085763,0.009619223881584885,0.00011653508545422125,0.6153846153846154
15504,0.0014,7.155815111459828e-08,0.0006006606425976724,0.00126256153608345,9.936758889912266e-05,0.7142857142857143
15514,0.001,0.0,0.0004003602842119758,0.0025228917467987524,8.508634999855635e-05,0.9
15517,0.0146,1.5196681233201007e-05,0.0068499955123555445,0.052844612938706154,0.0013124979178445245,0.2672634271099744
15519,0.0044,1.3139748443210166e-06,0.0018041488566566954,0.017052555931766047,0.0004173324482320153,0.4152046783625731
15521,0.029800000000000004,0.00013569779140978344,0.01174205133930939,0.08311691675375492,0.005337850986843132,0.2189802534630121
15522,0.0038,1.730924922634089e-06,0.0016033665244477024,0.010298345585895857,0.00014671036174537387,0.6838235294117647
15523,0.004600000000000001,3.4266763084764956e-06,0.002205955063729892,0.01816583247300289,2.597624856270648e-05,0.4782608695652174
15527,0.0038,7.41169939646606e-07,0.0017037476313173094,0.013479355667231022,9.936758889912266e-05,0.5947712418300654
15528,0.0032,2.269977892250303e-06,0.0012020431607797644,0.00553534137304334,0.00016785886856192107,0.47435897435897434
15535,0.0038,4.981610283110313e-07,0.0018041488566566954,0.013940188883285624,0.00018950881012764565,0.6023391812865497
15539,0.0006000000000000001,0.0,0.00030024016811047716,0.007519048057024021,0.0,0.6666666666666666
15541,0.0064,0.0,0.0025075212596070706,0.01684874671671203,0.0005272387441075461,0.24923076923076923
15542,0.005600000000000001,3.7293951393802175e-06,0.002205955063729892,0.015190960034776907,0.0008167597060115215,0.2015810276679842
15544,0.0034000000000000002,1.0863035369443634e-06,0.0014026646419362798,0.010009327247517668,0.0003490545211728037,0.29523809523809524
15552,0.0014,0.0,0.0005005004403684232,0.0028452916557342722,0.00012096548038763083,0.4666666666666667
15555,0.0036,6.316571114825085e-07,0.0013023438542085763,0.011722894376980882,0.0002641447265840051,0.2857142857142857
15563,0.001,0.0,0.0004003602842119758,0.004559579996458537,3.783362745268489e-05,0.6
15567,0.0078000000000000005,1.1499908923248536e-05,0.003312585572165627,0.028588369165048675,0.0017288278497603134,0.43672014260249553
15568,0.004000000000000001,5.548854237770008e-06,0.0017037476313173094,0.008368643073467574,0.00018145861269636327,0.24183006535947713
15572,0.003,0.0,0.0011017625556131172,0.00843783594032404,0.0003471923348720862,0.3939393939393939
15574,0.006000000000000001,0.0,0.0024069790354728227,0.021514389077128486,0.0005795126435951598,0.3566666666666667
15594,0.031200000000000006,0.00010512851637331074,0.011946918660165728,0.08052817416933188,0.0027887429985404073,0.21649337701182167
15595,0.01,6.252832348836034e-06,0.004118943680324838,0.045812275303226443,0.000720186847276833,0.445993031358885
15596,0.017,6.013942411558181e-05,0.007763649814764628,0.043304964231119264,0.009089343727381231,0.17915417915417917
15597,0.0284,5.764584184095586e-05,0.01174205133930939,0.08277969434516728,0.004504575313261535,0.2524314765694076
15599,0.005200000000000001,1.1244713647545834e-06,0.0017037476313173094,0.012375723136545516,0.0007281317312212331,0.33986928104575165
15600,0.018600000000000002,2.1006917681414544e-05,0.0067485806004177196,0.05506117361358284,0.005242516014689981,0.31782265144863914
15601,0.0048000000000000004,5.66664082378982e-06,0.0017037476313173094,0.015602257534841953,0.004440258071819028,0.41830065359477125
15604,0.005600000000000001,1.7933153702381229e-06,0.0019045702065152437,0.018687901482393264,0.004987964220546113,0.5263157894736842
15605,0.0164,3.5441112683819634e-05,0.006951430854372331,0.04820386301108981,0.0014589776875235877,0.189648033126294
15608,0.0102,5.533635779000353e-06,0.0034133095173229933,0.038038097086482606,0.006643370744877094,0.5294117647058824
15610,0.0132,1.0365162201772985e-05,0.005432043077715942,0.04103790040865504,0.001034687825686489,0.26666666666666666
15611,0.0098,4.179336623310114e-06,0.0030105350056146563,0.017997772069280243,0.0021690848278568117,0.2946236559139785
15613,0.0096,4.193320816681414e-06,0.0043207357284889,0.053805212550023934,0.00038176030368189645,0.36469344608879495
15619,0.0016,8.971513748303866e-07,0.0007008408969193525,0.0016259118750016812,0.00021715650343392392,0.4642857142857143
15625,0.0048000000000000004,1.2160297042164852e-06,0.002205955063729892,0.0258520031904111,0.0003438653428099788,0.40711462450592883
15628,0.0008,1.9639134573401496e-07,0.0004003602842119758,0.004117710969859601,0.0002890530265726387,0.6
15648,0.0026,3.59490279372039e-07,0.0011017625556131172,0.01182219183869183,0.00021312345045867087,0.3787878787878788
15649,0.002,0.0,0.0008010412093559793,0.005228358527201955,0.00043604340910744345,0.3888888888888889
15657,0.0036,7.458751039730317e-07,0.0013023438542085763,0.00892349883136051,0.00044471075621225944,0.32967032967032966
15679,0.0064,5.110779971880768e-06,0.002909891886128557,0.026784668456654528,0.0001581077034747548,0.35172413793103446
15681,0.0022,1.513739736126841e-07,0.0009012615859320672,0.004691002447796704,0.0001439181237841078,0.6222222222222222
15682,0.0008,0.0,0.00030024016811047716,0.0009690541885059604,0.0006597241348739892,0.5
15704,0.0048000000000000004,9.951361573591255e-06,0.0021054733039971296,0.016717295488072006,0.0005220193600963696,0.2554112554112554
15718,0.0004000000000000001,0.0,0.00020014008604940514,0.0010984632702459541,0.0,0.6666666666666666
15720,0.005600000000000001,9.734754827259564e-06,0.002205955063729892,0.008140589275215595,0.0008778123935398076,0.20553359683794467
15738,0.0302,0.00012360237101722855,0.011127946677811584,0.08019822101438882,0.007178757685466199,0.2429156429156429
15740,0.0006000000000000001,0.0,0.00030024016811047716,0.0005309747555947838,0.0,0.8333333333333334
15742,0.0006000000000000001,0.0,0.00030024016811047716,0.002418875385294039,0.0,0.6666666666666666
15746,0.0108,9.580358384094146e-06,0.005128715471710565,0.05167005489808807,0.00021915887390169472,0.332579185520362
15748,0.0036,3.909973155977207e-06,0.001503005530002266,0.007529364455700691,0.0007041149145563653,0.21666666666666667
15752,0.0012,0.0,0.0005005004403684232,0.00199383472096531,0.00015162561783509153,0.4
15754,0.0008,6.558523605217567e-09,0.00030024016811047716,0.0033018351867689522,8.235386382816749e-05,0.6666666666666666
15755,0.0024000000000000002,2.099209475911822e-06,0.0011017625556131172,0.01202822389413594,0.00013608902787312345,0.36363636363636365
15764,0.0058000000000000005,4.363466000326636e-06,0.0020050116869441137,0.007331435242009731,0.0007063229423928471,0.23333333333333334
15771,0.002,0.0,0.0009012615859320672,0.008862883544872966,0.00013493303237034084,0.4
15775,0.0122,5.056640212246982e-05,0.0048255707952091775,0.015308897168567096,0.0028502842453973333,0.13945578231292516
15776,0.004600000000000001,1.5081310631493498e-06,0.0019045702065152437,0.021255257676461036,0.0004739904122319803,0.5947368421052631
15777,0.006000000000000001,1.5553031709077385e-06,0.0027086662147308704,0.033223319718347064,0.00014838654318875496,0.42328042328042326
15779,0.0054,0.0,0.0021054733039971296,0.01697591136673862,0.001223707831607329,0.3939393939393939
15781,0.015600000000000001,3.2397609568889575e-05,0.006241812275992631,0.044532730120427924,0.0035712402983865826,0.26216077828981055
15783,0.017,5.075795834756608e-05,0.006951430854372331,0.033979084334660126,0.0038317093872468067,0.16273291925465838
15784,0.0048000000000000004,4.853008609559711e-07,0.002205955063729892,0.0230821475585254,8.003983734876938e-05,0.3241106719367589
15787,0.0028,0.0,0.0013023438542085763,0.016663762644887344,0.00020715782955519073,0.3956043956043956
15790,0.0108,1.3067684320686633e-05,0.004219829569195754,0.03133377759018685,0.0007598136600646895,0.2868217054263566
15791,0.0078000000000000005,9.39562880532007e-06,0.0030105350056146563,0.014129612214709476,0.0010337651844715711,0.24731182795698925
15793,0.0034000000000000002,1.7784396116653696e-06,0.0014026646419362798,0.009519149859539108,0.0001980242199976142,0.37142857142857144
15800,0.0012,0.0,0.0006006606425976724,0.007992789800800572,0.0,0.5714285714285714
15801,0.030600000000000002,5.685315247837475e-05,0.012049383430229765,0.08342311395013308,0.0032398618500863695,0.27086834733893556
15811,0.0016,3.4122260589470413e-07,0.0007008408969193525,0.006312188542839214,3.151395858679365e-05,0.5
15819,0.002,0.0,0.0010015020326745727,0.013152272064158425,0.0,0.5272727272727272
15824,0.0032,0.0,0.0012020431607797644,0.004484091614252617,0.0005810383320089483,0.23076923076923078
15825,0.0018,0.0,0.0008010412093559793,0.013517099135074873,8.140870770867133e-05,0.5833333333333334
15826,0.0074,8.419322496986798e-06,0.0028092689578591568,0.01897041243083068,0.0006821576528267813,0.3226600985221675
15835,0.025200000000000004,3.826991049345727e-05,0.011025668357958152,0.09212398287237221,0.002083637594407469,0.2693911592994162
15837,0.0036,0.0,0.0014026646419362798,0.006955590868650094,0.00039891777177332563,0.29523809523809524
15841,0.0014,0.0,0.0006006606425976724,0.004854429189157293,0.00015567469828662054,0.42857142857142855
15844,0.029400000000000003,2.5855860036046495e-05,0.012767218122179624,0.11013799277253596,0.009246743338915748,0.3257092863392076
15848,0.0036,1.5795707245317632e-06,0.0017037476313173094,0.015167681805956255,0.0003839953162640494,0.39869281045751637
15857,0.015,4.9197815817019324e-05,0.006444458383373597,0.053219143247164924,0.0011042620443078585,0.28557692307692306
15862,0.0034000000000000002,0.0,0.0011017625556131172,0.0036121401121886557,0.00019525582076054273,0.30303030303030304
15867,0.0026,0.0,0.0013023438542085763,0.01169297557735502,0.0,0.27472527472527475
15869,0.007200000000000001,4.9983022222563375e-06,0.0030105350056146563,0.02199935171620056,0.00026760735568163746,0.25161290322580643
15870,0.0012,3.810502214631407e-07,0.0004003602842119758,0.0010086694600953414,0.00028067128194053507,0.5
15871,0.0078000000000000005,7.179161134864186e-06,0.003614818078621962,0.026146831115580905,0.00046679142744010863,0.28678678678678676
15872,0.0012,5.7086080687632714e-08,0.0006006606425976724,0.01187894700058879,0.0,0.6190476190476191
15874,0.0038,0.0,0.0018041488566566954,0.02133402168295272,2.2742066185407056e-05,0.5614035087719298
15876,0.003,0.0,0.0013023438542085763,0.014400190507846855,0.00015809000262646605,0.42857142857142855
15877,0.004200000000000001,1.2997803634500587e-06,0.0019045702065152437,0.02311553893061102,0.000772399348059719,0.4263157894736842
15878,0.0008,5.35612761092768e-07,0.00030024016811047716,0.0033606383185460272,0.0001492778515321875,0.5
15880,0.0016,1.0295181270766428e-06,0.0008010412093559793,0.012799585018173514,2.9245177925906114e-05,0.4444444444444444
15882,0.0028,1.114503497015824e-06,0.0012020431607797644,0.004879578597381709,0.00010115599768706557,0.5
15890,0.0012,0.0,0.0006006606425976724,0.00991907082633256,0.0,0.8571428571428571
15895,0.0014,0.0,0.0006006606425976724,0.008800928724989335,3.913307642239598e-05,0.6190476190476191
15907,0.0012,0.0,0.0005005004403684232,0.002990876035131611,7.84121107738104e-05,0.4
15913,0.0114,7.209868332397826e-06,0.004623575890008391,0.023113800339459548,0.015369949242759988,0.2784458834412581
15917,0.0024000000000000002,0.0,0.0008010412093559793,0.0014448138687807345,0.0002250431991244518,0.3333333333333333
15927,0.0106,9.010564653181801e-06,0.00472456319211112,0.04566110697483365,0.0007438587907167658,0.3448581560283688
15932,0.001,0.0,0.0004003602842119758,0.006659864305584925,0.0002888657959059656,0.7
15933,0.0014,0.0,0.0006006606425976724,0.0038019483291445912,0.000202369430730924,0.6666666666666666
15938,0.0008,0.0,0.0004003602842119758,0.0005328203846139256,0.00020864959167169936,0.5
15955,0.0,0.0,0.0,0.0,0.0,0.0
15970,0.0146,2.0730408306795237e-06,0.0052298043400367256,0.04815977568189016,0.0072922116756732784,0.33962264150943394
15971,0.0386,0.00017993290446298102,0.017199207725418386,0.10457747099074162,0.030682534835687038,0.2084232509571876
15975,0.006200000000000001,5.597978245947223e-06,0.0025075212596070706,0.016665328192726286,0.0006195817231584591,0.32
15984,0.0044,1.1879891041037598e-06,0.0012020431607797644,0.004653514426546294,0.0008187313878221452,0.20512820512820512
15985,0.0028,0.0,0.0011017625556131172,0.01056981370158877,0.0002590701513447097,0.6515151515151515
15986,0.0132,2.7177183328647853e-05,0.0056343631910062975,0.05373952486575473,0.0009190524670187927,0.31265664160401
15993,0.028800000000000003,0.00010841114592004536,0.012151868948450106,0.10205855545695146,0.004357540592818208,0.303168044077135
15995,0.017200000000000003,1.2301672992784927e-05,0.007052886632642474,0.05486007928487954,0.004124326778410654,0.24587525150905432
15996,0.0082,8.939504593756052e-07,0.003917232689420347,0.04374132294888482,0.0002926882519830765,0.49615384615384617
15997,0.0048000000000000004,2.446670244724867e-07,0.002205955063729892,0.024556093176041252,0.00012157193079049265,0.39920948616600793
16000,0.0082,1.874411074182301e-06,0.00381640757517987,0.039476188787793284,0.00125591643811235,0.4817813765182186
16003,0.055600000000000004,0.00028744526034926563,0.024077752387576812,0.15475333833537566,0.037255308117017244,0.2144969347277317
16005,0.0328,0.0001899900936919632,0.014720768534778994,0.07688619023547764,0.01943660312558222,0.1523854511100614
16010,0.006000000000000001,2.4948906643831232e-06,0.0020050116869441137,0.012173950037823126,0.000638390806312496,0.3761904761904762
16014,0.0034000000000000002,3.5756566193830395e-07,0.0012020431607797644,0.00920925013650023,0.000383851768740249,0.6538461538461539
16019,0.0096,8.584327117306485e-06,0.00472456319211112,0.04563616941614862,3.3871405910234666e-05,0.35726950354609927
16020,0.0148,1.0561047023299367e-05,0.0068499955123555445,0.05307001919196473,0.00024861639837552723,0.26641091219096336
16030,0.0014,3.5386659889896504e-07,0.0006006606425976724,0.004530636379614733,0.00015544002302766318,0.5238095238095238
16033,0.002,6.121288698203064e-09,0.0010015020326745727,0.015440730137040316,0.0,0.6727272727272727
16034,0.0044,6.0763992477495745e-06,0.0019045702065152437,0.005979897635405341,0.0002500882821730202,0.2736842105263158
16041,0.0006000000000000001,0.0,0.00030024016811047716,0.0035421455782342712,0.0,0.6666666666666666
16042,0.004000000000000001,1.427241719037133e-06,0.0019045702065152437,0.01967329162823371,7.071054938284486e-05,0.3526315789473684
16064,0.0132,1.0158340426239974e-05,0.004421662164313389,0.03207656912199415,0.0017948205560225474,0.25757575757575757
16067,0.014,4.66169642282195e-06,0.0049265987054252225,0.027326128623315366,0.004395138418507915,0.19591836734693877
16069,0.017400000000000002,4.353306022994475e-05,0.007560472284055875,0.03405297522264489,0.009089100487430547,0.13052631578947368
16070,0.013,1.7319248613978113e-05,0.005330913539993931,0.02037438388309337,0.0038231610104454737,0.22990915443745633
16073,0.0074,7.284600785920787e-06,0.0030105350056146563,0.022746954303305457,0.00039363613384723695,0.3935483870967742
16076,0.018600000000000002,3.1437333047205825e-05,0.006444458383373597,0.03427126562952908,0.0023790293596887015,0.23990384615384616
16078,0.0064,1.795375926642745e-06,0.002909891886128557,0.03536745640441294,0.00021323901414962044,0.4528735632183908
16079,0.0108,5.8001604436361325e-06,0.0035140536841118397,0.02053499751338673,0.0015511915680989086,0.34285714285714286
16083,0.019600000000000003,1.81901082547505e-05,0.007966909288418256,0.07377408707590762,0.0032546149115559287,0.43544303797468353
16088,0.034600000000000006,8.864092422216342e-05,0.01420594615039894,0.09080921117075434,0.009644342648851273,0.24609929078014184
16095,0.007200000000000001,3.368365807519217e-06,0.0030105350056146563,0.021524157375793905,0.0006895996675026027,0.34838709677419355
16098,0.008,5.8352675774451085e-06,0.0034133095173229933,0.0301128557078405,0.0006611356417144816,0.3764705882352941
16101,0.0126,1.1270249039587174e-05,0.004522608882781443,0.02553533794257035,0.00147795443527861,0.3101449275362319
16103,0.0132,1.4253660419094615e-05,0.005533192959340294,0.03854973913653059,0.0009092835155938116,0.2863636363636364
16105,0.0054,2.310587653495276e-06,0.0016033665244477024,0.006377227714494763,0.0006599745190363561,0.22794117647058823
16107,0.0678,0.00030783842578245156,0.026813087601515795,0.16924831872983023,0.03644584400583859,0.19350121376970547
16108,0.033400000000000006,8.660781324109554e-05,0.012459450055088084,0.08872183962734653,0.013999688775027783,0.2707841594544978
16112,0.003,1.0414798579981629e-06,0.0011017625556131172,0.003558173246646137,0.00031892059228606827,0.3333333333333333
16113,0.004600000000000001,2.8473920103983533e-07,0.0020050116869441137,0.023983676500539945,0.0008472587143680902,0.6285714285714286
16126,0.0006000000000000001,8.034191416391521e-08,0.00030024016811047716,0.0031259425362291995,5.464521193245572e-05,0.8333333333333334
16128,0.0026,3.968078376106497e-06,0.0012020431607797644,0.01065290951462991,8.386137126373131e-05,0.38461538461538464
16130,0.0006000000000000001,1.6100584000784613e-07,0.00020014008604940514,0.00021372686709952588,0.00011897478418630399,0.6666666666666666
16153,0.0036,1.3679938945792547e-06,0.0016033665244477024,0.011455211594770049,0.00017897500618096638,0.41911764705882354
16155,0.0054,8.342772194578395e-06,0.002608083650670334,0.01599804083880376,5.034756142715472e-05,0.2905982905982906
16159,0.0034000000000000002,3.340861494626308e-07,0.0017037476313173094,0.008258396793394327,0.0,0.5424836601307189
16167,0.0026,9.980251115028578e-07,0.0009012615859320672,0.0011895047223693164,0.00037281207385234615,0.4666666666666667
16172,0.0102,5.609684069801365e-06,0.005027646928883245,0.0235794995818294,0.00011739311771431728,0.2988235294117647
16177,0.0028,1.05744701135368e-06,0.0012020431607797644,0.006477110096416643,0.00040202935027179186,0.5128205128205128
16185,0.004600000000000001,3.748462958321804e-06,0.002205955063729892,0.009281818486131087,2.9952190251803434e-05,0.37549407114624506
16188,0.0182,3.224526481337529e-05,0.007966909288418256,0.022968330290157563,0.008653634701769145,0.2591772151898734
16194,0.0016,0.0,0.0008010412093559793,0.002705544968302385,5.5377056547065216e-05,0.8611111111111112
16197,0.0036,2.911469644000257e-07,0.0018041488566566954,0.014675374057233185,2.4426360021505148e-05,0.5847953216374269
16216,0.0026,0.0,0.0011017625556131172,0.00785714251452582,0.00015007694065238082,0.6666666666666666
16236,0.0008,0.0,0.0004003602842119758,0.002227625860556649,7.811088765944686e-05,0.4
16245,0.0036,1.7890079700092518e-06,0.0017037476313173094,0.009138606021320139,0.00015783738547321278,0.30718954248366015
16277,0.004000000000000001,0.0,0.0017037476313173094,0.009094083180362799,0.0007167910356512046,0.28104575163398693
16294,0.004600000000000001,1.7878067229790956e-06,0.002205955063729892,0.02320652977718539,0.0007063448443434896,0.25296442687747034
16300,0.001,5.406641744161255e-09,0.0005005004403684232,0.006536879146593852,2.029003542646597e-05,0.4666666666666667
16304,0.0054,5.084912667515806e-06,0.002205955063729892,0.017904305550499166,0.00030851769905141475,0.2766798418972332
16361,0.001,0.0,0.0005005004403684232,0.0008099252829086891,0.00022961970059373529,0.6666666666666666
16362,0.0032,2.3658352756408112e-07,0.001503005530002266,0.012071134534834209,0.00019491462573469954,0.5416666666666666
16372,0.003,1.8817861673059255e-06,0.0012020431607797644,0.008837958892659903,0.0001647610450179229,0.28205128205128205
16374,0.004200000000000001,3.5600394853965992e-06,0.0014026646419362798,0.0041593707273299505,0.0004269835165401015,0.29523809523809524
16377,0.0036,1.6166531849486192e-06,0.0017037476313173094,0.020758022793600527,0.00027771399147689317,0.47058823529411764
16388,0.0054,6.324207099878533e-06,0.002205955063729892,0.018524142733768678,0.0003994079581346302,0.36363636363636365
16392,0.005600000000000001,5.919950082112444e-06,0.0020050116869441137,0.015181622380785284,0.0006393447358303551,0.29523809523809524
16403,0.001,1.071225522185536e-07,0.00030024016811047716,0.0005531773336834647,8.952679968006732e-05,0.6666666666666666
16405,0.0048000000000000004,4.557011584878683e-06,0.0021054733039971296,0.021824310645458866,0.0003018304064713155,0.42857142857142855
16427,0.002,2.0888897682617956e-06,0.0010015020326745727,0.0011180462314355488,0.0009511186496939736,0.36363636363636365
16440,0.007600000000000001,7.094918988616133e-06,0.0032118818425515006,0.015536738626252617,0.001437751288575539,0.23295454545454544
16446,0.0034000000000000002,0.0,0.0013023438542085763,0.011244375903277173,0.0001667764267488139,0.5164835164835165
16464,0.003,2.371590927922018e-06,0.001503005530002266,0.005085563809064688,0.0008481735073253498,0.30833333333333335
16474,0.0012,0.0,0.0005005004403684232,0.006825787872518845,7.349964667179064e-05,0.5333333333333333
16475,0.0038,2.5848641257386073e-07,0.0019045702065152437,0.019417023790365213,0.0,0.4105263157894737
16480,0.0014,0.0,0.0007008408969193525,0.005790050139140584,7.015098952827979e-05,0.5357142857142857
16485,0.0068000000000000005,6.603215166091911e-06,0.003111198322395703,0.030385228206107725,0.0028553314443515217,0.35685483870967744
16491,0.001,0.0,0.0005005004403684232,0.00516846661098345,0.0,0.4
16493,0.0,0.0,0.0,0.0,0.0,0.0
16499,0.007200000000000001,3.0339567201383326e-06,0.0032118818425515006,0.024842835780513165,0.0006086254326747857,0.26325757575757575
16500,0.004000000000000001,5.023699431975884e-07,0.0019045702065152437,0.018363805404796745,8.59265673941248e-05,0.2789473684210526
16502,0.006200000000000001,1.01424003954147e-05,0.0030105350056146563,0.013624177657370461,0.0005758549524012563,0.18924731182795698
16503,0.0038,0.0,0.0016033665244477024,0.016385342038137296,0.00039109505569467657,0.45588235294117646
16506,0.0006000000000000001,0.0,0.00030024016811047716,0.0020946614360788963,0.0001473078435311367,0.8333333333333334
16507,0.004200000000000001,9.847317885605242e-07,0.0020050116869441137,0.022129558771450446,6.419611724310973e-05,0.5476190476190477
16508,0.0014,1.7568098563842794e-06,0.0005005004403684232,0.0010921830438658095,0.00015652366846059687,0.4666666666666667
16510,0.0016,2.5692227096268077e-07,0.0005005004403684232,0.0019303043431256762,0.00017288106271073304,0.4
16531,0.0112,1.2561109089613105e-05,0.004421662164313389,0.026646789469567767,0.0020291839150450024,0.38181818181818183
16536,0.0016,7.835617547048511e-07,0.0006006606425976724,0.004183812955458685,0.0001570773373921414,0.5238095238095238
16543,0.0028,5.848755557060215e-06,0.0013023438542085763,0.005207325915843355,0.00039334129540700904,0.46153846153846156
16547,0.0018,2.142451044371072e-07,0.0007008408969193525,0.0031428496471354456,0.00024205770580320695,0.5
16551,0.002,1.5379737854235197e-06,0.0009012615859320672,0.0034520926585435777,0.00037731512265292463,0.26666666666666666
16555,0.002,6.36711613065267e-09,0.0010015020326745727,0.01633630829784886,0.0,0.6
16558,0.0,0.0,0.0,0.0,0.0,0.0
16568,0.0034000000000000002,0.0,0.0012020431607797644,0.00851214475725034,0.0006595194377700093,0.3076923076923077
16582,0.0048000000000000004,6.144500632937753e-07,0.0018041488566566954,0.017978864962721018,0.0008938683951252659,0.391812865497076
16584,0.006200000000000001,1.9611518404520545e-06,0.002608083650670334,0.026486799672007646,0.00038032790400178865,0.4074074074074074
16585,0.0058000000000000005,6.268540942518023e-07,0.0023064569722013317,0.0235203869736408,0.0007395378011547832,0.40217391304347827
16601,0.0022,0.0,0.0009012615859320672,0.0037249047154740283,0.00039592782632701985,0.4444444444444444
16607,0.0118,2.3167154163949923e-05,0.005937996047684635,0.033945219474849006,0.003954043071004341,0.21694915254237288
16640,0.0014,1.1161175775391151e-07,0.0007008408969193525,0.011894431462122424,0.0,0.5714285714285714
16647,0.0018,9.727549443912643e-07,0.0009012615859320672,0.006846721394257443,0.00021950558314950963,0.37777777777777777
16652,0.0008,0.0,0.0004003602842119758,0.006136054430177762,0.0,1.0
16657,0.0006000000000000001,0.0,0.00030024016811047716,0.0028691269686520783,0.0,0.5
16668,0.0094,3.870246601934562e-06,0.004018078055767926,0.027588467881329685,0.0003944503735003943,0.23902439024390243
16679,0.004600000000000001,0.0,0.0020050116869441137,0.02157530560126654,0.0011246122178915608,0.3761904761904762
16689,0.005600000000000001,8.766577260730423e-07,0.0027086662147308704,0.025388095087993046,9.494397161242452e-05,0.3994708994708995
16690,0.051000000000000004,0.0001632931740386596,0.02229712827967889,0.14305660993127045,0.049990872426633436,0.20589837040760756
16691,0.0102,8.517730682660012e-06,0.00472456319211112,0.03162307735346705,0.00045448514249323317,0.21719858156028368
16695,0.0102,4.175524190282523e-07,0.0048255707952091775,0.05311680717409542,0.01769151942273144,0.4710884353741497
16697,0.005000000000000001,7.764814215634155e-06,0.0019045702065152437,0.009749017383709625,0.0020702650545169304,0.3368421052631579
16700,0.006000000000000001,3.0180503819098687e-06,0.0021054733039971296,0.009139324860064597,0.0006816390605492738,0.27705627705627706
16704,0.0044,2.4547899343221257e-06,0.0017037476313173094,0.014793106026825837,0.00045727465555077016,0.5228758169934641
16705,0.004000000000000001,2.9041096033727115e-06,0.0019045702065152437,0.01859967756146992,6.41258852215953e-05,0.3105263157894737
16707,0.0228,5.3472633180462406e-05,0.00878076760472113,0.06537238312368504,0.013947260490774044,0.27612330198537094
16709,0.006200000000000001,1.2910243053812836e-06,0.0028092689578591568,0.03210367800655407,0.00023901674541691026,0.4630541871921182
16711,0.0084,5.534314796766448e-06,0.0030105350056146563,0.01781168938580439,0.0010670210781236803,0.3634408602150538
16713,0.0086,6.061815710233935e-06,0.003917232689420347,0.01593705610898542,0.0048388456027718355,0.1935897435897436
16714,0.0004000000000000001,0.0,0.00020014008604940514,0.002111953954706581,0.0,1.0
16718,0.0026,1.0248057495574965e-06,0.0010015020326745727,0.008291061041578604,0.00010648021382349499,0.4
16719,0.007200000000000001,4.712690969026488e-06,0.002608083650670334,0.016970600466678296,0.0015476649048878758,0.358974358974359
16720,0.0008,0.0,0.0004003602842119758,0.00574195122854297,0.0,0.4
16741,0.0004000000000000001,0.0,0.00020014008604940514,0.000482461361439741,0.0,0.6666666666666666
16743,0.0012,0.0,0.0006006606425976724,0.00726671627882473,6.544923234023199e-05,0.7142857142857143
16746,0.002,3.4169543620761016e-06,0.0010015020326745727,0.0016179732908467581,0.0007306022498950057,0.2
16758,0.0084,1.4292978727857372e-05,0.004018078055767926,0.03536240568065638,0.0010122520498365025,0.27439024390243905
16761,0.0018,4.6103506045299405e-07,0.0007008408969193525,0.005611005828903422,0.00029563768061680506,0.42857142857142855
16766,0.006600000000000001,8.209709542687465e-06,0.0027086662147308704,0.014297820766335671,0.004842219595102421,0.2275132275132275
16772,0.025800000000000003,0.0001079235141679116,0.00990197068826526,0.05576777218400332,0.015068648538367637,0.15996701710987427
16774,0.0014,2.907612131646455e-07,0.0005005004403684232,0.0014927613032434377,8.168256080812674e-05,0.4666666666666667
16783,0.0222,0.00025431343539966585,0.01082117376778835,0.015679720334174047,0.0071414281066799765,0.08757355486327449
16812,0.024200000000000003,4.572694369159303e-05,0.0093920241763914,0.0403890766735434,0.002770191230345668,0.31022649279341113
16815,0.0032,6.188321028960191e-07,0.001503005530002266,0.014152343065335603,0.00034742652651988104,0.5833333333333334
16817,0.002,2.610049486594917e-07,0.0009012615859320672,0.00909970179517445,0.0002862257209220139,0.4666666666666667
16822,0.003,1.258860128738838e-07,0.0014026646419362798,0.018846523230581506,0.00023682937890163048,0.5904761904761905
16838,0.001,0.0,0.0004003602842119758,0.0035002310360839235,5.5392569741868404e-05,0.6
16852,0.0008,0.0,0.0004003602842119758,0.007589351513605508,0.0,0.5
16858,0.006600000000000001,0.0,0.003111198322395703,0.02624694000704522,0.0001415574194904291,0.25201612903225806
16864,0.0102,5.664403681185321e-06,0.0043207357284889,0.04519453542011591,0.005469894738018187,0.3403805496828753
16872,0.005200000000000001,1.873632053881547e-07,0.0021054733039971296,0.026228908482577685,0.00032983499795401,0.48484848484848486
16878,0.0018,0.0,0.0009012615859320672,0.013307306900744536,4.678942518479849e-05,0.6222222222222222
16881,0.0036,1.6682907792784215e-07,0.0018041488566566954,0.018532306441073933,0.0005333072979814298,0.49122807017543857
16883,0.0058000000000000005,9.349687648390824e-08,0.0027086662147308704,0.04511704664746144,0.0011983179482081816,0.626984126984127
16901,0.0064,0.0,0.0028092689578591568,0.015451137117141505,0.0004339404049801171,0.2660098522167488
16903,0.0078000000000000005,2.9903938472291474e-06,0.0034133095173229933,0.03652104104822325,0.0003576303323986808,0.36470588235294116
16905,0.007200000000000001,3.2900305716815035e-06,0.0032118818425515006,0.031211387653913663,0.00048296585542448474,0.32954545454545453
16916,0.0018,0.0,0.0006006606425976724,0.0037529945819099308,0.0006577339966254294,0.3333333333333333
16917,0.0106,2.4867639199169578e-06,0.00381640757517987,0.0180263949607629,0.002706896963330918,0.24156545209176788
16921,0.0012,5.570372715364787e-07,0.0005005004403684232,0.002663519729313314,0.00016621492737298757,0.5333333333333333
16931,0.0044,9.167983757565176e-07,0.0021054733039971296,0.02741027061006698,0.00011283116423590892,0.4675324675324675
16936,0.015,2.3639698558998104e-05,0.005330913539993931,0.03926580428867697,0.002421971202947945,0.2774283717679944
16943,0.0016,1.8800007914356157e-06,0.0005005004403684232,0.0009294701794080795,0.0004065210920661178,0.4
16946,0.0024000000000000002,1.260834418550475e-06,0.0011017625556131172,0.009920919903451213,0.00012107297150496562,0.3939393939393939
16947,0.004600000000000001,6.547769156830322e-07,0.0023064569722013317,0.028069496477807373,0.0,0.43478260869565216
16948,0.0108,4.1150784634078295e-06,0.004522608882781443,0.04179948708081489,0.0010607644927991093,0.3458937198067633
16953,0.0134,1.6388261225795708e-05,0.0056343631910062975,0.03905668956859622,0.0014651374693888312,0.262531328320802
16963,0.018400000000000003,2.6326855751474184e-05,0.007966909288418256,0.07019925930545111,0.0011544806964901445,0.24018987341772152
16967,0.0144,2.1962316044853835e-05,0.0048255707952091775,0.02505632543823622,0.00307412500412158,0.19472789115646258
16970,0.024800000000000003,6.239311644957224e-05,0.011025668357958152,0.08642822423793635,0.0031797222524475497,0.21017514595496248
16971,0.0012,0.0,0.0006006606425976724,0.009777967526537697,0.0,0.9523809523809523
16973,0.0144,1.2007883734123216e-05,0.005432043077715942,0.044317231664141546,0.0017563391185315036,0.28754208754208754
16974,0.0064,2.065007416410028e-06,0.002205955063729892,0.021503727522463982,0.001566923728569188,0.5059288537549407
16979,0.0074,3.527126117922761e-07,0.0035140536841118397,0.04284312436848091,0.0004885384906430891,0.5444444444444444
16980,0.0028,4.8289649570804057e-08,0.0014026646419362798,0.018589142886628333,0.0,0.5142857142857142
16982,0.0014,0.0,0.0007008408969193525,0.008347773908384532,0.0,0.6428571428571429
16984,0.001,0.0,0.0004003602842119758,0.002793409174652494,5.7924225461943924e-05,0.7
16987,0.0146,8.924466440238264e-06,0.006444458383373597,0.06138673725816397,0.004876959280113678,0.3923076923076923
16992,0.0096,8.081281425850366e-06,0.004219829569195754,0.04376728186319061,0.001715427086828428,0.3997785160575858
16994,0.0082,8.931586252141442e-06,0.0034133095173229933,0.01845725098943312,0.004747280661337779,0.3042016806722689
16997,0.0064,1.0542881102281102e-05,0.003111198322395703,0.03009540242208013,0.0011166439376701712,0.4173387096774194
17001,0.0044,4.26916925302386e-06,0.0021054733039971296,0.014693192944846306,0.00011833188592672809,0.19047619047619047
17004,0.0028,4.383376002004525e-06,0.0014026646419362798,0.005984697231063384,0.000945325136488152,0.37142857142857144
17005,0.0044,6.807947200851251e-07,0.0016033665244477024,0.017364288283435177,0.00034770281102612123,0.4485294117647059
17006,0.012,1.3384662688392858e-05,0.004623575890008391,0.04085618659250452,0.001461388301269293,0.42738205365402404
17007,0.020800000000000003,1.9481027325679302e-05,0.0093920241763914,0.0822766884566027,0.010796067142210387,0.32166552276366966
17008,0.0068000000000000005,3.7996129722506566e-06,0.002909891886128557,0.017579374532418653,0.0003707305531351191,0.27586206896551724
17011,0.0126,6.326594818891872e-06,0.0052298043400367256,0.05339438084031961,0.006014593413216368,0.5195936139332366
17012,0.0194,3.50687512483392e-05,0.008577179863067164,0.06453189169206658,0.008062900201767071,0.3170998632010944
17014,0.008,1.7879665068019745e-06,0.0034133095173229933,0.036716256722082105,0.0004468537523333371,0.3915966386554622
17020,0.0034000000000000002,7.286827294486167e-07,0.0016033665244477024,0.018976546656079153,0.00010386927316678328,0.5588235294117647
17022,0.006600000000000001,7.662246721526826e-07,0.0028092689578591568,0.031452007468303386,0.0005010789731189727,0.5197044334975369
17025,0.003,2.6136975273342503e-06,0.001503005530002266,0.006436348255887873,0.0006909981419430377,0.23333333333333334
17031,0.0008,0.0,0.0004003602842119758,0.004834888057410563,0.0006329002570473835,0.5
17032,0.0096,2.1420533488269057e-06,0.0043207357284889,0.05127546348954036,0.0011885399240110332,0.4439746300211416
17035,0.0138,2.0848411331885864e-05,0.0057355537788557065,0.044859700807268074,0.0008445060461055245,0.2558983666061706
17050,0.006600000000000001,3.1729177210678392e-06,0.0025075212596070706,0.02457271198362576,0.002578036955175233,0.44
17058,0.0014,1.5484785393335717e-08,0.0007008408969193525,0.008666865432801459,0.0,0.5357142857142857
17064,0.0008,0.0,0.00030024016811047716,0.0021658703235987124,7.162713103447613e-05,0.5
17069,0.032,3.509358835194794e-05,0.014514776887008196,0.12298994395716864,0.021228118842463103,0.31837606837606836
17071,0.0008,0.0,0.0004003602842119758,0.008311072292562617,0.0,0.7
17073,0.0058000000000000005,7.028241836052312e-06,0.0024069790354728227,0.012835259085615447,0.0004736823181016816,0.20666666666666667
17081,0.008,7.654201802830653e-06,0.0021054733039971296,0.008159394779646141,0.0014642750583319123,0.22077922077922077
17087,0.031000000000000003,5.725694094805168e-05,0.01266460798257718,0.1008110948465809,0.02305395017096507,0.31492063492063493
17088,0.0006000000000000001,0.0,0.00030024016811047716,0.0004106719081096886,0.00010358009769103824,0.5
17089,0.0016,0.0,0.0006006606425976724,0.002670357638978717,0.00023829483607930692,0.6190476190476191
17091,0.005200000000000001,2.559973944327673e-06,0.0024069790354728227,0.02207048892795028,0.00012206684952810833,0.34
17092,0.0044,2.5670993954784076e-06,0.0020050116869441137,0.024774277066393072,4.5184719465722004e-05,0.40476190476190477
17103,0.0086,1.4544285064049722e-06,0.00381640757517987,0.027167573689716003,0.0005537931789835164,0.3468286099865047
17109,0.0146,2.789610896820357e-05,0.006444458383373597,0.048106685181099354,0.005311276089005573,0.32067307692307695
17128,0.013600000000000001,1.3336366405512877e-05,0.006140519815011292,0.03899459580728776,0.00036209948656619137,0.18826017979904813
17131,0.0028,0.0,0.0011017625556131172,0.012540116906611241,0.00012979179048318832,0.5757575757575758
17133,0.016,2.483348550674068e-05,0.007458914231821989,0.06148621598503162,0.000548642262464777,0.26954954954954957
17141,0.024800000000000003,5.4784301505139366e-05,0.011025668357958152,0.0807905466152401,0.007578672210394355,0.2822351959966639
17143,0.0004000000000000001,0.0,0.00020014008604940514,0.0005338346239540503,0.00010501615350755594,0.6666666666666666
17147,0.0126,2.1296805920719416e-05,0.0049265987054252225,0.042920021916952364,0.0019858247408481773,0.26857142857142857
17148,0.0132,1.6599445491384025e-05,0.004623575890008391,0.019792547231738438,0.0010964122148043633,0.22294172062904719
17149,0.006600000000000001,3.409535479345553e-06,0.002909891886128557,0.02539920029832882,0.00043260221251413967,0.33793103448275863
17152,0.005600000000000001,3.190111136490018e-06,0.0023064569722013317,0.020308124639588372,0.00029764604522685095,0.37318840579710144
17156,0.0088,1.298110952976691e-06,0.0032118818425515006,0.016873119618341984,0.0011578445237444765,0.19128787878787878
17158,0.0078000000000000005,2.5454581944159522e-06,0.003312585572165627,0.0325388893921079,0.001617002286574251,0.39037433155080214
17162,0.016800000000000002,2.562034689971863e-05,0.006545812042094257,0.03535736943955703,0.0026152909995613817,0.1641025641025641
17170,0.0116,1.1876856831393402e-06,0.004623575890008391,0.04622930257803737,0.0016308395660408234,0.5124884366327475
17174,0.003,2.8894185237759044e-07,0.0014026646419362798,0.01748894870307952,7.273600996874794e-05,0.44761904761904764
17175,0.0332,6.620675205135948e-05,0.013486071638712405,0.06870150563467634,0.0137900188521512,0.18348109078666816
17176,0.0132,1.780757361564287e-06,0.004118943680324838,0.02089424207513699,0.0015401965142943976,0.2229965156794425
17181,0.0102,1.710597681102712e-05,0.004522608882781443,0.030056446578216506,0.0005377013526449526,0.23285024154589373
17185,0.0164,1.1378743082414333e-05,0.006241812275992631,0.04309980222830291,0.004273331334111799,0.35125448028673834
17194,0.0064,6.667659942138862e-07,0.0027086662147308704,0.025109979987386923,0.000759110537572887,0.3544973544973545
17196,0.004200000000000001,2.9866787773315784e-06,0.0018041488566566954,0.016373370408061975,0.0004246283427127949,0.3742690058479532
17197,0.024200000000000003,2.5542856766534177e-05,0.01000402181482829,0.08070674482579716,0.004939742143194847,0.3115151515151515
17200,0.002,0.0,0.0007008408969193525,0.002971959880744904,0.0002187533592366887,0.2857142857142857
17203,0.0204,7.243677799899201e-05,0.009086303341362845,0.0645462933722192,0.003436086050485547,0.26373626373626374
17205,0.0054,2.712669954638341e-06,0.002205955063729892,0.02734691529289288,0.0016506121749911853,0.36363636363636365
17206,0.0102,5.312079730467658e-06,0.00381640757517987,0.03189770872684468,0.0017847564658687886,0.3643724696356275
17209,0.007200000000000001,3.5460575826374066e-06,0.003111198322395703,0.018191654416396957,0.0007046860845076197,0.3407258064516129
17210,0.005200000000000001,7.749725098518639e-07,0.0024069790354728227,0.025791655123493466,5.840548959722255e-05,0.4633333333333333
17213,0.004200000000000001,3.5140203325001363e-07,0.0019045702065152437,0.016427645403339804,0.0012619697601225933,0.48947368421052634
17239,0.0036,6.361142035259198e-08,0.0018041488566566954,0.017912608890940422,0.0,0.4327485380116959
17252,0.004200000000000001,1.0189620075735508e-06,0.0020050116869441137,0.01989340584604053,0.00042849088897169423,0.38571428571428573
17253,0.0008,0.0,0.00030024016811047716,0.00037525162994341606,0.000287282053312869,0.5
17255,0.0098,3.1382404393147245e-06,0.00472456319211112,0.03704737532798803,0.00043524636679311056,0.3058510638297872
17261,0.016800000000000002,3.3290889473426785e-05,0.007763649814764628,0.04217048401940898,0.011591004819123174,0.2271062271062271
17265,0.0018,2.5029596335681277e-07,0.0008010412093559793,0.009299612537066418,7.630341359572907e-05,0.5277777777777778
17268,0.0026,2.019453903405245e-06,0.0012020431607797644,0.01328457149909601,0.00010560045819430527,0.48717948717948717
17277,0.0096,6.493598578009193e-06,0.004018078055767926,0.030009183547646572,0.0015350073675178618,0.44146341463414634
17281,0.007600000000000001,8.138911141795437e-07,0.0035140536841118397,0.025561435724165218,0.001012125084029113,0.38571428571428573
17291,0.0036,4.841636056260316e-07,0.0014026646419362798,0.0171646213921347,0.00022767371847387736,0.580952380952381
17296,0.0036,1.042152232530226e-08,0.0016033665244477024,0.01958670468698921,0.00021693552620464368,0.5
17299,0.0008,4.4991471931792514e-07,0.00030024016811047716,0.00033792270259908833,0.00015834015538519763,0.5
17301,0.0016,1.8210833877154115e-07,0.0007008408969193525,0.00993359260636776,4.6858809485129634e-05,0.6785714285714286
17304,0.0012,0.0,0.0004003602842119758,0.0034644814930697414,0.0002922127971518607,0.6
17322,0.0004000000000000001,0.0,0.00010006003201601388,6.462914435254215e-05,0.000210267685356596,1.0
17333,0.0084,2.5645070035410155e-06,0.002909891886128557,0.015210563337353981,0.0004567760855715908,0.34942528735632183
17335,0.0154,3.758989990095537e-05,0.005937996047684635,0.04326228782730099,0.0027812940407990114,0.2536723163841808
17336,0.0022,0.0,0.0008010412093559793,0.0035748660419061707,0.00039553733982529025,0.3888888888888889
17337,0.0032,7.809310582191172e-07,0.0012020431607797644,0.010906599177539316,0.0004011585411832357,0.358974358974359
17338,0.006000000000000001,4.475788639202999e-06,0.0019045702065152437,0.010909217895356985,0.0008149168419747879,0.26842105263157895
17340,0.004600000000000001,4.478305817166141e-07,0.0018041488566566954,0.018488233852140202,0.0007934042970953757,0.6432748538011696
17341,0.0044,3.2668162026488098e-06,0.0020050116869441137,0.015126977828183424,0.00016762751218061427,0.5285714285714286
17348,0.009,6.17157549848479e-06,0.003312585572165627,0.025039509102241706,0.0011476987994517612,0.26559714795008915
17349,0.035,2.7977440168885637e-05,0.014617762257648659,0.12115448771153406,0.008167970808473712,0.31475095785440615
17353,0.0018,0.0,0.0008010412093559793,0.004909515903812002,4.571042735326532e-05,0.3333333333333333
17354,0.0034000000000000002,0.0,0.001503005530002266,0.01908523468915846,0.00043237973991354947,0.5083333333333333
17356,0.001,0.0,0.00030024016811047716,0.002454765590200232,0.0001523270015174503,0.8333333333333334
17364,0.008,3.578627938641762e-06,0.003312585572165627,0.030038040743897102,0.0028867910951226395,0.42602495543672014
17369,0.005600000000000001,8.840770569941824e-06,0.002608083650670334,0.01593906818461722,0.0001751117018459977,0.19658119658119658
17380,0.0014,0.0,0.0007008408969193525,0.0009695614269421568,0.00035040513376152066,0.32142857142857145
17382,0.0026,5.578748684168472e-07,0.0013023438542085763,0.016849764169773646,0.0006127757826793263,0.5384615384615384
17385,0.0008,0.0,0.00020014008604940514,0.00018549541192984347,0.00018319061643449043,1.0
17399,0.005600000000000001,4.834503448036203e-06,0.0025075212596070706,0.020152926844723962,0.002517221266085695,0.48615384615384616
17400,0.0018,4.938273683834032e-08,0.0008010412093559793,0.005248146648821268,0.0007792625910368088,0.5555555555555556
17409,0.0026,1.7139608354968576e-06,0.0009012615859320672,0.002905140943640439,0.00027074286550829256,0.4444444444444444
17447,0.0016,8.301997796937904e-07,0.0007008408969193525,0.0028497035887779226,0.0009041983075586899,0.42857142857142855
17449,0.004600000000000001,1.4810575722392662e-06,0.0020050116869441137,0.02345210018655465,0.0005076216474129081,0.4714285714285714
17450,0.0126,2.1156995936414195e-05,0.0049265987054252225,0.028456748421495478,0.0012580066469563538,0.2236734693877551
17451,0.0036,9.972831371151968e-07,0.0013023438542085763,0.010561306710220118,0.0003128565650167433,0.3626373626373626
17468,0.0158,2.6088089587166653e-05,0.007255859522650399,0.02559727336184545,0.009351758952461148,0.18531202435312025
17471,0.0182,2.0009026766779705e-05,0.007458914231821989,0.0511465221340492,0.0033427783385336614,0.3589189189189189
17510,0.0004000000000000001,0.0,0.00010006003201601388,0.00011408934339889043,7.84121107738104e-05,1.0
17517,0.0012,0.0,0.0005005004403684232,0.006058475025852161,7.84121107738104e-05,0.5333333333333333
17518,0.0132,1.2796786046734925e-05,0.005533192959340294,0.021973939511102075,0.002178861657933117,0.31103896103896106
17520,0.007200000000000001,5.483103341047182e-06,0.0024069790354728227,0.015057228338006615,0.0005493488535901718,0.30666666666666664
17528,0.0134,2.5218434062138644e-05,0.005533192959340294,0.021265324355294945,0.002588488212344482,0.2857142857142857
17530,0.0128,1.433387914761674e-05,0.006343125130060079,0.03900864001083083,0.002182854579722572,0.2509920634920635
17541,0.0048000000000000004,2.5745788919725358e-06,0.0021054733039971296,0.013357363215438612,0.00020103851383480398,0.4588744588744589
17558,0.0034000000000000002,5.232936675876343e-06,0.0014026646419362798,0.0072584178770594265,0.0005921669681616064,0.2857142857142857
17560,0.0082,2.0026082540803396e-06,0.003614818078621962,0.03687246942168504,0.0002285935933726092,0.27927927927927926
17563,0.0012,7.498578655298753e-07,0.0005005004403684232,0.0031910997150935098,5.691597193716567e-05,0.5333333333333333
17564,0.0134,1.3649044881767205e-05,0.005432043077715942,0.04533564501641764,0.0009679854941419161,0.28888888888888886
17571,0.017800000000000003,3.429215922094031e-05,0.007052886632642474,0.04589004754632468,0.0017570092786848399,0.2800804828973843
17574,0.002,5.903547466954357e-07,0.0006006606425976724,0.002228816416239685,0.0004277766561566243,0.47619047619047616
17579,0.0032,7.008078435436862e-07,0.0016033665244477024,0.014116939048634949,0.0,0.4117647058823529
17580,0.0032,3.150075449514294e-06,0.0014026646419362798,0.012569147268064691,5.2525796519851476e-05,0.38095238095238093
17584,0.0034000000000000002,6.402167899900322e-07,0.0017037476313173094,0.016179368430157638,1.218974195962689e-05,0.48366013071895425
17606,0.0044,3.866671487079674e-06,0.0017037476313173094,0.01254830109287398,0.0006448153850144438,0.35294117647058826
17609,0.006000000000000001,3.1843093168726664e-06,0.0025075212596070706,0.021486015028096984,0.0010624555900504867,0.38153846153846155
17615,0.005000000000000001,6.704236942280405e-07,0.0020050116869441137,0.015303574011262002,0.0004770686271516905,0.3761904761904762
17621,0.0182,2.8816371715067624e-05,0.007662050809639442,0.06308698818434545,0.001607249798929729,0.2576896787423103
17625,0.0148,1.1828885171706435e-05,0.006241812275992631,0.05818656269631883,0.006045423472451879,0.35893497183819767
17627,0.0068000000000000005,7.876918886087155e-06,0.0025075212596070706,0.01582637727900438,0.0008167895356448902,0.3630769230769231
17634,0.001,0.0,0.0005005004403684232,0.006560423238345886,0.00012152896515609999,0.6
17635,0.005600000000000001,3.629567479578811e-06,0.0025075212596070706,0.028663688424131233,0.00021912220966456303,0.48
17641,0.0082,1.2035404580808956e-05,0.0035140536841118397,0.024879116262379927,0.0014915113052005754,0.3746031746031746
17642,0.0094,4.4725877002746e-06,0.00381640757517987,0.04125540962968588,0.0022292960321015766,0.4183535762483131
17644,0.0148,2.4697215661828925e-05,0.006241812275992631,0.05214548425376024,0.0009175822338770523,0.3456221198156682
17646,0.0096,4.739103898114015e-06,0.0048255707952091775,0.054897338646121854,0.00020149027473271273,0.4685374149659864
17650,0.0098,2.6209003646599863e-06,0.004118943680324838,0.04336778108682651,0.000796099769671901,0.4610917537746806
17651,0.006600000000000001,3.024475988564459e-06,0.0028092689578591568,0.021638655452262772,0.001097663801208492,0.29802955665024633
17652,0.0092,3.559783569391205e-06,0.004421662164313389,0.05303006025072941,0.00015670409960575856,0.43737373737373736
17653,0.0032,2.651454935345703e-06,0.0014026646419362798,0.00975530896847182,0.0006950348292181367,0.3619047619047619
17657,0.0088,3.5426508941111565e-06,0.003917232689420347,0.03161850054123526,0.001014155008389275,0.29743589743589743
17659,0.0128,7.977151560272899e-06,0.005432043077715942,0.04879235461489488,0.0010941469614101774,0.36498316498316496
17660,0.004000000000000001,2.9666158947007804e-07,0.0014026646419362798,0.012252622682884056,0.0004997376847130189,0.5714285714285714
17661,0.0044,0.0,0.0018041488566566954,0.020667897058429512,0.00046528622617984957,0.40350877192982454
17662,0.005600000000000001,3.936420262275854e-06,0.0020050116869441137,0.006905673833232356,0.0012835714533639291,0.24761904761904763
17665,0.0078000000000000005,9.303066657537233e-06,0.0035140536841118397,0.02110800247552597,0.004906500292502887,0.25555555555555554
17671,0.0064,0.0,0.0027086662147308704,0.020202953633511034,0.0004496462931559568,0.3412698412698413
17676,0.006600000000000001,1.3284571624747011e-05,0.002608083650670334,0.0161714645485996,0.0005482206728518007,0.245014245014245
17677,0.0034000000000000002,1.3626145388486098e-06,0.001503005530002266,0.009757827115132102,0.0007068368021759059,0.48333333333333334
17678,0.0094,6.1676965018909035e-06,0.003917232689420347,0.03208465532131265,0.0025340094315545497,0.37051282051282053
17679,0.0082,7.828108140194906e-06,0.003111198322395703,0.024795258656827177,0.001047161917328637,0.3024193548387097
17680,0.0262,8.357460141451745e-05,0.01082117376778835,0.06842350638627985,0.019135964161023387,0.21789546555901695
17681,0.0058000000000000005,5.116256334615787e-07,0.0027086662147308704,0.03269416848766081,5.503054412723683e-05,0.5370370370370371
17682,0.004000000000000001,2.891333264127168e-07,0.0019045702065152437,0.02509542303453163,0.0007599181895581265,0.4368421052631579
17685,0.0116,8.309155853256822e-06,0.0048255707952091775,0.03719441617967956,0.0017812631709263516,0.3112244897959184
17694,0.026400000000000003,6.152138558699516e-05,0.011127946677811584,0.09184329853601397,0.006048432703521013,0.2936936936936937
17696,0.004600000000000001,5.264933100991613e-06,0.001503005530002266,0.005612911359793176,0.0007031237897429959,0.31666666666666665
17698,0.005000000000000001,5.119897807229882e-07,0.0024069790354728227,0.020261205424796404,2.0288299161494113e-05,0.28
17702,0.004600000000000001,3.085524554120895e-06,0.0020050116869441137,0.018324464191102022,0.000186313790409854,0.3380952380952381
17707,0.0032,1.1034335838354032e-06,0.0016033665244477024,0.02262343780414935,0.0,0.40441176470588236
17715,0.0016,0.0,0.0008010412093559793,0.011337996268513461,0.0,0.5833333333333334
17717,0.001,2.1834915026885705e-07,0.0005005004403684232,0.0034524573992158296,0.0,0.5333333333333333
17724,0.002,2.1401323744096314e-07,0.0010015020326745727,0.013384949817079998,0.0,0.4909090909090909
17725,0.004600000000000001,6.777578248822785e-07,0.0023064569722013317,0.03163933309055571,0.0,0.4492753623188406
17726,0.0034000000000000002,0.0,0.0017037476313173094,0.023070039564674863,0.0,0.46405228758169936
17727,0.005000000000000001,1.985833530339277e-06,0.0021054733039971296,0.018442264393501717,0.000483916315391269,0.3463203463203463
17729,0.013,2.5848518622382396e-05,0.006241812275992631,0.03657437656118977,0.0025097953482440378,0.18381976446492576
17730,0.0024000000000000002,0.0,0.0011017625556131172,0.01213068015361849,1.9640970296118322e-05,0.42424242424242425
17737,0.0006000000000000001,2.9215241514150985e-08,0.00030024016811047716,0.0030634197908594677,2.6455676584204667e-05,0.6666666666666666
17740,0.006600000000000001,7.740570968827479e-06,0.003111198322395703,0.02899316371690683,0.00010850957035859262,0.3165322580645161
17744,0.0024000000000000002,0.0,0.0012020431607797644,0.023704445456014762,0.0,0.5897435897435898
17746,0.0002,0.0,0.00010006003201601388,0.0028154095075754258,0.0,1.0
17752,0.0024000000000000002,1.6621670464372508e-08,0.0012020431607797644,0.01599929335461728,0.00033290969044884506,0.6153846153846154
17761,0.0014,0.0,0.0007008408969193525,0.007001584776158563,0.0,0.5
17770,0.0048000000000000004,2.802570627145771e-06,0.0021054733039971296,0.019300011819639876,0.0004917749481758163,0.329004329004329
17773,0.005200000000000001,3.03914337887306e-06,0.0020050116869441137,0.012753413888979388,0.0003884390546265048,0.32857142857142857
17795,0.0034000000000000002,0.0,0.0016033665244477024,0.024012095177175556,0.00011381165786277317,0.5294117647058824
17797,0.004600000000000001,5.763469307672038e-06,0.002205955063729892,0.02502514570717013,0.00016150596210679,0.37549407114624506
17853,0.0018,6.820135824581247e-07,0.0007008408969193525,0.0026539314023523095,0.0016686971539645098,0.39285714285714285
17857,0.0004000000000000001,7.141503481236908e-09,0.00020014008604940514,0.0030499094883820275,0.0,0.6666666666666666
17859,0.0194,1.865258512963812e-05,0.007357376646748959,0.05651538421185154,0.011888274962687037,0.3587560162902629
17863,0.027800000000000002,0.00011777594248623961,0.011127946677811584,0.06155922881594028,0.006849652919584736,0.16773136773136774
17865,0.0102,1.1570530750292104e-05,0.004623575890008391,0.04132384118158858,0.00707370498452431,0.38482886216466233
17872,0.008,3.5286015629653824e-06,0.0030105350056146563,0.015512137065009254,0.0007956426960287979,0.34408602150537637
17874,0.034600000000000006,0.00010187779226840264,0.014720768534778994,0.11438192893413568,0.02469637743731164,0.2807746811525744
17876,0.0146,2.5215632591958056e-05,0.006241812275992631,0.04257273191402626,0.006297098625078146,0.27035330261136714
17877,0.009,1.5575077772639256e-05,0.0043207357284889,0.017643297670724027,0.0040980803390722005,0.1321353065539112
17879,0.0036,1.1702545687150372e-06,0.0011017625556131172,0.00525077076472273,0.0004102229955694382,0.36363636363636365
17880,0.0038,3.897386711766758e-06,0.0018041488566566954,0.00754683567143003,0.001759331634791614,0.24561403508771928
17882,0.0082,1.6584806938809331e-06,0.004018078055767926,0.036305521758495204,0.00020216720632842847,0.47804878048780486
17883,0.0036,2.0493856981768963e-06,0.0016033665244477024,0.014150098351083863,0.00014243562700343463,0.3014705882352941
17885,0.0322,7.108860938828523e-05,0.013383315819992747,0.09540337182503174,0.0238871728688694,0.2608794714057872
17886,0.0016,0.0,0.0005005004403684232,0.003967802909778453,0.00039078200365806886,0.4666666666666667
17887,0.0116,6.643681696457226e-06,0.005027646928883245,0.04856698694789931,0.0010575437290585602,0.3325490196078431
17889,0.0034000000000000002,0.0,0.0012020431607797644,0.006940729315219919,0.00039291076537862474,0.3717948717948718
17891,0.0024000000000000002,2.1343254879068205e-07,0.0010015020326745727,0.011876801692700459,0.00011581499558935846,0.509090909090909
17893,0.0014,0.0,0.0007008408969193525,0.006794068505276078,0.0,0.42857142857142855
17894,0.0032,0.0,0.0013023438542085763,0.007637951407950127,0.00016896354841342996,0.31868131868131866
17905,0.0038,2.8010753692864603e-06,0.0019045702065152437,0.01377790701780808,0.0006994176211697003,0.2894736842105263
17908,0.001,1.6182545410635853e-07,0.0005005004403684232,0.007548325252306937,0.0,0.5333333333333333
17915,0.0408,0.00013746978353821048,0.01637171745477395,0.1251912993066968,0.00633330281445537,0.20512230657158192
17919,0.0048000000000000004,0.0,0.0023064569722013317,0.01789105761122013,0.00034193726741703215,0.2971014492753623
17927,0.021800000000000003,6.411658305242414e-05,0.0093920241763914,0.0771151652086539,0.006073008623411515,0.24982841455044613
17928,0.0082,2.1112900782877805e-06,0.004018078055767926,0.04065399145221765,5.8385226417276195e-05,0.4682926829268293
17929,0.0188,2.055374695452399e-06,0.007255859522650399,0.07430801418373664,0.013590192845175344,0.4836377473363775
17937,0.011,1.1176462744434323e-05,0.004018078055767926,0.02306609064935817,0.0012404787757339785,0.2548780487804878
17940,0.0044,1.2306144625195159e-06,0.001503005530002266,0.01134408964538829,0.001084466766325595,0.425
17946,0.024800000000000003,2.147313300801614e-05,0.010412432609995692,0.062470883250924855,0.0030836398681682786,0.23861090365944734
17947,0.0106,6.336882770656341e-06,0.00381640757517987,0.02295146898613653,0.0009593602777868915,0.3697705802968961
17950,0.005000000000000001,4.4571080430570445e-07,0.0024069790354728227,0.030352713428593785,3.472425197996009e-05,0.44333333333333336
17952,0.0032,1.1989832257461237e-06,0.001503005530002266,0.019472380252341884,2.2634570452799365e-05,0.5083333333333333
17955,0.0018,3.354034181616942e-07,0.0009012615859320672,0.013089788108185833,0.0,0.4888888888888889
17959,0.0008,0.0,0.0004003602842119758,0.0029462722065176916,0.0,0.6
17965,0.0096,2.560210197996717e-06,0.0030105350056146563,0.013437256501596537,0.001462862882612785,0.3225806451612903
17966,0.005000000000000001,0.0,0.0021054733039971296,0.016337467160984904,0.000803141661092493,0.29004329004329005
17968,0.003,0.0,0.0011017625556131172,0.010576505024336911,0.00045625805157454137,0.42424242424242425
17969,0.0048000000000000004,2.0400311265840778e-07,0.0019045702065152437,0.01786530694735525,0.0006229217542870455,0.4368421052631579
17972,0.0044,2.400742081577242e-06,0.0019045702065152437,0.020962886722760327,0.0003933958189694674,0.42105263157894735
17973,0.0036,0.0,0.001503005530002266,0.011876127924800514,0.0001558082776867254,0.39166666666666666
17974,0.008,3.2514302439364653e-06,0.003614818078621962,0.03265096900703511,0.0010909481941334086,0.36786786786786785
17976,0.0086,7.410451012785474e-06,0.0035140536841118397,0.02040351543981762,0.0007425366338926878,0.3349206349206349
17977,0.0132,2.0610013035138924e-05,0.005432043077715942,0.040815132610085944,0.0013981284508512173,0.3090909090909091
17982,0.0124,1.1670614160376085e-05,0.004421662164313389,0.034837535580032886,0.001579648204993676,0.30404040404040406
17983,0.006000000000000001,0.0,0.0021054733039971296,0.011167190667182969,0.0008492290978479091,0.39826839826839827
17986,0.004200000000000001,0.0,0.0018041488566566954,0.01092749069277018,0.0002437360141356469,0.2222222222222222
17987,0.0096,3.3710147340236266e-06,0.003917232689420347,0.03574331000097533,0.002263010727661966,0.3974358974358974
17990,0.0026,0.0,0.0007008408969193525,0.0008663174476597826,0.0005825355888394497,0.6785714285714286
17991,0.0048000000000000004,2.7148245661892e-06,0.0014026646419362798,0.006016281968910957,0.0011247532490841262,0.4666666666666667
17992,0.0036,8.251641041621492e-07,0.0014026646419362798,0.00841180494614844,0.0005849731162564667,0.6476190476190476
17996,0.0018,0.0,0.0007008408969193525,0.0055673772421501976,0.00030186633069228315,0.39285714285714285
17998,0.0032,3.0208559725632127e-06,0.001503005530002266,0.009384025567659073,0.0002066634124073697,0.2916666666666667
17999,0.0006000000000000001,0.0,0.00030024016811047716,0.005883128009228003,0.0,0.8333333333333334
18001,0.006600000000000001,4.0496230595519225e-06,0.0028092689578591568,0.017875273326148168,0.0002736740742149622,0.2438423645320197
18012,0.017800000000000003,2.368005567255291e-05,0.006647186112386683,0.05253807807625445,0.004059035657833037,0.30529172320217096
18013,0.007200000000000001,6.9655396178631855e-06,0.0027086662147308704,0.012594094331791057,0.0016259959303513189,0.2566137566137566
18014,0.0058000000000000005,1.6880271782626165e-06,0.002205955063729892,0.013988693920432997,0.002060064496957724,0.35177865612648224
18019,0.0028,0.0,0.0011017625556131172,0.015892916180551005,0.0002416953952641067,0.5606060606060606
18031,0.003,3.978929332118946e-06,0.0014026646419362798,0.00907522833620721,5.075240507606063e-05,0.3333333333333333
18033,0.0024000000000000002,5.972549969814864e-07,0.0010015020326745727,0.004961699470067339,0.00043045525138512024,0.45454545454545453
18042,0.027400000000000004,6.406680769956976e-05,0.011639648775924272,0.0932664675019132,0.007622327534024438,0.2565217391304348
18043,0.0084,3.537474855417369e-06,0.003614818078621962,0.04009239063245543,0.00052849162519223,0.45345345345345345
18044,0.013,3.715744763156211e-05,0.005937996047684635,0.03251736365201008,0.002727029710779675,0.17627118644067796
18050,0.0148,2.9040884470993732e-05,0.006444458383373597,0.05655495708115994,0.005090929747740062,0.3283653846153846
18052,0.046400000000000004,0.00027817536692722805,0.020731122753369524,0.1259194617005517,0.038440996149143175,0.17883705206220418
18064,0.006600000000000001,6.997897861917998e-07,0.0032118818425515006,0.04291760772599908,0.00015868600388648988,0.5852272727272727
18065,0.006200000000000001,4.852581424997591e-07,0.0023064569722013317,0.02197183011682353,0.00042927309391787834,0.39492753623188404
18067,0.0024000000000000002,0.0,0.0011017625556131172,0.008993499261161398,0.0002089017964702919,0.45454545454545453
18069,0.0194,5.919767615554688e-05,0.006545812042094257,0.039932595609143653,0.0035519728460142574,0.1780885780885781
18071,0.0028,0.0,0.0013023438542085763,0.015785429287661468,0.0006228539366796435,0.5934065934065934
18072,0.003,8.006367376854235e-07,0.0014026646419362798,0.020692092202314202,4.564176390779305e-05,0.638095238095238
18076,0.023200000000000002,0.00010722920904684267,0.009188189711580419,0.03405986041594922,0.004902659731863809,0.10989010989010989
18077,0.0038,4.0398289847233475e-06,0.0016033665244477024,0.019637137407037396,0.0003582722401986239,0.3382352941176471
18078,0.004200000000000001,3.520847790031637e-06,0.0016033665244477024,0.014693342766634181,0.00031654709872468774,0.36764705882352944
18085,0.0018,1.0524320919717547e-07,0.0007008408969193525,0.006290460660536578,6.612334160707343e-05,0.6428571428571429
18087,0.004000000000000001,0.0,0.0010015020326745727,0.001831694530673859,0.00031388813948130185,0.3090909090909091
18101,0.002,4.463439675773067e-07,0.0007008408969193525,0.0032013253490108633,7.287858457225601e-05,0.5357142857142857
18103,0.005200000000000001,2.899229386609023e-06,0.0025075212596070706,0.017909398143881247,0.00016806329948138553,0.3076923076923077
18104,0.024000000000000004,0.00016393626196926786,0.011025668357958152,0.041888699562223936,0.009475504172778187,0.09658048373644704
18105,0.0222,6.903244290379944e-05,0.009086303341362845,0.06963722276472062,0.002065663394223614,0.27643467643467645
18106,0.022600000000000002,1.1824823208593947e-05,0.00878076760472113,0.06229122630019761,0.011646573579233505,0.3829676071055381
18108,0.0222,2.3507235402440342e-05,0.008577179863067164,0.06648801176403045,0.017510044309226303,0.3094391244870041
18109,0.002,0.0,0.0009012615859320672,0.011039969093837983,0.00013536082647872677,0.4888888888888889
18111,0.0068000000000000005,1.1900179984744732e-06,0.0028092689578591568,0.021538763344677525,0.004944501402583086,0.3694581280788177
18116,0.025200000000000004,2.2652807064668807e-05,0.009799940178091493,0.08248096982682428,0.010626024844852937,0.3115926783084368
18118,0.001,0.0,0.0005005004403684232,0.00785123838796711,9.349314431265833e-05,0.4666666666666667
18119,0.0078000000000000005,0.0,0.0035140536841118397,0.0466701280995904,0.000645713035850382,0.5031746031746032
18120,0.0146,2.6600819494978746e-05,0.0060392477409603185,0.032534440858152935,0.002539328573169761,0.2005464480874317
18123,0.0122,2.3971156257587976e-05,0.00472456319211112,0.032030635555599374,0.004411009363308474,0.30407801418439717
18124,0.054400000000000004,0.00028403753616970624,0.022506292073953604,0.13896897390855092,0.03355299892243753,0.1853969559851913
18125,0.037000000000000005,0.00010682147438917139,0.014411812416493808,0.09717415705108162,0.02372397034508477,0.25036934896089824
18126,0.0356,7.134486987521136e-05,0.01533924559057831,0.10752796553849155,0.030290732845562954,0.29156500522830253
18128,0.009,2.379203778289413e-06,0.0035140536841118397,0.027656809302594624,0.005320389781371767,0.29523809523809524
18133,0.0014,2.4440145317090173e-07,0.0005005004403684232,0.0021006625636642365,0.000319145091431317,0.6
18135,0.0108,4.7773658388878025e-06,0.004623575890008391,0.0417454787362288,0.0007636414814606705,0.40425531914893614
18136,0.0116,2.014273077538799e-05,0.005128715471710565,0.05291778955030681,0.004706502460916888,0.4193061840120664
18137,0.005000000000000001,1.679842372891993e-07,0.002205955063729892,0.029509864781772786,0.00017706917373190394,0.45454545454545453
18138,0.0158,2.9242701867608394e-05,0.006444458383373597,0.05132643476496389,0.0022846795538357455,0.26971153846153845
18142,0.0198,0.00011623498280397127,0.008068569769341671,0.04601119543967386,0.005112542915551534,0.21574074074074073
18145,0.0132,1.4593163654172586e-05,0.005128715471710565,0.04474758885415632,0.001982356239025191,0.3453996983408748
18146,0.004600000000000001,0.0,0.0017037476313173094,0.014845773915551148,0.000387845493101796,0.35294117647058826
18149,0.006200000000000001,4.244042710301824e-06,0.0025075212596070706,0.02284193319819428,0.001334951960616546,0.37846153846153846
18150,0.023600000000000003,1.2255836227418216e-05,0.009697930278060207,0.08900963841276052,0.004624642441509066,0.4521048109965636
18151,0.004200000000000001,0.0,0.0019045702065152437,0.021659611886765916,0.0006753559544306215,0.45789473684210524
18152,0.0036,2.1317387891492174e-06,0.0013023438542085763,0.006027370704360576,0.0008733029837453202,0.31868131868131866
18156,0.0364,3.0565164958321704e-05,0.013897303343244127,0.1137880390654059,0.018458544344114772,0.3309002433090024
18158,0.0096,4.348474529667896e-06,0.003917232689420347,0.037323966510574624,0.0008610373144726891,0.3076923076923077
18159,0.025200000000000004,3.750345198718746e-05,0.010412432609995692,0.08967315297836001,0.014871099946458088,0.39712471994025395
18164,0.003,5.572543185060627e-07,0.0013023438542085763,0.014014025731972052,0.0003587216914920408,0.5274725274725275
18168,0.016800000000000002,9.258001889840835e-06,0.006951430854372331,0.05655833735137232,0.007312141974834366,0.43975155279503103
18170,0.013600000000000001,1.8064557945656594e-05,0.004623575890008391,0.01604806311629281,0.003686819498344573,0.37835337650323775
18174,0.002,0.0,0.0008010412093559793,0.008784776705292655,0.0001401955984988468,0.4166666666666667
18176,0.0084,1.0928152196538925e-06,0.003614818078621962,0.03996268141622539,0.0016225552941996485,0.46546546546546547
18179,0.0108,2.325679008411397e-06,0.005128715471710565,0.058843633828866065,0.0005761474089927041,0.444947209653092
18182,0.004200000000000001,2.577853934137889e-06,0.0017037476313173094,0.018575741235075258,0.0002109023714651411,0.43137254901960786
18183,0.0106,3.5266583196186218e-06,0.004522608882781443,0.0447335146522119,0.003075416845694576,0.4859903381642512
18185,0.0026,4.1274733121086223e-07,0.0012020431607797644,0.01109447055955139,0.00022585735841702543,0.38461538461538464
18189,0.035,0.0001027812948695562,0.013486071638712405,0.09483024277983017,0.202861814758643,0.23880597014925373
18190,0.0048000000000000004,2.4399880460254296e-06,0.0020050116869441137,0.021179843649146976,0.0008955998044608114,0.3952380952380952
18191,0.004600000000000001,1.7794735109753672e-06,0.002205955063729892,0.026479235007916203,9.349314431265833e-05,0.35968379446640314
18193,0.0018,0.0,0.0006006606425976724,0.002456036569161671,0.0007595923833496782,0.3333333333333333
18195,0.0054,3.4406138883655486e-07,0.0027086662147308704,0.020460352041048964,0.007592640748646576,0.5158730158730159
18196,0.006200000000000001,1.6014157871799496e-06,0.0024069790354728227,0.02864149860404559,0.0005247390952701369,0.48333333333333334
18197,0.020600000000000004,9.601093522846249e-05,0.008373674262927011,0.04369170207108744,0.010819692838823423,0.19477911646586346
18200,0.019200000000000002,1.9765178219196282e-05,0.007662050809639442,0.06705398828549326,0.004046694465198988,0.38516746411483255
18201,0.0092,3.7488383034277253e-07,0.004522608882781443,0.049596799740350694,9.349314431265833e-05,0.43091787439613527
18202,0.007200000000000001,3.9368867109599787e-07,0.0030105350056146563,0.036878178155976715,0.003586034797021038,0.5591397849462365
18203,0.004600000000000001,2.2665602213566513e-06,0.002205955063729892,0.017252041139905333,0.000918481464257711,0.41106719367588934
18204,0.002,6.921764912583464e-07,0.0006006606425976724,0.0018147368408840056,0.00042191159484877155,0.42857142857142855
18211,0.021400000000000002,5.913241509639421e-06,0.008882592294158664,0.07615279501529361,0.010848188876968924,0.4440755873340143
18213,0.0102,3.094361253652447e-06,0.004018078055767926,0.04536535158765041,0.001438103407578576,0.36341463414634145
18214,0.005600000000000001,1.2453794113529151e-06,0.002608083650670334,0.029423755432902047,0.00046329634849871174,0.3646723646723647
18216,0.013600000000000001,5.9030601675135005e-06,0.005432043077715942,0.045794469239872015,0.013484829931312656,0.501010101010101
18217,0.0638,0.0001906075787766713,0.02428764538602346,0.1748070247285069,0.022130918818223027,0.2356132326348261
18219,0.0054,0.0,0.0020050116869441137,0.014299132796735687,0.0013371008758229514,0.3904761904761905
18223,0.005600000000000001,4.046864354450207e-06,0.0025075212596070706,0.014634920462639298,0.0018482426299329243,0.24307692307692308
18227,0.027000000000000003,3.6845066224453076e-05,0.012254375221129488,0.11682891475396755,0.0021267493922896966,0.3567267307952852
18228,0.0026,1.8317956429372668e-06,0.0012020431607797644,0.01137415630672033,0.000126440359960272,0.34615384615384615
18230,0.007600000000000001,2.88792729193924e-06,0.0032118818425515006,0.03612583204923467,0.0007102650230152277,0.49053030303030304
18234,0.004000000000000001,2.8171744556857266e-06,0.0018041488566566954,0.012960215765472207,0.00014561760241268615,0.26900584795321636
18237,0.0296,3.824708550785033e-05,0.013588848294057598,0.09663180770270016,0.023179785794585715,0.28446655610834715
18238,0.007000000000000001,2.752639847839365e-06,0.003312585572165627,0.03572173087067736,0.00012481599961398546,0.44563279857397503
18239,0.004200000000000001,0.0,0.0019045702065152437,0.015163244172103487,0.00013355867665710793,0.30526315789473685
18240,0.0044,2.1514727846238381e-07,0.0020050116869441137,0.02480324066815864,0.00018065487944214295,0.7
18243,0.0032,1.7743240699196435e-07,0.0013023438542085763,0.013867417913826098,0.0007512941350135629,0.6043956043956044
18248,0.003,1.849216101711491e-06,0.0011017625556131172,0.006905629977239928,0.0006452601970616429,0.3333333333333333
18261,0.0018,1.0586367262523737e-07,0.0008010412093559793,0.009527438930768767,0.00037678201138874616,0.4444444444444444
18268,0.004200000000000001,0.0,0.0017037476313173094,0.012187040176407066,0.0007324330602125902,0.3464052287581699
18270,0.002,1.0505374913057258e-06,0.0010015020326745727,0.01051340717244666,0.0,0.36363636363636365
18279,0.0002,0.0,0.00010006003201601388,6.683275328670316e-05,0.0,1.0
18293,0.0044,2.5709412532452866e-06,0.0019045702065152437,0.01717365074390321,0.00032289593978133166,0.3105263157894737
18309,0.0138,4.6923333859076376e-05,0.005533192959340294,0.028451620949051574,0.0009727926406378435,0.23766233766233766
18311,0.0094,2.0442987634173817e-05,0.0043207357284889,0.026032810101420282,0.00901501472526876,0.26744186046511625
18313,0.001,0.0,0.0004003602842119758,0.0030354671165249737,0.00010717013891899747,0.4
18315,0.006000000000000001,1.5436131488500604e-06,0.0025075212596070706,0.011544430658457765,0.0018863319299762139,0.4123076923076923
18317,0.001,0.0,0.0004003602842119758,0.002623590044091245,0.00014889183663683474,0.6
18319,0.0216,7.638913284349563e-05,0.010514586912294677,0.02847106319573781,0.006763748550395486,0.15018315018315018
18321,0.0008,1.6068382832783041e-07,0.00030024016811047716,0.002363370320892448,4.262385835862494e-05,0.6666666666666666
18331,0.0028,2.1924583127814143e-06,0.0011017625556131172,0.008972162919239227,0.0007031332023582976,0.5151515151515151
18335,0.0004000000000000001,0.0,0.00020014008604940514,0.0008252790616975671,0.000503355950827109,1.0
18339,0.0028,2.367408404030035e-06,0.0013023438542085763,0.015008516506456005,0.0001492778515321875,0.43956043956043955
18343,0.019200000000000002,1.0552550187367031e-05,0.007966909288418256,0.07139669517196323,0.009193755025359653,0.395253164556962
18344,0.0024000000000000002,1.3459879126162418e-06,0.0011017625556131172,0.007890092902155425,0.0004954167973652679,0.3333333333333333
18354,0.0008,0.0,0.0004003602842119758,0.00455619895599681,0.0,0.5
18357,0.004200000000000001,5.585663733584183e-07,0.0018041488566566954,0.01556330223517546,0.0004902939395567328,0.38011695906432746
18358,0.0106,1.1855970930196754e-05,0.00472456319211112,0.0275447738625627,0.004249393233634332,0.30319148936170215
18370,0.0064,3.857291425759387e-06,0.002909891886128557,0.020125722951208267,0.0006345666715231959,0.27816091954022987
18371,0.0094,4.105583288293443e-06,0.0043207357284889,0.050361551246053335,0.0002670539515041157,0.46723044397463004
18379,0.003,1.2401052447070937e-07,0.0012020431607797644,0.009228445999040727,0.00020154665396373997,0.6153846153846154
18382,0.0054,3.430380278319945e-06,0.002608083650670334,0.019114173018328635,0.00010919335671915719,0.41595441595441596
18385,0.0022,0.0,0.0011017625556131172,0.005988515729008147,0.0,0.4696969696969697
18391,0.0022,7.72155741659062e-07,0.0011017625556131172,0.004157818271621783,0.0,0.45454545454545453
18393,0.005200000000000001,1.724529511540332e-06,0.0020050116869441137,0.014406978082527548,0.0005071640306767122,0.3476190476190476
18404,0.004200000000000001,2.164108347070806e-06,0.0018041488566566954,0.01695400021344923,0.00014441168309263226,0.38596491228070173
18409,0.001,5.824129363865881e-08,0.0005005004403684232,0.005795670603027844,0.0,0.5333333333333333
18438,0.002,0.0,0.0009012615859320672,0.006609714521321714,5.968303090814176e-05,0.4222222222222222
18451,0.0068000000000000005,1.5822359716444906e-05,0.0032118818425515006,0.02309414472389604,0.0014407732887379543,0.3162878787878788
18471,0.0144,2.772629095101921e-05,0.006545812042094257,0.058647473041331666,0.0015391007885693013,0.35104895104895106
18478,0.0228,1.4357920530082876e-05,0.008475416798415347,0.06639598973714958,0.004989741170927333,0.35154061624649857
18481,0.0152,2.5416212195681618e-05,0.006343125130060079,0.05891588216886573,0.0013436692166651984,0.30952380952380953
18484,0.016600000000000004,3.80507321814083e-05,0.007865269305625366,0.07181968016457314,0.0006803722914917575,0.3599480688088283
18486,0.005000000000000001,4.792482611934834e-06,0.0023064569722013317,0.02517502446406836,8.767414526702057e-05,0.34057971014492755
18488,0.0112,2.2515802387730722e-05,0.00472456319211112,0.04105598505917232,0.000857826408421423,0.35904255319148937
18492,0.004600000000000001,7.979567333315711e-07,0.0021054733039971296,0.01978351873383978,0.0006081140069476662,0.42424242424242425
18493,0.013600000000000001,1.5458825595085315e-05,0.0057355537788557065,0.052962612054422584,0.0035874347008412796,0.3484573502722323
18496,0.0144,1.2507365761377527e-05,0.006647186112386683,0.06492556980712336,0.0008244655329243369,0.3568521031207598
18499,0.0106,2.0708630101342758e-05,0.0048255707952091775,0.043725036287825425,0.00037003560905525046,0.272108843537415
18503,0.005200000000000001,1.171606755633273e-06,0.0021054733039971296,0.02720996358603527,0.0003051457362925515,0.41125541125541126
18505,0.015600000000000001,1.8387151413955045e-05,0.007255859522650399,0.06380554210525892,0.00035522930726589804,0.3006088280060883
18507,0.0058000000000000005,6.071911802599035e-06,0.0023064569722013317,0.018235778496058813,0.0002535635274404204,0.427536231884058
18508,0.0038,2.4172223392845037e-06,0.0017037476313173094,0.02050869084905461,3.8440966071042544e-05,0.48366013071895425
18509,0.0058000000000000005,4.565843095177409e-06,0.0020050116869441137,0.012316273068568941,0.0005139716206682025,0.3523809523809524
18511,0.004200000000000001,1.5654465259166656e-06,0.0020050116869441137,0.01719849757044118,3.161125322587329e-05,0.3047619047619048
18513,0.0124,2.8943911132530125e-05,0.005533192959340294,0.04573852188088713,0.00033675846383928875,0.2720779220779221
18514,0.0088,8.28968879899051e-06,0.004118943680324838,0.045074692815575024,0.00018756117469688645,0.3437862950058072
18516,0.0098,1.800301008298479e-05,0.004018078055767926,0.031079333493438433,0.0003972530418159722,0.30853658536585366
18517,0.0032,1.17834807440409e-07,0.0011017625556131172,0.0038543681513981843,0.000266750782064187,0.5606060606060606
18520,0.002,1.0734398807663291e-06,0.0009012615859320672,0.005987662654027413,0.00021817800920008988,0.4666666666666667
18523,0.011,6.433924890695527e-06,0.0048255707952091775,0.03479762401797763,0.0005592142172720062,0.31887755102040816
18532,0.0034000000000000002,1.242756299031211e-06,0.0016033665244477024,0.011973474477145161,6.388255318808401e-05,0.22794117647058823
18533,0.0128,7.462597708303458e-06,0.0052298043400367256,0.041454912709235694,0.0028675953481480197,0.40130624092888245
18536,0.007000000000000001,9.62241791424857e-06,0.003312585572165627,0.009670020200840408,0.0023703414379400134,0.14795008912655971
18542,0.0012,0.0,0.0006006606425976724,0.0037837088686977233,0.00018078113763115775,0.5714285714285714
18549,0.0038,5.384415384457256e-07,0.0016033665244477024,0.010663246294675913,0.0007588934060453089,0.4632352941176471
18550,0.0092,1.3616452036582368e-05,0.0043207357284889,0.0235639954105244,0.010237413478716933,0.17864693446088795
18554,0.0044,0.0,0.0020050116869441137,0.028180958609412676,0.00020542029509165954,0.5761904761904761
18556,0.0022,1.1131818551378029e-06,0.0010015020326745727,0.005890012531626167,0.00028327809805339253,0.2727272727272727
18557,0.004000000000000001,7.706846094824773e-07,0.0013023438542085763,0.01180784154799579,0.0014289868054483301,0.4065934065934066
18571,0.0032,1.2859193635105518e-07,0.0014026646419362798,0.014861429357160432,0.002413783754120003,0.4857142857142857
18587,0.002,8.375906575374795e-07,0.0009012615859320672,0.012325162403221311,0.00023802546196181093,0.5555555555555556
18589,0.002,0.0,0.0009012615859320672,0.011442104880428097,4.441309227566149e-05,0.6222222222222222
18592,0.0114,6.338677702131345e-06,0.004219829569195754,0.0374943677724595,0.003099680866146791,0.37209302325581395
18601,0.0022,4.394575177918284e-07,0.0008010412093559793,0.006685097452805678,0.0002081338999787779,0.4444444444444444
18618,0.0026,1.3106111470633694e-07,0.0012020431607797644,0.009490170283288548,3.7407816538818266e-05,0.32051282051282054
18621,0.018400000000000003,2.873202271024073e-05,0.007154362853342144,0.040842593245028744,0.004875108556500819,0.21439749608763695
18624,0.007600000000000001,1.972290673374748e-06,0.003614818078621962,0.025354958945674872,0.00015552705388122904,0.4219219219219219
18626,0.0058000000000000005,5.7328523183036535e-06,0.002608083650670334,0.01911207294065606,0.00020671886994098074,0.2535612535612536
18631,0.001,0.0,0.0004003602842119758,0.0008003716076136333,9.832987017094493e-05,0.4
18645,0.0014,5.843048302830197e-08,0.0006006606425976724,0.009220806943750118,4.2585802092069995e-05,0.6666666666666666
18656,0.004200000000000001,9.457585502500038e-08,0.0019045702065152437,0.019843030372866225,0.012161737647733192,0.37894736842105264
18659,0.0138,1.992304929774112e-05,0.006140519815011292,0.039082840935926386,0.001045697044425592,0.1866737176097303
18661,0.0116,8.013893752376196e-06,0.0052298043400367256,0.03215333746821131,0.0004977908633220528,0.3867924528301887
18665,0.007000000000000001,1.0197132071334887e-05,0.003111198322395703,0.019575831352652714,0.0006386085492535385,0.3346774193548387
18666,0.0096,9.047459420298588e-06,0.00381640757517987,0.01915614795457557,0.0006379393835137475,0.30229419703103916
18668,0.003,1.108498385373462e-07,0.001503005530002266,0.015896284714304015,0.00030647187224477673,0.5416666666666666
18679,0.0082,3.730152364374764e-05,0.00381640757517987,0.014745127499763526,0.002310764804948864,0.17543859649122806
18686,0.0012,0.0,0.0006006606425976724,0.005401415847508485,0.0,0.38095238095238093
18693,0.0054,0.0,0.0024069790354728227,0.017603564367149018,0.0010585353030471306,0.41333333333333333
18698,0.0102,1.287975325641044e-05,0.004118943680324838,0.030750456404383893,0.004518169817056575,0.40069686411149824
18699,0.0048000000000000004,4.3099266193833647e-07,0.0020050116869441137,0.01611145005366278,0.00027782132399778307,0.5619047619047619
18706,0.007000000000000001,9.97184894898551e-07,0.0032118818425515006,0.0284026785341062,9.205650547775425e-05,0.42045454545454547
18710,0.0082,4.243464924899381e-06,0.003715602706946264,0.02203619982145276,0.0004926261978313709,0.40540540540540543
18712,0.0038,1.6138191989092552e-06,0.0016033665244477024,0.01006463586117639,0.0003042178129954694,0.4632352941176471
18713,0.0048000000000000004,2.1827854167052326e-06,0.002205955063729892,0.016702706177340883,0.004074713030473276,0.41106719367588934
18730,0.005600000000000001,7.535366400122267e-06,0.0018041488566566954,0.009752792368689287,0.0004144976372520056,0.23391812865497075
18735,0.0028,8.830494024841328e-07,0.0013023438542085763,0.005459215538560512,9.237784345936088e-05,0.38461538461538464
18737,0.0144,1.7019250298593796e-05,0.006140519815011292,0.02885122385980698,0.0044743893917482454,0.313590692755156
18747,0.0034000000000000002,7.684631271699443e-08,0.0016033665244477024,0.014130252190258513,0.0002628609004519947,0.4264705882352941
18748,0.0036,0.0,0.0014026646419362798,0.007754293534774862,0.0002559714185150562,0.3619047619047619
18749,0.0102,3.052755656537586e-05,0.0048255707952091775,0.023859357062147032,0.00016454516506425566,0.3171768707482993
18750,0.0004000000000000001,0.0,0.00020014008604940514,0.004300548850502973,0.0,1.0
18751,0.0002,0.0,0.00010006003201601388,0.0011064406877088406,0.0,1.0
18757,0.0026,4.2388566572181974e-07,0.0012020431607797644,0.014393110223998147,8.513598734238804e-05,0.6025641025641025
18761,0.0038,1.8623018518088605e-06,0.0019045702065152437,0.010142325017456263,4.9243967618050385e-05,0.3157894736842105
18764,0.0018,6.464291944223062e-08,0.0008010412093559793,0.008072763287127643,8.260368053686774e-05,0.5
18768,0.001,1.0868288071025245e-07,0.0005005004403684232,0.006869198557665875,0.0,0.6666666666666666
18780,0.0002,0.0,0.00010006003201601388,8.462371453287192e-05,0.0,1.0
18789,0.002,1.4997157310597506e-06,0.0008010412093559793,0.0016057543667351536,0.00019195195413550866,0.3055555555555556
18795,0.005600000000000001,9.230715148444403e-06,0.0023064569722013317,0.015124786030202689,0.0003010018306857399,0.286231884057971
18797,0.005200000000000001,1.4895357403329353e-06,0.0021054733039971296,0.012403401720310729,0.00034334674363932114,0.24242424242424243
18801,0.0,0.0,0.0,0.0,0.0,0.0
18805,0.0008,0.0,0.0004003602842119758,0.0009304633706238167,0.00014920194350671152,0.4
18833,0.0054,1.5732041967380696e-06,0.0021054733039971296,0.013698331507765588,0.0010218638044373844,0.39826839826839827
18862,0.005200000000000001,1.5861789339218686e-06,0.0019045702065152437,0.010871488971849412,0.000587898270474546,0.2631578947368421
18863,0.001,0.0,0.0005005004403684232,0.003722851644741544,0.0,0.3333333333333333
18865,0.0064,1.6160019756967802e-06,0.0030105350056146563,0.02531902963958908,0.0002833608680310464,0.33548387096774196
18867,0.0054,3.0983922960737836e-06,0.0025075212596070706,0.021338556669744962,0.00013417535571035846,0.3169230769230769
18873,0.0176,1.2063249115617259e-05,0.007458914231821989,0.05462865339140889,0.0020275206363436246,0.3563963963963964
18875,0.0328,6.79158372956095e-05,0.012767218122179624,0.07792172277501795,0.012159964840083408,0.24946881639795027
18885,0.0064,2.46302064455442e-06,0.0021054733039971296,0.0058945887125154296,0.0004327105207026818,0.5584415584415584
18887,0.0048000000000000004,1.1196245459059911e-06,0.0019045702065152437,0.013803191351326318,0.0004282758378530042,0.48947368421052634
18910,0.0026,1.0663617568372984e-07,0.0013023438542085763,0.020556239715027645,0.0,0.5824175824175825
18912,0.0012,0.0,0.0006006606425976724,0.010359840468172645,0.0,0.7142857142857143
18916,0.0088,5.9677375204831995e-06,0.004219829569195754,0.04993582081536406,0.0015526785140946259,0.53156146179402
18923,0.0022,0.0,0.0009012615859320672,0.007738767920881346,0.00019576621385023136,0.6888888888888889
18924,0.0026,1.1230014224245039e-06,0.0011017625556131172,0.00699172127046024,9.84380605472526e-05,0.3787878787878788
18927,0.0038,8.357655697132741e-07,0.0016033665244477024,0.015176752456408066,0.00016174097525904448,0.5588235294117647
18932,0.0006000000000000001,0.0,0.00030024016811047716,0.004009215912371382,0.0,0.8333333333333334
18954,0.0028,4.126799631093142e-07,0.0014026646419362798,0.01372596057696147,0.00010132304101063516,0.4380952380952381
18987,0.0026,1.6457134030350374e-08,0.0013023438542085763,0.013581927519855461,0.0,0.38461538461538464
18988,0.0074,7.0784437474275435e-06,0.0034133095173229933,0.026450472220568153,9.806875687207476e-05,0.30756302521008405
18995,0.005200000000000001,5.978849436660536e-08,0.0021054733039971296,0.011368425760650603,0.000233940654658429,0.5021645021645021
19002,0.005600000000000001,3.1933691542990614e-06,0.0027086662147308704,0.02396288525944241,0.00012414952030702375,0.3201058201058201
19054,0.002,2.833541086543669e-08,0.0010015020326745727,0.00710265670258488,3.3521790388973895e-05,0.4727272727272727
19076,0.0092,9.653301229529792e-06,0.0025075212596070706,0.009033346117071137,0.001514917747941747,0.2123076923076923
19080,0.0092,1.1754880279133055e-05,0.003312585572165627,0.026054476431254674,0.0013207728184676565,0.25668449197860965
19082,0.005200000000000001,2.1355401179014344e-06,0.002205955063729892,0.02381269158484974,0.0003476080783208713,0.3794466403162055
19086,0.0006000000000000001,0.0,0.00020014008604940514,0.0007653156280880962,4.314331430731557e-05,1.0
19088,0.0032,2.549683350457676e-07,0.0016033665244477024,0.02368661035745863,0.0,0.5735294117647058
19091,0.0028,1.034883502652185e-06,0.0014026646419362798,0.0142740194622989,3.0508719096706172e-05,0.3619047619047619
19096,0.008,5.685681875378874e-06,0.003312585572165627,0.021741769775469325,0.000857830474761769,0.38146167557932265
19099,0.0134,3.4083503061534404e-05,0.0048255707952091775,0.03139047732172713,0.0013869378972128973,0.2508503401360544
19110,0.002,0.0,0.0007008408969193525,0.0031018389241027483,0.0002461264173243264,0.2857142857142857
19118,0.016800000000000002,2.444098367067007e-05,0.005836764729032939,0.023033284129365585,0.0018373297014830903,0.12799532437171246
19121,0.0048000000000000004,2.2576778829572264e-07,0.0021054733039971296,0.023763317213148415,0.0039012480221039857,0.5800865800865801
19122,0.0064,1.460546945326086e-06,0.002909891886128557,0.026947591563011682,0.00023342070621524646,0.32413793103448274
19126,0.0028,1.807937195943087e-07,0.0013023438542085763,0.019976637861209838,0.0006899930499607803,0.5824175824175825
19148,0.009,2.3618418365320926e-05,0.004118943680324838,0.02098064259451569,0.004490534142735386,0.22996515679442509
19152,0.005600000000000001,7.24880143704005e-06,0.002608083650670334,0.020281575233242807,0.0001809272290646184,0.41025641025641024
19154,0.0036,1.078542017784667e-06,0.001503005530002266,0.005816772967195381,0.00047911599413435156,0.5916666666666667
19155,0.007200000000000001,5.2477885592639e-06,0.003111198322395703,0.012988112342351161,0.0003787530088615489,0.34274193548387094
19159,0.016,0.00010148059647517005,0.007662050809639442,0.02662152954621225,0.006648250309418273,0.17429938482570062
19161,0.0064,1.2444964630766218e-06,0.002608083650670334,0.02259596223909163,0.0012090271952610054,0.49002849002849
19162,0.0044,8.977177846449933e-06,0.0019045702065152437,0.008233731619499812,0.0011795571933109197,0.39473684210526316
19164,0.007000000000000001,1.9951110884501753e-06,0.0025075212596070706,0.02015595625222628,0.0012857038491541927,0.40923076923076923
19174,0.012,2.0682779302989063e-05,0.0056343631910062975,0.017384594639593774,0.002517883601100524,0.35776942355889724
19175,0.0036,3.953353581712156e-06,0.0016033665244477024,0.015314830177413377,7.765194168185053e-05,0.33088235294117646
19184,0.0008,0.0,0.0004003602842119758,0.005430130614157291,0.0,0.6
19191,0.004000000000000001,2.4752682932963268e-06,0.001503005530002266,0.005859586920893068,0.0006653906518384074,0.45
19195,0.009,3.3862031550908697e-06,0.0034133095173229933,0.02464481606472353,0.004590424779296297,0.3243697478991597
19196,0.0054,8.772286895473981e-07,0.0021054733039971296,0.0186094922608214,0.0039001927111588517,0.4069264069264069
19198,0.0132,2.7356306646948208e-05,0.006140519815011292,0.05240184020732888,0.0016584767730246641,0.30142781597038604
19205,0.009,6.43565992532037e-06,0.004219829569195754,0.031496087119859004,0.0005327879949952535,0.3388704318936877
19206,0.0108,1.855932399079517e-05,0.0048255707952091775,0.039717469344680956,0.0005139387375174975,0.32653061224489793
19210,0.0144,2.507502152481627e-05,0.005937996047684635,0.04772563406282519,0.0012587653923664898,0.2480225988700565
19211,0.011,6.537879951477368e-06,0.0043207357284889,0.03182952897593917,0.0008919578103515092,0.3668076109936575
19214,0.019000000000000003,4.369861586191309e-05,0.008068569769341671,0.05540188777592692,0.011108465830373983,0.1962962962962963
19217,0.0106,2.75645509203266e-06,0.005128715471710565,0.04888839763456555,0.00012470666678104578,0.3469079939668175
19219,0.020800000000000003,1.5253726141229787e-05,0.010208185942121473,0.10647274244081152,0.0005310124208269253,0.38264414676761793
19220,0.012,1.7985920890428446e-05,0.0049265987054252225,0.036244643126546225,0.002694710669072546,0.2873469387755102
19222,0.004600000000000001,1.7095368243959899e-06,0.0016033665244477024,0.01644253618222384,0.0006653960067604471,0.4117647058823529
19226,0.0316,8.964852573320245e-05,0.012972500784689478,0.10605552301133427,0.005492532516459217,0.2711967054263566
19229,0.0134,4.847240196528931e-06,0.00472456319211112,0.02735397459287096,0.0028722412653718835,0.20212765957446807
19232,0.013,1.7452081735880113e-05,0.005330913539993931,0.04040879979559857,0.0022475552731874293,0.30328441649196364
19233,0.006200000000000001,2.9020786371401793e-06,0.0028092689578591568,0.02502351665969511,0.0004945449115597453,0.4482758620689655
19235,0.005600000000000001,1.1676569459652856e-06,0.002205955063729892,0.012461311101273336,0.0011811731935918515,0.2648221343873518
19237,0.020800000000000003,5.6841450703053024e-05,0.008475416798415347,0.05779859037311168,0.005024595129282665,0.32072829131652664
19239,0.018000000000000002,2.8935284475876127e-05,0.007966909288418256,0.06827297051134606,0.0021470175048223777,0.3031645569620253
19241,0.001,3.666887364404335e-07,0.00030024016811047716,0.0008625345805580191,0.0005176063571380782,0.5
19246,0.0086,6.772734321364875e-06,0.004018078055767926,0.03801178579265016,0.0003528815424354443,0.31097560975609756
19248,0.0124,1.0281383274352677e-05,0.0057355537788557065,0.053337641150888376,0.0008764524557749817,0.3369630973986691
19254,0.016,2.6824608015005035e-05,0.007154362853342144,0.06773308392691771,0.0005222567259293762,0.3380281690140845
19255,0.0262,6.015909860071961e-05,0.011537266935510493,0.08446326929004475,0.009858053915900477,0.249580472921434
19259,0.0228,9.141479652421173e-05,0.01082117376778835,0.08585716405455328,0.000371889955415656,0.24731741086881273
19261,0.0018,5.177590023896758e-07,0.0009012615859320672,0.010459712311710192,1.7710033596903137e-05,0.4222222222222222
19262,0.0194,4.088002831159903e-05,0.0093920241763914,0.09080530027015073,0.0005207866479340655,0.28185769846716996
19268,0.0146,7.844161912295821e-06,0.004421662164313389,0.020836676702483424,0.001768943883298458,0.18787878787878787
19270,0.0228,1.5157251659365816e-05,0.00990197068826526,0.09839274980289016,0.0019231544086241036,0.362605648319934
19276,0.005200000000000001,2.477705770466938e-06,0.0025075212596070706,0.03013443069195759,0.0004478483318373837,0.49846153846153846
19277,0.0028,4.217660659860369e-07,0.0013023438542085763,0.01495141400924627,0.0010532413118329704,0.6703296703296703
19279,0.0128,1.9710169124370917e-05,0.0056343631910062975,0.04202674724727326,0.002419095265262732,0.26127819548872183
19280,0.004600000000000001,7.856320084890881e-07,0.0020050116869441137,0.017895827161478684,0.00017304057047791812,0.49047619047619045
19282,0.021200000000000004,4.6805750566636956e-05,0.009188189711580419,0.07338277942912413,0.001759486505751901,0.278786430960344
19287,0.006200000000000001,6.106453335845007e-06,0.0021054733039971296,0.014617791197897748,0.00047603250111462054,0.341991341991342
19294,0.0054,1.6960460436161758e-06,0.002608083650670334,0.028426736524645845,6.729854814971131e-05,0.42450142450142453
19295,0.004600000000000001,1.453258272789379e-06,0.0023064569722013317,0.023898465132273797,0.0,0.5181159420289855
19297,0.0026,3.452451774272316e-08,0.0012020431607797644,0.019989395525080965,5.647969529115279e-05,0.6410256410256411
19300,0.0144,5.747392512029858e-06,0.006140519815011292,0.057437023140166854,0.0017306272351080496,0.4013749338974088
19301,0.0138,2.0625331599563732e-05,0.0049265987054252225,0.03696178066769126,0.0008601787254383602,0.27591836734693875
19305,0.0028,1.6365498015210443e-07,0.0010015020326745727,0.005489125210082758,0.0008209321080807959,0.36363636363636365
19307,0.0044,6.424608931502103e-07,0.0020050116869441137,0.023026379177679718,0.00011270749792157515,0.5190476190476191
19318,0.0018,1.5643665840954324e-06,0.0008010412093559793,0.005485053253082883,0.00027445872356616845,0.3888888888888889
19334,0.008,1.0658693945746087e-05,0.00381640757517987,0.04066900959087821,0.00012877636124676627,0.3144399460188934
19335,0.0026,0.0,0.0011017625556131172,0.009794608214433655,9.227332155048765e-05,0.36363636363636365
19339,0.0134,9.153087246867437e-06,0.004118943680324838,0.021079891199376474,0.0017686028731942168,0.3507549361207898
19343,0.0424,0.00017600963142869357,0.018442972135879865,0.11873613883424633,0.028202300326155064,0.19221662315584967
19345,0.003,1.381217849031948e-06,0.0014026646419362798,0.01639280007999019,0.0003151347164438137,0.38095238095238093
19348,0.049400000000000006,0.00013696193597802252,0.021252591341981875,0.15337359906874484,0.0258832636619722,0.24194884063305117
19350,0.0054,3.160195223543371e-06,0.0020050116869441137,0.016297409936660557,0.001073530877198259,0.4142857142857143
19354,0.0022,2.8948308599838724e-07,0.0010015020326745727,0.011309331815538486,0.00019388474267678874,0.41818181818181815
19355,0.005000000000000001,2.1573930451260897e-06,0.0024069790354728227,0.030417137702109676,0.00012155651854814029,0.41333333333333333
19361,0.001,0.0,0.00030024016811047716,0.0012963026726617952,0.00037447742861749275,0.5
19364,0.001,0.0,0.0004003602842119758,0.002444079386862851,0.00024787323829963796,0.5
19366,0.0048000000000000004,0.0,0.0021054733039971296,0.015665565130739585,0.0021124250063085754,0.42424242424242425
19370,0.006000000000000001,4.256886430033865e-06,0.002909891886128557,0.03592604977956847,5.557365612545622e-05,0.3264367816091954
19383,0.0024000000000000002,2.1098184564908524e-07,0.0011017625556131172,0.011071342467349917,3.2420063877505625e-05,0.5454545454545454
19384,0.005200000000000001,8.489837092476165e-07,0.002205955063729892,0.02143356605567698,0.0006647521017350441,0.3241106719367589
19394,0.005600000000000001,1.5408343451244133e-07,0.002608083650670334,0.021999353299757687,0.0008442246209567377,0.33903133903133903
19399,0.007200000000000001,3.9057454477475124e-06,0.0035140536841118397,0.023229803368139682,0.00012114099098193924,0.3333333333333333
19417,0.0044,4.582871037564694e-06,0.0021054733039971296,0.006788557532942939,5.842149916054527e-05,0.2077922077922078
19420,0.0026,0.0,0.0011017625556131172,0.008727435597861263,7.633787291973422e-05,0.3484848484848485
19428,0.0122,2.2556713827013845e-05,0.0057355537788557065,0.036006329303532925,0.0008171333861061732,0.2601330913490623
19503,0.0006000000000000001,0.0,0.00030024016811047716,0.003929900122996481,0.0,0.6666666666666666
19509,0.003,4.98126599438743e-07,0.0014026646419362798,0.023048934078573658,9.790921295676927e-05,0.49523809523809526
19521,0.0012,0.0,0.0006006606425976724,0.012883615411443072,0.0,0.7142857142857143
19527,0.0026,1.1783480744040897e-06,0.0008010412093559793,0.0015157647526508784,0.0006925023465687582,0.3888888888888889
19540,0.015600000000000001,9.398489875684795e-06,0.005937996047684635,0.0412144954396971,0.004032988350415983,0.3333333333333333
19541,0.0082,1.0068029583689923e-05,0.0034133095173229933,0.03454971143126834,0.000796130271778772,0.33949579831932775
19543,0.0032,0.0,0.0012020431607797644,0.0052255289482084025,0.0004919594196024503,0.28205128205128205
19548,0.0006000000000000001,1.7445672789878735e-07,0.00030024016811047716,0.001295979779390644,0.0,0.5
19557,0.0018,0.0,0.0008010412093559793,0.007115814796544455,0.0003445887273337793,0.5833333333333334
19559,0.0026,0.0,0.0012020431607797644,0.009793484914530932,0.0005644582910160695,0.41025641025641024
19566,0.0028,1.140113206739935e-06,0.0014026646419362798,0.004158519571461966,8.420374848346925e-05,0.3523809523809524
19568,0.0022,8.324952629556166e-07,0.0008010412093559793,0.006713095679633798,0.00023350422372377057,0.3888888888888889
19575,0.0014,4.4991471931792514e-07,0.0004003602842119758,0.0005996262271837768,0.00017767026023638246,0.6
19603,0.0006000000000000001,0.0,0.00030024016811047716,0.005250541367476514,0.0,0.6666666666666666
19621,0.0028,6.97854401711988e-07,0.0013023438542085763,0.011891654078311584,8.690919498295169e-05,0.3626373626373626
19625,0.0018,1.4607620757075493e-08,0.0007008408969193525,0.005270944840594885,0.00021258130186907617,0.6071428571428571
19629,0.0128,1.2272902920838927e-05,0.005027646928883245,0.039294090111613625,0.002588674157861352,0.3427450980392157
19633,0.014,2.6909428504889252e-05,0.005330913539993931,0.026891308420367303,0.004760085538887371,0.2529699510831586
19638,0.005600000000000001,2.814820153907212e-06,0.0025075212596070706,0.02052428828425896,0.00022354318616292273,0.41846153846153844
19642,0.0008,1.4607620757075493e-08,0.00030024016811047716,0.003629487052895182,0.00016175190491527402,0.6666666666666666
19644,0.006000000000000001,5.3025016143453055e-06,0.0028092689578591568,0.021297029480153537,0.0011299689476445486,0.22167487684729065
19645,0.0012,0.0,0.0006006606425976724,0.00807200655065341,8.690919498295169e-05,0.5714285714285714
19647,0.0048000000000000004,8.664293601107107e-08,0.0021054733039971296,0.020317029335202453,0.00014952778657256153,0.33766233766233766
19649,0.0054,1.6215473160652357e-06,0.0021054733039971296,0.021340961528144093,0.00042436370424296123,0.5064935064935064
19651,0.0032,1.0685232741192861e-06,0.0016033665244477024,0.020083876689105176,8.690919498295169e-05,0.5220588235294118
19657,0.004200000000000001,7.26857909885487e-07,0.0020050116869441137,0.022458109916924866,8.690919498295169e-05,0.46190476190476193
19658,0.0028,0.0,0.0013023438542085763,0.006144593609654851,0.0005535666079023372,0.18681318681318682
19667,0.0176,2.938971269800915e-05,0.0068499955123555445,0.054336652616570405,0.002353457626004178,0.2557544757033248
19673,0.0014,4.77460518459839e-07,0.0004003602842119758,0.0009738220510600729,0.0004796938461513032,0.4
19680,0.0074,0.0,0.0027086662147308704,0.021851706763621463,0.0016086190475574315,0.2857142857142857
19689,0.0108,1.6096711300378535e-05,0.004623575890008391,0.03094348695895106,0.0011502416956231222,0.2294172062904718
19690,0.009,8.632478927036267e-06,0.0035140536841118397,0.03814097818587435,0.004392562372106592,0.38412698412698415
19691,0.007600000000000001,4.932864624456135e-06,0.003614818078621962,0.03357763454522182,0.00022462632571719173,0.26576576576576577
19697,0.0074,0.0,0.003111198322395703,0.022937390113693095,0.0013372948358500842,0.31451612903225806
19698,0.018400000000000003,9.995475556308066e-06,0.0060392477409603185,0.040232290988549066,0.0020298617572009903,0.25519125683060107
19699,0.023600000000000003,7.965271571517472e-05,0.0093920241763914,0.07176288048176584,0.005921464224850607,0.23198352779684284
19700,0.0204,2.4870107623697908e-05,0.007560472284055875,0.05311449383897576,0.003222782407902415,0.24035087719298245
19702,0.0086,0.0,0.003614818078621962,0.034050413966004084,0.0010924665948583569,0.35285285285285284
19703,0.004000000000000001,5.885710424322351e-07,0.0016033665244477024,0.010188144967280158,0.00017498533778900814,0.5073529411764706
19706,0.01,0.0,0.003312585572165627,0.022717811378116803,0.0010695795566638597,0.33511586452762926
19707,0.006000000000000001,2.2327131153138165e-07,0.002909891886128557,0.0342801824744392,7.454492852029479e-05,0.38620689655172413
19708,0.019000000000000003,3.0318589387653832e-05,0.007865269305625366,0.06351928829085444,0.0023865500571539928,0.26906848425835767
19709,0.018400000000000003,1.2180380532944528e-05,0.007255859522650399,0.03959886584245341,0.0014184752211461832,0.158675799086758
19710,0.0148,5.211719015451404e-06,0.0067485806004177196,0.06872421438708158,0.0007273310756358962,0.3674275680421422
19721,0.005600000000000001,0.0,0.0025075212596070706,0.025156532973844004,0.000151421189666207,0.42153846153846153
19729,0.005600000000000001,3.39981703631273e-06,0.0023064569722013317,0.018899092453163655,0.00025868132855688816,0.3333333333333333
19734,0.002,0.0,0.0009012615859320672,0.005340733865159155,0.0001596952757598071,0.4666666666666667
19735,0.006200000000000001,2.6964388121554787e-06,0.0030105350056146563,0.04051296041529803,0.00019577691880379904,0.4838709677419355
19736,0.001,0.0,0.0004003602842119758,0.004491244987044491,4.618883221350304e-05,0.6
19738,0.0092,3.959913295878871e-06,0.003312585572165627,0.01654389514477519,0.0019340551251066243,0.33511586452762926
19742,0.0098,4.843255111056268e-06,0.004018078055767926,0.033756382296069906,0.0007353296015221517,0.3182926829268293
19744,0.0006000000000000001,0.0,0.00030024016811047716,0.003046144507248735,0.0,0.6666666666666666
19745,0.003,0.0,0.0011017625556131172,0.003129330904474625,0.00015441866710792524,0.5454545454545454
19751,0.0024000000000000002,0.0,0.0011017625556131172,0.014646354977552779,0.0001924148643917032,0.4696969696969697
19784,0.0018,0.0,0.0008010412093559793,0.008392574888488574,5.1308490108327854e-05,0.3888888888888889
19796,0.0024000000000000002,3.2351010770003195e-06,0.0008010412093559793,0.0011226788732785061,0.00020602670070903528,0.3055555555555556
19813,0.0012,0.0,0.0006006606425976724,0.0022797915758642727,5.1308490108327854e-05,0.3333333333333333
19815,0.0012,1.6068587421309052e-07,0.0006006606425976724,0.0058407536838128195,0.0,0.7142857142857143
19820,0.0026,1.8168916356720772e-06,0.0012020431607797644,0.009444940723292532,0.0001324138632738483,0.4230769230769231
19849,0.0034000000000000002,2.11047581271282e-06,0.0017037476313173094,0.013637584546152395,6.881356311907029e-05,0.26143790849673204
19858,0.003,0.0,0.0014026646419362798,0.010743373706866271,2.127377056095948e-05,0.2857142857142857
19865,0.0068000000000000005,5.857655995209511e-06,0.0032118818425515006,0.018400943111364986,0.00011723450196973631,0.3181818181818182
19867,0.0006000000000000001,0.0,0.00030024016811047716,0.0028844942401807534,2.127377056095948e-05,0.6666666666666666
19877,0.0098,5.86746134705704e-06,0.004219829569195754,0.02291482912947564,0.0007406953180680733,0.4363233665559247
19883,0.0176,1.730490987725594e-05,0.007154362853342144,0.07192736545638065,0.00785798395342083,0.34624413145539906
19890,0.0038,1.5424632741001918e-08,0.0017037476313173094,0.014666135703955984,0.00029860767636806843,0.4117647058823529
19907,0.003,2.1521374623473437e-07,0.001503005530002266,0.014783494275767417,0.0,0.6083333333333333
19926,0.0034000000000000002,1.4723945909296267e-07,0.001503005530002266,0.016690577527570354,7.64584064617763e-05,0.4666666666666667
19943,0.005000000000000001,1.5083479040824669e-06,0.0025075212596070706,0.021007858779872015,0.0006538544106787395,0.38769230769230767
19947,0.0106,4.40524328506818e-05,0.0048255707952091775,0.019292587605922434,0.0024372373646216585,0.2227891156462585
19949,0.004200000000000001,2.2976177999279683e-06,0.0020050116869441137,0.018546363033507915,4.756422080994752e-05,0.45714285714285713
19967,0.006600000000000001,5.76532648572271e-06,0.0028092689578591568,0.0032361566050996115,0.0023572435892116874,0.35467980295566504
19974,0.0026,6.575591915051935e-08,0.0013023438542085763,0.012599052779959596,0.0,0.5714285714285714
19977,0.0058000000000000005,3.3339382485566584e-06,0.0024069790354728227,0.009096843559911987,0.0021221942441610087,0.4066666666666667
19986,0.004600000000000001,2.066258978530544e-06,0.002205955063729892,0.01538183401243344,2.3697363674392508e-05,0.4268774703557312
19987,0.0028,1.8871422949168528e-06,0.0013023438542085763,0.0067156006375219315,0.00011412232779872287,0.38461538461538464
20008,0.0176,1.8411988544276548e-05,0.007052886632642474,0.04926463276402983,0.010206402658501293,0.3847082494969819
20009,0.0094,3.0660995707202026e-06,0.0034133095173229933,0.02602156753451505,0.002111583660505058,0.4789915966386555
20015,0.013600000000000001,1.3103539514743707e-05,0.005432043077715942,0.05723650512244566,0.0010193302818977982,0.36835016835016837
20016,0.005000000000000001,6.818305858903987e-07,0.002205955063729892,0.02541483620796006,0.0009188179798389234,0.5691699604743083
20019,0.0098,4.65031021526936e-06,0.0048255707952091775,0.05192037238343471,3.300921906313685e-05,0.3171768707482993
20027,0.0024000000000000002,4.5448606632651914e-07,0.0009012615859320672,0.0046162930937102,8.923666673004013e-05,0.4444444444444444
20028,0.013600000000000001,1.809059840072828e-05,0.0049265987054252225,0.04056115451551083,0.0009373704984368079,0.4016326530612245
20034,0.004200000000000001,7.198875441021942e-07,0.0018041488566566954,0.01600682947218182,0.0004786424103286124,0.5555555555555556
20035,0.024200000000000003,0.00013429380860622146,0.01000402181482829,0.06517622916404693,0.00132759324307513,0.20303030303030303
20042,0.006600000000000001,1.0868013821887518e-06,0.002608083650670334,0.014650510560019214,0.0005054620877767243,0.358974358974359
20046,0.008,4.023336140670743e-06,0.00381640757517987,0.03538105524304981,0.00014907132029298178,0.2631578947368421
20048,0.0028,0.0,0.0012020431607797644,0.007767977859011352,5.721021108254123e-05,0.358974358974359
20056,0.0108,8.952377414438997e-06,0.004421662164313389,0.04131979404120176,0.0006712413252684548,0.4393939393939394
20060,0.0158,7.151275577626781e-06,0.006140519815011292,0.05794389248484187,0.001318873861079407,0.3818085668958223
20063,0.004600000000000001,5.77410599030457e-07,0.0021054733039971296,0.02142962783678156,9.125854098684363e-05,0.3939393939393939
20064,0.012,7.634750511944372e-06,0.0048255707952091775,0.04268470763640861,0.0010300604356496602,0.3945578231292517
20072,0.009,1.080814338677437e-05,0.003614818078621962,0.021438324296935443,0.0016273365893702861,0.3183183183183183
20079,0.0152,2.7767675639590513e-05,0.006241812275992631,0.04262473203872007,0.00266277206790022,0.3425499231950845
20091,0.0118,7.681756594813765e-06,0.0052298043400367256,0.027148054620960756,0.00036172428820803904,0.32728592162554426
20105,0.006200000000000001,2.1642586971389894e-06,0.0027086662147308704,0.009466754716074222,0.00020874918963385033,0.4708994708994709
20124,0.0028,1.1882951685386697e-06,0.0013023438542085763,0.009852352540140764,0.0002745528675452704,0.3956043956043956
20149,0.0022,7.079403450965283e-08,0.0008010412093559793,0.005916103549864748,0.00015723655127800138,0.7777777777777778
20159,0.0082,1.133660336449924e-05,0.0032118818425515006,0.01844161607952007,0.0005549270899673251,0.24053030303030304
20164,0.0036,2.004005860855107e-06,0.0013023438542085763,0.005066924206703665,0.00043201961451528085,0.4175824175824176
20165,0.0026,8.875868612394443e-08,0.0010015020326745727,0.007689934409288534,0.00047589133194337935,0.4909090909090909
20167,0.0068000000000000005,3.5514869245052147e-06,0.0028092689578591568,0.028583717706793067,0.0006950399276446408,0.43842364532019706
20170,0.0048000000000000004,6.276971619753996e-06,0.0021054733039971296,0.015302184324221185,0.00047520789687204707,0.3593073593073593
20171,0.0082,9.915596237620775e-06,0.0035140536841118397,0.02107829162253082,0.000715465708861037,0.2968253968253968
20173,0.006000000000000001,1.8708864737962193e-06,0.0024069790354728227,0.022895979607282964,0.0004365674787298446,0.41333333333333333
20176,0.004000000000000001,1.6370853329252962e-06,0.0017037476313173094,0.01398913253650081,0.0002029406878006879,0.4117647058823529
20177,0.0024000000000000002,2.7945013622231376e-08,0.0008010412093559793,0.005793978094940075,0.00022388368633248143,0.8333333333333334
20178,0.004000000000000001,1.033846852191046e-06,0.0018041488566566954,0.022900995199555862,9.801776102954087e-05,0.42105263157894735
20182,0.003,9.65034470421057e-08,0.0011017625556131172,0.006504525849184763,0.0003827245639900751,0.6212121212121212
20200,0.0058000000000000005,4.771929653208014e-06,0.0024069790354728227,0.012068180403355302,0.0012784954038091655,0.30333333333333334
20234,0.0018,8.875868612394443e-08,0.0007008408969193525,0.00582950563776889,0.00012156189965765063,0.7142857142857143
20236,0.002,3.2136765665566083e-07,0.0007008408969193525,0.0008693831103530857,0.0004026588347115593,0.6785714285714286
20248,0.0016,4.846020219410757e-07,0.0006006606425976724,0.0015220481999971107,0.00012368122935604213,0.3333333333333333
20255,0.004000000000000001,1.0050106539779159e-08,0.0020050116869441137,0.025524717448215047,0.0,0.42857142857142855
20269,0.0074,5.114448181866037e-06,0.0028092689578591568,0.02295147337364279,0.0006300943938347994,0.35714285714285715
20292,0.0004000000000000001,0.0,0.00020014008604940514,0.0008368909596776124,0.0,0.6666666666666666
20305,0.0036,6.870986852690055e-08,0.0017037476313173094,0.01847441679134098,9.590522130326507e-05,0.43790849673202614
20340,0.004200000000000001,5.589002724446275e-08,0.0019045702065152437,0.02349475403665147,0.00013139292011365023,0.5473684210526316
20343,0.002,2.9968809251619164e-07,0.0007008408969193525,0.003808595313635827,0.00015873414036075763,0.6071428571428571
20362,0.0154,3.4421257448725154e-05,0.007357376646748959,0.046308671913650054,0.012571499475544432,0.21510551647537948
20363,0.029800000000000004,6.108542763412604e-05,0.013280580831562583,0.09699491036983643,0.010014801621583556,0.22357159380060143
20366,0.015600000000000001,2.164854855685978e-05,0.006241812275992631,0.06099162279607051,0.0028132854500269467,0.37019969278033793
20367,0.017800000000000003,1.6687125603173022e-05,0.006951430854372331,0.035314578001262906,0.01219033315457494,0.28530020703933745
20374,0.0084,8.956851745453487e-06,0.00381640757517987,0.032455273147403735,0.0029042658735611467,0.3522267206477733
20377,0.0238,3.340248408055709e-05,0.00878076760472113,0.06559065124040392,0.004858143243318355,0.27612330198537094
20379,0.0468,0.00018236929099233376,0.017095697776516428,0.11558446065106473,0.014569933071937564,0.22583826429980275
20383,0.0342,8.298483854752894e-05,0.014720768534778994,0.11951869692324898,0.004150127225528348,0.30977798771846954
20386,0.020800000000000003,3.5306833729876286e-05,0.007763649814764628,0.052624399278833126,0.00924663544512328,0.23809523809523808
20387,0.0148,2.8587112319896996e-06,0.006444458383373597,0.07210636113797086,0.0017468772023396546,0.3894230769230769
20392,0.0058000000000000005,5.192122582018552e-07,0.0021054733039971296,0.01560745124991389,0.0009158749758602535,0.24675324675324675
20395,0.005000000000000001,7.369850488435698e-07,0.0023064569722013317,0.032057990243154935,0.0008217551576116567,0.4782608695652174
20396,0.0044,3.214148689939462e-06,0.0014026646419362798,0.008874109476328766,0.001090243068861308,0.42857142857142855
20397,0.0238,3.6146817277683195e-05,0.010310298955357844,0.09854872328219004,0.004087551303473087,0.3310489244241386
20400,0.0116,1.4785787672734829e-06,0.00472456319211112,0.05941295455577346,0.006713768154244938,0.44680851063829785
20403,0.011,2.4999291010464697e-05,0.00472456319211112,0.03270358371839219,0.0015480709394787577,0.30939716312056736
20405,0.005600000000000001,1.3052517069991414e-05,0.0028092689578591568,0.016424297405235336,0.0,0.2660098522167488
20406,0.004000000000000001,3.3610808485635444e-06,0.0019045702065152437,0.012808141834268774,6.806176130738607e-05,0.25263157894736843
20409,0.0012,0.0,0.0005005004403684232,0.0026748018749700557,0.0001119826908524531,0.6
20410,0.0018,4.063961824791378e-07,0.0008010412093559793,0.0072143066064755505,0.00012832878294176137,0.4444444444444444
20412,0.005200000000000001,3.9740359961925163e-07,0.0024069790354728227,0.03049893504091682,0.00019956788005783866,0.48
20413,0.0132,2.6033880587675552e-05,0.005330913539993931,0.0424876285616642,0.0015553992189289243,0.27672955974842767
20414,0.01,1.1283433098783374e-05,0.0043207357284889,0.03245675667133868,0.0019811638057631374,0.23678646934460887
20416,0.0064,2.024989479893676e-06,0.0027086662147308704,0.024974722273008256,0.001282260920118055,0.3253968253968254
20418,0.0108,2.5427703443697446e-05,0.0048255707952091775,0.0432939388032661,0.0003669281476755493,0.3120748299319728
20420,0.0084,5.021886686363659e-06,0.003715602706946264,0.04163463733978673,0.0010676061829402637,0.46372688477951635
20427,0.017200000000000003,1.5161167105772222e-05,0.007865269305625366,0.06790518315836157,0.0004622765389382773,0.34112301200908796
20428,0.006200000000000001,4.5634207245103835e-06,0.002608083650670334,0.02286697569405796,0.000215922842936344,0.28774928774928776
20435,0.0006000000000000001,4.982444289235051e-09,0.00030024016811047716,0.005334331216007593,0.0,0.8333333333333334
20441,0.0058000000000000005,2.458785868903071e-07,0.0023064569722013317,0.0216670888124613,0.0008386793758298597,0.4601449275362319
20456,0.003,0.0,0.0011017625556131172,0.0033111918286232705,0.0021951674435454595,0.3787878787878788
20460,0.0016,2.4912133617298548e-08,0.0008010412093559793,0.01000547058908342,0.0,0.5555555555555556
20469,0.0028,1.2029586499523718e-07,0.0013023438542085763,0.015958834899419305,0.00031939625204746276,0.4065934065934066
20485,0.0012,3.067600358985854e-08,0.0005005004403684232,0.0068915985626080214,2.3502167049539464e-05,0.6666666666666666
20496,0.004200000000000001,1.0472130730216946e-06,0.0019045702065152437,0.02221531430075663,0.0009323938510803724,0.5157894736842106
20497,0.004200000000000001,1.2704824712071902e-06,0.001503005530002266,0.004801898448686398,0.0012282892652294135,0.25833333333333336
20514,0.006000000000000001,3.055619242485496e-06,0.002608083650670334,0.0260067824574429,0.0007942239267628063,0.4985754985754986
20518,0.0006000000000000001,4.284902088742144e-07,0.00030024016811047716,0.003413599848465716,0.00020169662461416455,0.5
20520,0.0008,0.0,0.0004003602842119758,0.0005892866212259991,8.027085923958954e-05,0.5
20547,0.0,0.0,0.0,0.0,0.0,0.0
20558,0.0018,5.642871345036893e-07,0.0007008408969193525,0.003373059315466701,0.0004265222637059278,0.6071428571428571
20574,0.0002,0.0,0.00010006003201601388,8.618011630654506e-05,0.0,1.0
20579,0.0034000000000000002,2.421221155927514e-06,0.0013023438542085763,0.007126758699195206,0.0009700884608788873,0.31868131868131866
20580,0.0006000000000000001,0.0,0.00020014008604940514,0.0025877963512070303,0.00022465299294940498,0.6666666666666666
20595,0.0008,1.2602653202182778e-08,0.0004003602842119758,0.0070173666962716,0.00018232731735721595,0.9
20599,0.0118,2.3930761795127623e-05,0.0052298043400367256,0.04258613022283622,0.004059866561690164,0.34615384615384615
20601,0.0022,3.4118532881609327e-06,0.0010015020326745727,0.0037648377008904534,0.00019414626821263339,0.2909090909090909
20602,0.001,0.0,0.0004003602842119758,0.0040095046694312644,7.360685749597758e-05,0.6
20606,0.0012,0.0,0.0005005004403684232,0.004989599361051476,7.015098952827979e-05,0.3333333333333333
20611,0.0002,0.0,0.00010006003201601388,0.00019796719525341875,0.0,1.0
20619,0.005000000000000001,0.0,0.0023064569722013317,0.027496144249253767,0.00022117987881845524,0.44565217391304346
20620,0.0038,6.054281633642162e-07,0.0017037476313173094,0.015978194342114505,0.0005933040696597033,0.40522875816993464
20626,0.0466,0.00012535646791428156,0.01761345824974958,0.12262680244546953,0.008890594759974273,0.2622417115141851
20627,0.006000000000000001,2.5639278430660874e-07,0.002909891886128557,0.03608470172165508,2.909183859009924e-05,0.45057471264367815
20629,0.002,0.0,0.0010015020326745727,0.012534125433098404,1.8699323553401687e-05,0.6363636363636364
20631,0.0048000000000000004,5.055068074040617e-07,0.0021054733039971296,0.02116059609792652,0.00016089049940595107,0.3463203463203463
20633,0.005000000000000001,1.4784523071607294e-06,0.001503005530002266,0.007854308307055998,0.0007109797720577827,0.4166666666666667
20646,0.0024000000000000002,0.0,0.0008010412093559793,0.004040557175436834,0.0002489559118759613,0.5
20648,0.0048000000000000004,0.0,0.0018041488566566954,0.01091101959607859,0.0005902277591625281,0.3742690058479532
20651,0.0036,6.037120978602771e-07,0.0012020431607797644,0.006219869521822645,0.0004286189414307713,0.6410256410256411
20652,0.004000000000000001,3.4267095472086837e-06,0.0016033665244477024,0.011880495411269378,0.0005224428543318208,0.4117647058823529
20658,0.0018,1.071225522185536e-07,0.0006006606425976724,0.0017627340954326463,0.0002885602390871018,0.7619047619047619
20662,0.0044,1.9053444196434205e-06,0.0017037476313173094,0.00959752418577886,0.0006079949365425794,0.43137254901960786
20675,0.0004000000000000001,0.0,0.00020014008604940514,0.0014965092998678615,0.0,0.6666666666666666
20700,0.0008,6.427353133113217e-07,0.0004003602842119758,0.0011299752176028213,2.1453833617777725e-05,0.4
20705,0.0074,2.705692213090211e-06,0.003111198322395703,0.024109870260558712,0.0008631558828006237,0.34475806451612906
20708,0.006600000000000001,3.7484339368624268e-06,0.002608083650670334,0.016527838248963537,0.0013678525094177386,0.3732193732193732
20721,0.0004000000000000001,0.0,0.00020014008604940514,0.0007603740870135971,0.0,1.0
20726,0.005600000000000001,1.062706835043568e-05,0.0021054733039971296,0.021241519432445545,0.0007362286017250948,0.2943722943722944
20730,0.0004000000000000001,0.0,0.00020014008604940514,0.0008494882987962731,0.0,0.6666666666666666
20738,0.001,0.0,0.0004003602842119758,0.003816010235026708,2.5410278059986944e-05,0.6
20749,0.0018,9.992654076053211e-08,0.0008010412093559793,0.010893012275966205,6.580967206111217e-05,0.4166666666666667
20777,0.0012,4.820514849834912e-07,0.0004003602842119758,0.0005693093508064608,0.00019388358896325441,0.6
20782,0.0024000000000000002,1.5670499067399843e-06,0.0010015020326745727,0.008032515214477929,0.00010350931797419602,0.4909090909090909
20794,0.0048000000000000004,3.948810249416185e-06,0.0019045702065152437,0.008858202976113254,0.00028390972873364975,0.3157894736842105
20803,0.0036,2.893058018657721e-06,0.0014026646419362798,0.01198112423117947,0.00023596863497227065,0.44761904761904764
20808,0.0028,7.881619215622183e-07,0.0010015020326745727,0.007782450227632109,0.00020507590298637706,0.509090909090909
20821,0.0026,0.0,0.0012020431607797644,0.01247828616237432,0.0001596568985528672,0.48717948717948717
20823,0.0058000000000000005,0.0,0.0027086662147308704,0.029225406372559628,9.343889489126802e-05,0.4417989417989418
20830,0.002,0.0,0.0008010412093559793,0.008055738571712365,0.00019637465718339725,0.3888888888888889
20838,0.004000000000000001,8.373412831750274e-07,0.001503005530002266,0.010934011195521828,0.0011963767297614035,0.4583333333333333
20842,0.0032,0.0,0.001503005530002266,0.017021967383607638,7.81427116746501e-05,0.35833333333333334
20844,0.001,0.0,0.0004003602842119758,0.0023896049352036385,0.00011581636952720737,0.5
20857,0.002,7.165262112840841e-07,0.0010015020326745727,0.012824777472792048,0.0,0.4727272727272727
20866,0.004200000000000001,1.6639859870052499e-06,0.0016033665244477024,0.005538802334509841,0.00020608923056777972,0.35294117647058826
20877,0.004600000000000001,1.7412002121545484e-06,0.0020050116869441137,0.01977839719334701,0.00012499399311250087,0.37142857142857144
20880,0.0084,8.648452186630204e-06,0.003111198322395703,0.021800384047921343,0.0008047516082486361,0.2620967741935484
20915,0.0074,4.475688676764478e-06,0.002909891886128557,0.016102939155365977,0.001828049029597806,0.3310344827586207
20921,0.002,4.0485523306726374e-07,0.0009012615859320672,0.005819624585917334,0.00010756827578820992,0.4
20935,0.005200000000000001,0.0,0.002205955063729892,0.015241613029132312,0.0006822766345089825,0.41106719367588934
20967,0.003,0.0,0.0013023438542085763,0.004232377205745456,0.0001227951363996202,0.4835164835164835
20976,0.0044,5.403492092932318e-07,0.0021054733039971296,0.01393438322342767,3.721956888332837e-05,0.5324675324675324
20979,0.0038,5.473589671947828e-07,0.0018041488566566954,0.009532462672164708,3.815114611301507e-05,0.6198830409356725
20992,0.006200000000000001,9.199182168225435e-06,0.002608083650670334,0.011565964383706821,0.0001927769187450015,0.3561253561253561
20997,0.0048000000000000004,1.030578464871496e-06,0.002205955063729892,0.013798681833985856,0.000310363352752227,0.466403162055336
20999,0.0022,4.89230721705047e-07,0.0011017625556131172,0.013954881731255694,0.0,0.5909090909090909
21007,0.001,5.17660206886971e-07,0.0005005004403684232,0.0036082696596192385,0.0,0.6666666666666666
21014,0.0032,4.908889166461441e-07,0.0013023438542085763,0.01108758632267811,0.00017939229645881974,0.5714285714285714
21050,0.003,4.015659916411946e-07,0.0014026646419362798,0.007446526820475124,2.5817512795442638e-05,0.6
21055,0.0008,2.3614189867817433e-07,0.0004003602842119758,0.0023901952256061756,0.0,0.6
21056,0.001,0.0,0.0004003602842119758,0.0013992814978122147,4.2038280554026835e-05,0.5
21057,0.0142,3.1568050146176206e-05,0.0060392477409603185,0.036797967839398704,0.0019914254134529544,0.27704918032786885
21072,0.0038,1.416724369864633e-07,0.0017037476313173094,0.01794247300595357,0.00013695179874458356,0.3790849673202614
21090,0.0036,3.430017547015383e-07,0.0016033665244477024,0.012834242884697578,0.0002097632346002937,0.5073529411764706
21120,0.0012,6.641598237550324e-08,0.0005005004403684232,0.00514142393676081,9.010004284408155e-05,0.6
21123,0.002,3.160115290447332e-07,0.0007008408969193525,0.004366232214107622,0.0002511224823779978,0.5
21134,0.0016,0.0,0.0008010412093559793,0.010071374050929283,3.0936792744751425e-05,0.7222222222222222
21136,0.0022,1.2022071883073132e-06,0.0009012615859320672,0.005139441398697658,0.0007169422622892299,0.4222222222222222
21142,0.0022,3.909395167712885e-07,0.0010015020326745727,0.0122527993056511,0.00020289052849785133,0.6363636363636364
21144,0.0152,5.968876244124793e-06,0.007154362853342144,0.07121649705282444,0.0012829209637494855,0.38380281690140844
21152,0.001,0.0,0.0004003602842119758,0.0010921721670145495,0.00019438603189667026,0.5
21165,0.0004000000000000001,0.0,0.00020014008604940514,0.000298197160843049,0.0,0.6666666666666666
21171,0.0012,0.0,0.0005005004403684232,0.002569084160783339,5.465531155260145e-05,0.5333333333333333
21192,0.0008,6.121288698203064e-09,0.0004003602842119758,0.005693732960174556,0.0,0.7
21198,0.0106,1.9643193625284214e-05,0.005027646928883245,0.040431897100812755,4.348982509615965e-05,0.3027450980392157
21212,0.0038,4.296031992233232e-07,0.001503005530002266,0.009780479022178618,0.0004976771398433449,0.5166666666666667
21227,0.0006000000000000001,0.0,0.00030024016811047716,0.000420354318821951,0.00015918914167147784,0.6666666666666666
21241,0.007000000000000001,6.159139718308979e-06,0.0030105350056146563,0.03332246238783551,0.00031172956722757053,0.3741935483870968
21254,0.0026,0.0,0.0008010412093559793,0.001288315157555767,0.0003531955045822081,0.6111111111111112
21261,0.011,1.2074216258593373e-05,0.004421662164313389,0.030890207092446168,0.0006934707706692625,0.29797979797979796
21264,0.005200000000000001,2.2305643961233664e-06,0.0021054733039971296,0.020304951446813255,0.0003183211468889373,0.5151515151515151
21265,0.0108,2.5164490943400288e-05,0.00472456319211112,0.028480959376889176,0.00032942605675830017,0.21808510638297873
21275,0.0008,0.0,0.0004003602842119758,0.006277003986349512,0.0,0.5
21285,0.0032,2.0790357086018465e-07,0.0012020431607797644,0.004916757814788954,0.00020180619711200815,0.7051282051282052
21309,0.0122,1.49610899115613e-05,0.005432043077715942,0.03840452673631299,0.0028853304672474137,0.3542087542087542
21314,0.028600000000000004,0.00013162516308615313,0.012459450055088084,0.0614837547572695,0.01234261860095794,0.23262522947810124
21317,0.0064,1.8049339298379835e-06,0.0027086662147308704,0.023767542907238384,0.0012312221166942174,0.3253968253968254
21318,0.005000000000000001,0.0,0.0023064569722013317,0.02071501832606276,0.00010422587595101246,0.391304347826087
21322,0.0024000000000000002,0.0,0.0009012615859320672,0.007881018657727215,0.00030157551353639255,0.35555555555555557
21324,0.0022,3.1586430929920105e-08,0.0010015020326745727,0.02117736892887793,0.0005921427028659744,0.6181818181818182
21335,0.005000000000000001,1.2150356793394334e-06,0.002205955063729892,0.016794440676764808,0.0016907813912265032,0.5335968379446641
21359,0.0012,2.142451044371072e-07,0.0004003602842119758,0.0036952775008050453,0.00017195328040428722,0.6
21362,0.0152,3.6768336478732414e-05,0.0057355537788557065,0.03317780292543576,0.0015245060806083218,0.3702359346642468
21365,0.0026,1.9692501765917137e-07,0.0011017625556131172,0.010551068488839455,0.00022312842020775765,0.48484848484848486
21368,0.004200000000000001,1.2054633621499435e-06,0.0018041488566566954,0.00918441263725801,0.000254997329809638,0.30409356725146197
21385,0.0016,0.0,0.0004003602842119758,0.0006483952992699825,0.00013231520675562546,0.4
21404,0.0022,0.0,0.0010015020326745727,0.014097391841466442,4.853037333952539e-05,0.45454545454545453
21407,0.005000000000000001,7.781183234618493e-07,0.0018041488566566954,0.013999363136188703,0.0002493084971955422,0.543859649122807
21418,0.0022,1.0978001553320618e-06,0.0009012615859320672,0.006948838615751837,6.203936964111975e-05,0.3333333333333333
21419,0.002,8.779310332056246e-07,0.0009012615859320672,0.00786965674460361,2.1522570962967933e-05,0.4666666666666667
21420,0.019200000000000002,4.352479555524787e-05,0.009290096654512414,0.08313013068281885,0.0002699239624632801,0.3174380551659654
21423,0.0096,7.508260469110329e-06,0.004118943680324838,0.02622793726644435,0.004254566364394064,0.32868757259001163
21425,0.0018,0.0,0.0007008408969193525,0.007975605112796933,0.00015467903580740545,0.6428571428571429
21426,0.0078000000000000005,7.518972728366411e-06,0.003715602706946264,0.02834951822942622,0.0028549383104970053,0.22901849217638692
21428,0.006000000000000001,1.5066701125598277e-06,0.0027086662147308704,0.029033194690993445,0.0007194413683717357,0.35978835978835977
21429,0.0036,4.714073892159549e-06,0.0013023438542085763,0.004493862029071429,0.00033074281739862944,0.2857142857142857
21438,0.0158,3.25406302953574e-05,0.007255859522650399,0.06302516618027196,0.003075000673358818,0.2876712328767123
21449,0.005600000000000001,3.196552986751102e-06,0.0027086662147308704,0.03467735096454555,2.1522570962967933e-05,0.4656084656084656
21453,0.0028,1.2834301970565755e-06,0.0012020431607797644,0.014728171137929458,0.00010258629028595261,0.5512820512820513
21454,0.013600000000000001,7.4869787406844e-06,0.004623575890008391,0.02326784564923763,0.0016779652053024248,0.26549491211840887
21455,0.012,5.286022958881425e-06,0.004421662164313389,0.038693273568938424,0.0015798185117799563,0.36767676767676766
21459,0.008,4.583378706475048e-06,0.002909891886128557,0.026007941488468408,0.001516045721692567,0.4206896551724138
21464,0.005600000000000001,1.432656130281841e-06,0.0023064569722013317,0.01272044134613691,0.0005567134916788084,0.30434782608695654
21486,0.006200000000000001,1.5278494177260015e-06,0.0023064569722013317,0.014380819277487796,0.006854150363601809,0.38768115942028986
21488,0.0018,0.0,0.0006006606425976724,0.0004853926102263541,0.00037744821319872425,0.6190476190476191
21493,0.0018,6.295939321273761e-07,0.0008010412093559793,0.005883587034501066,0.0006337176542062702,0.5277777777777778
21497,0.0014,4.296318346527425e-07,0.0006006606425976724,0.007372245905059072,0.00031135825179543343,0.5714285714285714
21499,0.001,0.0,0.00030024016811047716,0.000209905063405391,0.00025626944100754596,1.0
21502,0.0028,1.0069943596950969e-06,0.0013023438542085763,0.014616154854730463,0.00012261996923206117,0.4065934065934066
21503,0.0008,0.0,0.0004003602842119758,0.002167619818831566,0.00012261996923206117,0.5
21524,0.0122,1.8651503383518616e-05,0.006140519815011292,0.03753710504736453,0.001147936588222754,0.2855631940772078
21548,0.008,9.67513685086695e-06,0.004018078055767926,0.024083982702405173,0.0005189484154320634,0.4121951219512195
21581,0.020600000000000004,3.0366314093173454e-05,0.007865269305625366,0.061037343666561134,0.006131627686534976,0.29308666017526774
21584,0.0058000000000000005,1.686287583324562e-06,0.0028092689578591568,0.023566480902766408,2.8719066263299393e-05,0.5073891625615764
21585,0.021800000000000003,1.8702610540583674e-05,0.008170250754597985,0.045643706791339486,0.003724796984281107,0.3327311050888287
21589,0.0012,1.9720288022051916e-07,0.0006006606425976724,0.005281252498646881,0.0004280329414930898,0.5238095238095238
21591,0.0068000000000000005,5.158746578229798e-06,0.003312585572165627,0.03710456836667106,1.9055814076335666e-05,0.41889483065953653
21592,0.0008,0.0,0.0004003602842119758,0.006936008848940628,0.0,0.6
21594,0.0036,0.0,0.0016033665244477024,0.018910297887196562,0.0002091976215674703,0.5294117647058824
21644,0.002,1.9873577693065386e-07,0.0010015020326745727,0.0024689069033863847,0.0,0.4909090909090909
21652,0.001,0.0,0.0004003602842119758,0.0008735824833529682,3.807153365318597e-05,0.6
21660,0.0002,0.0,0.00010006003201601388,0.0005356187342811106,0.0,1.0
21670,0.0036,1.0477930304760574e-06,0.0017037476313173094,0.012034814349411255,3.807153365318597e-05,0.5555555555555556
21704,0.0142,9.593939933275035e-06,0.005330913539993931,0.03868695917601134,0.0008228431033384802,0.28232005590496156
21706,0.0114,4.291685213670999e-06,0.0056343631910062975,0.03515938678803383,0.0007854555275884403,0.39536340852130325
21731,0.0626,0.00026942854196803967,0.02502294878784106,0.15575883864755974,0.03443219193348941,0.20140515222482436
21741,0.007200000000000001,1.2939304046334e-06,0.0034133095173229933,0.026636730535299077,0.0004759756184640761,0.346218487394958
21750,0.004600000000000001,2.1702309372299245e-07,0.002205955063729892,0.01153983948396933,9.16546373275135e-05,0.5138339920948617
21751,0.013,5.107089022586133e-06,0.005128715471710565,0.03351511938705817,0.0014295878681294663,0.2579185520361991
21761,0.0054,0.0,0.0019045702065152437,0.00842590139010611,0.0010433109303393017,0.2789473684210526
21764,0.002,1.3207642460850434e-07,0.0009012615859320672,0.011809165162742549,7.770901868048611e-05,0.4
21769,0.0002,0.0,0.00010006003201601388,0.0006958233620669848,0.0,1.0
21787,0.0044,1.3030598559508776e-07,0.0020050116869441137,0.02533168767588456,0.00014201834458399485,0.43333333333333335
21799,0.004000000000000001,1.3456864855212546e-06,0.0014026646419362798,0.018940957931939055,0.00040387425398783004,0.5619047619047619
21803,0.012,1.1709357405764615e-05,0.0049265987054252225,0.03624458360996134,0.0006617578748714779,0.2220408163265306
21810,0.0014,3.0606443491015313e-08,0.0005005004403684232,0.0068819288566295735,3.710857247304065e-05,0.7333333333333333
21845,0.0012,1.4008333751657009e-06,0.0005005004403684232,0.006314890420053121,0.00012548961516497409,0.5333333333333333
21849,0.0038,2.93377838262805e-06,0.0017037476313173094,0.014998518820401777,0.00022630192422809915,0.3333333333333333
21853,0.0092,3.98450251735083e-06,0.0032118818425515006,0.029882688721802126,0.0008103784025762681,0.4053030303030303
21874,0.0024000000000000002,1.4964927423605522e-06,0.0009012615859320672,0.009723240200711459,0.0003283706804400703,0.4444444444444444
21884,0.0078000000000000005,8.594973513025042e-07,0.003614818078621962,0.025666195127755923,0.00014195622901208202,0.25825825825825827
21895,0.016800000000000002,2.508059053219436e-05,0.007154362853342144,0.05225023326074184,0.0008174276984653264,0.24178403755868544
21896,0.005200000000000001,3.4372421461025686e-06,0.002608083650670334,0.025210590267341886,0.0,0.452991452991453
21899,0.0018,8.722836394939367e-08,0.0009012615859320672,0.010680494795389971,0.0,0.6
21900,0.0084,1.0825777303167489e-05,0.0034133095173229933,0.030571578837723237,0.0005007972717080315,0.3495798319327731
21902,0.0074,3.4548486087047267e-07,0.003111198322395703,0.042695230929303496,0.004360594476908653,0.6048387096774194
21904,0.006200000000000001,8.29153235216907e-06,0.0024069790354728227,0.02139742350339396,0.000508016321962603,0.38666666666666666
21907,0.006000000000000001,2.8635109184728127e-06,0.0025075212596070706,0.02146192474626339,0.0015439573216400782,0.3630769230769231
21911,0.006000000000000001,2.2695348040172995e-06,0.0028092689578591568,0.023716232575187117,0.0007986244229059742,0.4827586206896552
21923,0.007200000000000001,3.7110408891599555e-06,0.0034133095173229933,0.035365541649336724,0.00016005269224501168,0.3277310924369748
21927,0.0038,1.5289857475481238e-07,0.0014026646419362798,0.008394484884876503,0.0017851665605506414,0.3238095238095238
21939,0.0012,0.0,0.0006006606425976724,0.003997696851121229,4.875896783850756e-05,0.7142857142857143
21950,0.001,0.0,0.0005005004403684232,0.0048452978355958895,0.0,0.4666666666666667
21952,0.0026,0.0,0.0013023438542085763,0.012971555076804198,0.0,0.46153846153846156
21954,0.006600000000000001,2.8238613478982626e-06,0.002909891886128557,0.025310744299111166,0.0007216950087558194,0.3103448275862069
21955,0.006200000000000001,5.496164531024287e-06,0.002608083650670334,0.01595123714570394,0.0003298417287080277,0.22792022792022792
21962,0.011,4.511725956795754e-06,0.004219829569195754,0.04911824445091924,0.008180005276638761,0.3909191583610188
21965,0.004000000000000001,1.8969618622035534e-06,0.0020050116869441137,0.013881458422298303,8.343783629719383e-05,0.42857142857142855
21969,0.0002,0.0,0.00010006003201601388,0.00014421718660453942,0.0,1.0
21970,0.0002,0.0,0.00010006003201601388,0.0005336565229109155,0.0,1.0
21971,0.004000000000000001,0.0,0.0016033665244477024,0.022563179695634608,0.00027183715159176955,0.5955882352941176
21973,0.0032,0.0,0.0016033665244477024,0.022108452513924,0.0,0.5294117647058824
21974,0.0036,0.0,0.0016033665244477024,0.02559754334299554,0.0011672277005858093,0.5073529411764706
21976,0.0036,1.355324078616097e-06,0.0017037476313173094,0.016535802131078726,0.00023337897736681076,0.3790849673202614
21980,0.0044,2.182710289270792e-06,0.0020050116869441137,0.0064274183795814885,0.0012370926000421214,0.20952380952380953
21982,0.0028,1.1090152572489585e-06,0.0013023438542085763,0.016400785143171736,0.000322472368705125,0.4065934065934066
21984,0.0028,0.0,0.0011017625556131172,0.0021392620650026485,0.0005298666238726645,0.16666666666666666
21986,0.0054,1.6827495157873408e-06,0.0021054733039971296,0.021244410425405588,0.0016795712937874847,0.4805194805194805
21987,0.0014,0.0,0.0007008408969193525,0.008373114941594813,3.1722505755971044e-05,0.8214285714285714
21988,0.0024000000000000002,6.985152272360699e-07,0.0012020431607797644,0.009392666771355501,8.534403150621756e-05,0.34615384615384615
22020,0.0026,6.962965894205985e-07,0.0008010412093559793,0.000819697423071559,0.00047806167791564897,0.5277777777777778
22036,0.0074,1.8861359195190897e-06,0.0035140536841118397,0.03697827160934185,6.347527027216577e-05,0.4507936507936508
22041,0.005000000000000001,9.139530522798241e-07,0.0023064569722013317,0.014024512472038345,0.0020117485835112834,0.3115942028985507
22043,0.0034000000000000002,8.156952787323684e-07,0.0014026646419362798,0.012448038042050188,0.00023555332941715848,0.5428571428571428
22045,0.0054,4.2442694422505355e-06,0.0025075212596070706,0.018107667881277555,5.958325175424743e-05,0.31384615384615383
22059,0.003,4.875119527426837e-06,0.0012020431607797644,0.0039626870860600145,0.0005676900907488194,0.24358974358974358
22061,0.001,0.0,0.00030024016811047716,0.0002624057780465077,0.0003668040638992058,0.6666666666666666
22064,0.001,0.0,0.00030024016811047716,0.00021677884580507002,0.0003621892199855125,0.6666666666666666
22092,0.0016,0.0,0.0007008408969193525,0.004580562580457581,3.2183632259811536e-05,0.32142857142857145
22093,0.0028,5.757339641426848e-07,0.0011017625556131172,0.013942492156825803,0.00013574801531608335,0.5909090909090909
22099,0.001,7.141503481236908e-08,0.0005005004403684232,0.005979169621149473,0.0,0.6666666666666666
22112,0.002,1.2202232989415085e-06,0.0009012615859320672,0.012679230389855786,3.263668290932431e-05,0.4444444444444444
22116,0.0002,0.0,0.00010006003201601388,0.002266637088821924,0.0,1.0
22121,0.0008,1.6068382832783041e-07,0.00020014008604940514,0.00021808550638759226,0.00024106339316294254,0.6666666666666666
22124,0.0022,0.0,0.0010015020326745727,0.011229014715876881,8.01384922914975e-05,0.41818181818181815
22127,0.001,2.448515479281225e-07,0.0005005004403684232,0.0042275767520430965,0.0,0.7333333333333333
22131,0.0006000000000000001,0.0,0.00030024016811047716,0.0038150633714470385,0.0,0.8333333333333334
22135,0.0002,0.0,0.00010006003201601388,0.00014040994669722515,0.0,1.0
22139,0.0014,0.0,0.0006006606425976724,0.008756748789029016,8.01384922914975e-05,0.5238095238095238
22143,0.0012,0.0,0.0006006606425976724,0.008857381863529861,0.0,0.5238095238095238
22152,0.002,3.803584407089699e-07,0.0009012615859320672,0.003980482716425487,0.00034309815793387617,0.6444444444444445
22155,0.001,1.3772899570956893e-07,0.0005005004403684232,0.0015974667724003907,6.197988038425669e-05,0.6
22161,0.005200000000000001,0.0,0.0021054733039971296,0.010568526507997712,0.001140921087313214,0.42424242424242425
22187,0.0022,1.2319093505133666e-06,0.0009012615859320672,0.008291530905847824,0.000266354251146454,0.3111111111111111
22188,0.004200000000000001,0.0,0.0017037476313173094,0.01591125298913418,0.0009428645033919917,0.4117647058823529
22190,0.005200000000000001,4.461360007176883e-06,0.0017037476313173094,0.010644926311872738,0.0005441158428726582,0.3137254901960784
22192,0.0036,1.0903100575151946e-06,0.0017037476313173094,0.015174616391421987,0.003791840427459425,0.3660130718954248
22195,0.013,1.085259283535603e-05,0.0057355537788557065,0.06115210886917197,0.017868310151067168,0.39019963702359345
22200,0.0068000000000000005,6.0959701167036194e-06,0.0027086662147308704,0.025084713846024734,0.001010436273947798,0.38095238095238093
22202,0.011,1.5619999571256286e-05,0.005533192959340294,0.04229616969312264,8.455662218899082e-05,0.23506493506493506
22208,0.006200000000000001,1.6266133222425556e-06,0.0028092689578591568,0.0288277046608995,0.00016857644352981014,0.45073891625615764
22211,0.002,1.5402936734479796e-07,0.0009012615859320672,0.007490791726745872,0.000150560029559317,0.4444444444444444
22217,0.0004000000000000001,0.0,0.00020014008604940514,0.003783593002783841,0.0,1.0
22221,0.0086,4.839579626043863e-06,0.004118943680324838,0.04340493496838646,0.00017778660660209026,0.289198606271777
22224,0.0026,1.464008213653566e-06,0.0008010412093559793,0.0014819881659258773,0.0005762026914403741,0.3333333333333333
22226,0.0112,1.012457150196295e-05,0.005432043077715942,0.05519839945770745,0.00022021096616799997,0.42424242424242425
22228,0.004600000000000001,0.0,0.001503005530002266,0.009425985295687712,0.0011269082944548718,0.44166666666666665
22229,0.0106,1.7854721184126208e-06,0.004118943680324838,0.05342684343160209,0.002910313124101663,0.586527293844367
22230,0.0002,0.0,0.00010006003201601388,0.0018361752138305928,0.0,1.0
22234,0.0138,9.661744814233163e-06,0.0056343631910062975,0.040638216649114225,0.0015553769929446495,0.3408521303258145
22238,0.006200000000000001,0.0,0.0019045702065152437,0.008580090691618693,0.0009877165689970123,0.2736842105263158
22241,0.0008,0.0,0.0004003602842119758,0.007199652162939366,0.0,0.6
22242,0.0004000000000000001,0.0,0.00010006003201601388,7.060184600269585e-05,0.00012917117625352444,1.0
22243,0.002,0.0,0.0009012615859320672,0.009522394292200021,3.380846652044063e-05,0.4888888888888889
22246,0.0028,0.0,0.0012020431607797644,0.010370294265477524,0.0003327707193480578,0.5641025641025641
22249,0.0064,6.50870646710514e-07,0.002205955063729892,0.016904814440046014,0.0019425919946820126,0.43478260869565216
22250,0.005000000000000001,1.061092756094813e-05,0.0023064569722013317,0.016259724504968875,0.0009183489822860671,0.30434782608695654
22252,0.0128,1.0281855290399377e-05,0.0048255707952091775,0.03003737754912098,0.0009321999582433473,0.2568027210884354
22254,0.0012,1.3694644459758274e-08,0.0006006606425976724,0.008640674459785214,0.0,0.47619047619047616
22258,0.005600000000000001,3.415477763504525e-06,0.0023064569722013317,0.020411201076934584,0.0003832212849778999,0.39855072463768115
22259,0.0032,7.085391668170046e-07,0.0011017625556131172,0.007511783255406367,0.00037388551218928135,0.48484848484848486
22270,0.0024000000000000002,4.498905556880833e-07,0.0012020431607797644,0.01706317931485679,0.0,0.46153846153846156
22271,0.006200000000000001,0.0,0.0027086662147308704,0.019668029248943026,0.00025942196256471014,0.2275132275132275
22272,0.0048000000000000004,4.843565911825549e-06,0.0020050116869441137,0.015313798262358718,0.0004018938103131207,0.3476190476190476
22275,0.0008,0.0,0.0004003602842119758,0.006373986250018532,0.0,0.7
22276,0.0022,0.0,0.0009012615859320672,0.008388915708877554,0.00010726815267902306,0.4888888888888889
22279,0.005200000000000001,0.0,0.002205955063729892,0.028509201408972975,0.00023864388837325557,0.45849802371541504
22280,0.0,0.0,0.0,0.0,0.0,0.0
22283,0.0036,1.3573237116260548e-06,0.0016033665244477024,0.01280663142058745,0.00014666349890138906,0.5147058823529411
22296,0.0012,0.0,0.0005005004403684232,0.0028451174685264723,3.888314363958902e-05,0.8
22297,0.0022,5.7595761842183374e-08,0.0010015020326745727,0.009506180455277857,3.888314363958902e-05,0.7272727272727273
22311,0.002,0.0,0.0008010412093559793,0.004352453582076756,0.0003963500419396606,0.8055555555555556
22319,0.0002,0.0,0.00010006003201601388,0.002928607524134222,0.0,1.0
22325,0.002,0.0,0.0007008408969193525,0.0006801378661695934,0.0005569627819008936,0.39285714285714285
22340,0.0022,0.0,0.0009012615859320672,0.0035263865444831177,0.00023094846555294399,0.5111111111111111
22346,0.005200000000000001,2.509531610555099e-06,0.002205955063729892,0.014708540171807456,0.0001479165291208899,0.47035573122529645
22357,0.0064,1.9298084975957762e-06,0.0025075212596070706,0.01534394402196777,0.0004924574899851383,0.3292307692307692
22364,0.0012,0.0,0.0004003602842119758,0.00428570867260695,4.2125130824708225e-05,0.6
22372,0.0036,4.2849020887421445e-08,0.0018041488566566954,0.024132331863570094,0.0,0.5614035087719298
22374,0.005000000000000001,1.2194556797249956e-06,0.0017037476313173094,0.00989887950022316,0.0004788303807737442,0.39869281045751637
22375,0.005200000000000001,3.262320854165095e-07,0.002205955063729892,0.015892035216882608,0.00020683049489702817,0.3201581027667984
22381,0.002,2.3218157850125278e-07,0.0007008408969193525,0.005597420655924229,0.00018245673993058035,0.4642857142857143
22383,0.0106,2.682608245311589e-05,0.005027646928883245,0.04839606465836015,0.0005287356547166814,0.23372549019607844
22384,0.0102,8.42462686569793e-06,0.004522608882781443,0.04757959516493089,0.0003013831339714767,0.30144927536231886
22389,0.007000000000000001,1.6818489073389042e-06,0.003312585572165627,0.025212741238882754,0.00017215016661443637,0.3850267379679144
22390,0.0016,0.0,0.0008010412093559793,0.00505266721130742,0.0,0.4166666666666667
22391,0.0128,2.628761621283604e-05,0.0052298043400367256,0.03538442665355879,0.0008864369283113793,0.2597968069666183
22394,0.0004000000000000001,2.3677329412918546e-09,0.00020014008604940514,0.004202239115360112,0.0,0.6666666666666666
22400,0.01,5.7412068520736555e-06,0.003715602706946264,0.023409719968680468,0.002832455148686892,0.28591749644381226
22404,0.012,1.0041374920677638e-05,0.004421662164313389,0.03272476777103456,0.0006926671400530508,0.3181818181818182
22407,0.0112,2.0189749353370673e-06,0.004522608882781443,0.030564477567997756,0.0008604974160190138,0.3507246376811594
22409,0.005600000000000001,7.369848961214205e-06,0.0020050116869441137,0.009823360892628634,0.0004209224884416579,0.38571428571428573
22412,0.0022,1.6818240698312918e-06,0.0008010412093559793,0.0064336387874781645,0.0002648637243458103,0.4444444444444444
22414,0.0026,5.581413794746462e-08,0.0013023438542085763,0.02030875028069945,0.0,0.6043956043956044
22417,0.0026,0.0,0.0012020431607797644,0.011678287728757137,0.0001291699029752749,0.41025641025641024
22421,0.005200000000000001,3.1197089642648874e-06,0.0020050116869441137,0.014079485868533637,0.0004604982328388884,0.3047619047619048
22426,0.0034000000000000002,2.3995549794531306e-06,0.0017037476313173094,0.01945039492453277,0.0,0.32679738562091504
22433,0.006200000000000001,2.935010154922274e-06,0.0021054733039971296,0.008801984189159137,0.0008224285242269543,0.5757575757575758
22447,0.0022,0.0,0.0010015020326745727,0.006510020859461899,0.00021480763066421857,0.45454545454545453
22452,0.0018,7.944922622876059e-07,0.0009012615859320672,0.004874218197037093,0.00026464298189203365,0.4222222222222222
22455,0.0124,7.683791083380603e-06,0.005027646928883245,0.0217358942941575,0.003368738856541627,0.2007843137254902
22460,0.0058000000000000005,1.2109367663082558e-05,0.0028092689578591568,0.01772541525289935,7.65810095275742e-05,0.24630541871921183
22465,0.0082,1.0620756805781843e-05,0.003614818078621962,0.024622521940731553,0.0004018166981155693,0.33483483483483484
22486,0.006600000000000001,5.532879484710115e-06,0.003312585572165627,0.025812828870965,3.951229452192541e-05,0.4295900178253119
22504,0.0018,6.970130252017277e-07,0.0008010412093559793,0.010344298288777549,3.951229452192541e-05,0.5277777777777778
22516,0.0022,2.5529875410668296e-06,0.0009012615859320672,0.0053651961947892325,0.0003302952605895303,0.4222222222222222
22518,0.01,1.1464672116316428e-05,0.004219829569195754,0.017693190069765326,0.0022793269820834063,0.34108527131782945
22541,0.002,7.98029232866901e-07,0.0009012615859320672,0.007284376443512085,3.951229452192541e-05,0.4888888888888889
22544,0.0014,1.4997157310597506e-06,0.0006006606425976724,0.005882325250768884,0.0003051977945283806,0.42857142857142855
22548,0.0008,0.0,0.00020014008604940514,0.00018439784234216064,0.00021286048293481631,0.6666666666666666
22566,0.005600000000000001,7.80861141258113e-06,0.002608083650670334,0.013259415098774333,0.00021281810154920224,0.2792022792022792
22570,0.004200000000000001,1.1011264962254375e-06,0.0018041488566566954,0.012082543087538887,0.0003914441759956315,0.38011695906432746
22575,0.0024000000000000002,1.5629979085321564e-06,0.0010015020326745727,0.008921248027436435,0.00010350931797419602,0.6545454545454545
22585,0.0088,9.545407672120982e-06,0.0035140536841118397,0.029298841333179438,0.001106777343925534,0.2222222222222222
22610,0.0016,0.0,0.0007008408969193525,0.008397307185655045,7.278396698075077e-05,0.5
22615,0.0026,0.0,0.0009012615859320672,0.01164413751837121,0.00011811165462529956,0.4666666666666667
22616,0.0106,1.2584530608758864e-05,0.005027646928883245,0.041316332243086826,0.0002661464338125884,0.3027450980392157
22627,0.0034000000000000002,9.317220613572071e-07,0.0016033665244477024,0.0176914665421568,0.00028213082429541113,0.5367647058823529
22630,0.007000000000000001,1.6616276815771575e-06,0.003312585572165627,0.019500340060711708,0.0011759086572971848,0.3582887700534759
22651,0.0064,9.884194549823756e-06,0.002608083650670334,0.020193059049488954,0.0006399575743178501,0.23931623931623933
22670,0.0074,1.6645862298205609e-06,0.003614818078621962,0.040704493454267535,7.451300392238304e-05,0.493993993993994
22685,0.0084,7.049588139536449e-06,0.0032118818425515006,0.028330556111307578,0.0009956083078356413,0.3787878787878788
22689,0.004200000000000001,7.155435604867412e-06,0.0017037476313173094,0.015036040446193843,0.0006704593510703122,0.39869281045751637
22690,0.0018,0.0,0.0009012615859320672,0.011648751611414411,0.0,0.5333333333333333
22692,0.0094,7.1845343913216094e-06,0.004522608882781443,0.046595039406968616,0.0003086301530943685,0.42028985507246375
22720,0.0016,3.9278269146802993e-07,0.0008010412093559793,0.006015777561133466,0.0,0.5277777777777778
22722,0.0106,6.709861897906871e-06,0.004623575890008391,0.02363924395905575,0.0065866165014701345,0.3792784458834413
22729,0.002,9.947765328516183e-07,0.0009012615859320672,0.0054669542809079215,3.057053181272141e-05,0.4666666666666667
22744,0.0016,0.0,0.0008010412093559793,0.005442136039392927,0.0,0.6388888888888888
22749,0.004200000000000001,1.5647553484028657e-06,0.001503005530002266,0.01071428438343654,0.0003400902445607702,0.35833333333333334
22772,0.0022,1.8973752189476816e-07,0.0010015020326745727,0.009869719568598691,0.0002318724497109609,0.6545454545454545
22775,0.0028,6.234415385269137e-07,0.0013023438542085763,0.006793434957637158,0.0005371107561863013,0.5824175824175825
22778,0.003,0.0,0.001503005530002266,0.015280334523996388,0.0,0.4083333333333333
22806,0.007000000000000001,1.4634695087493764e-05,0.003111198322395703,0.018200490540034173,0.0011093148911103289,0.3064516129032258
22818,0.0024000000000000002,1.9868172792192594e-06,0.0009012615859320672,0.0056050430797756155,0.00017112678010625614,0.37777777777777777
22828,0.0028,0.0,0.0012020431607797644,0.01319708815942642,0.00021521836378983667,0.47435897435897434
22870,0.0014,0.0,0.0006006606425976724,0.0019171514430716338,0.0001460649262597126,0.5238095238095238
22871,0.006200000000000001,2.7384496604315266e-07,0.002909891886128557,0.024395473980804414,0.00010369051016805811,0.38620689655172413
22879,0.0078000000000000005,1.3501612548092793e-06,0.003715602706946264,0.0342498338830486,3.749013268183584e-05,0.35135135135135137
22880,0.006200000000000001,3.861282240876076e-06,0.0023064569722013317,0.009883956775450717,0.0011997173412660136,0.39492753623188404
22882,0.0036,9.540310987720282e-07,0.0018041488566566954,0.01760238610801002,0.0,0.30994152046783624
22904,0.0126,8.12129857966148e-06,0.0048255707952091775,0.025117489744827626,0.0032138514590773154,0.25255102040816324
22907,0.003,1.5695097724348825e-08,0.001503005530002266,0.020863902682368894,0.0,0.525
22915,0.0026,3.884977893792878e-06,0.0011017625556131172,0.0026913499302426216,0.00022337907388345947,0.2727272727272727
22932,0.001,0.0,0.0005005004403684232,0.011847953742621774,0.0,0.9333333333333333
22938,0.0022,0.0,0.0010015020326745727,0.004553444787083522,0.0003257334300362526,0.4727272727272727
22939,0.0024000000000000002,2.444944727540607e-06,0.0012020431607797644,0.0049327941993041365,0.0004946217505181644,0.23076923076923078
22962,0.0074,1.8170842379381161e-06,0.003312585572165627,0.016053874263944674,0.001191640415336957,0.23172905525846701
22973,0.002,2.2668802121321343e-07,0.0008010412093559793,0.006333915165020019,0.0009352162783782255,0.6111111111111112
22975,0.011,1.4378319627852185e-06,0.005533192959340294,0.04679764327136153,0.0,0.287012987012987
22980,0.0132,4.7600147084531585e-05,0.006444458383373597,0.04278075818728107,9.408555145190166e-05,0.24423076923076922
22989,0.0176,4.349548587088915e-05,0.007255859522650399,0.03878992781810728,0.05541817720804869,0.2024353120243531
22991,0.015,3.141476975169497e-05,0.006545812042094257,0.036107202724794535,0.058700489736859554,0.213986013986014
22996,0.0036,0.0,0.0017037476313173094,0.024304103155359743,0.00034078962114311403,0.46405228758169936
22998,0.0044,8.483731303452553e-07,0.0018041488566566954,0.013367432375174973,0.0005247446413387031,0.391812865497076
23003,0.030600000000000002,8.407045416598508e-05,0.014000163408501853,0.07805439527071263,0.021286942272482467,0.1553539776874153
23012,0.005200000000000001,6.421695787925672e-07,0.0019045702065152437,0.013603920378325078,0.00435179131081972,0.2578947368421053
23014,0.0026,1.8302260817325993e-06,0.0011017625556131172,0.004625372735960908,0.0005760651184546695,0.4696969696969697
23017,0.0154,1.6877083124893942e-05,0.007154362853342144,0.05467440833656656,0.0010114133018968583,0.24921752738654146
23019,0.0096,5.0247993590006425e-06,0.004421662164313389,0.03542535468046856,0.0018786684544264214,0.3616161616161616
23024,0.0054,2.8425027226297574e-06,0.0024069790354728227,0.021679491176451085,0.0002770246930304432,0.43666666666666665
23026,0.0124,1.9752817178018643e-05,0.0048255707952091775,0.024075514613388707,0.004253373922152235,0.20578231292517007
23034,0.0058000000000000005,3.5929054920572416e-06,0.0020050116869441137,0.012784560056446317,0.0006435115237978202,0.32857142857142857
23039,0.003,5.474057626085221e-07,0.0014026646419362798,0.019488962556541346,8.519328835013685e-05,0.5428571428571428
23045,0.004200000000000001,7.538645272232445e-06,0.0019045702065152437,0.012718635403878534,0.00022396131895491788,0.24736842105263157
23052,0.0022,0.0,0.0009012615859320672,0.00858180427553957,0.00010722781754987946,0.4
23057,0.002,4.4098783996637907e-07,0.0006006606425976724,0.004999129977192741,0.00024953216405614606,0.6190476190476191
23058,0.0086,5.3266871205923564e-06,0.003715602706946264,0.0425358584642795,0.0012272307908142883,0.4267425320056899
23061,0.0026,4.1219056816884557e-07,0.0009012615859320672,0.006187110063081118,0.00025091552688508005,0.4
23069,0.0014,4.463439675773067e-07,0.0006006606425976724,0.004665174172954407,5.268453249028819e-05,0.47619047619047616
23070,0.006200000000000001,3.532754653966944e-06,0.0023064569722013317,0.016736451800156028,0.0008895809381702669,0.36594202898550726
23074,0.007200000000000001,3.863535848439841e-06,0.003312585572165627,0.035062536290540194,0.0002547843621458661,0.40106951871657753
23075,0.0128,4.294436649035926e-05,0.005533192959340294,0.04636079452626728,0.000895972611590075,0.262987012987013
23076,0.005600000000000001,2.916562197697616e-06,0.0021054733039971296,0.015376225920864784,0.0003720093080945606,0.27705627705627706
23082,0.0106,3.6233038305257557e-06,0.00472456319211112,0.047677868994824485,0.00034497754578351766,0.375886524822695
23083,0.004200000000000001,1.3261798369420103e-06,0.0018041488566566954,0.022431931599989276,0.00015467569365124805,0.40350877192982454
23084,0.0034000000000000002,0.0,0.0014026646419362798,0.015356105634443479,0.00017780399188540425,0.34285714285714286
23095,0.0108,7.874145776007091e-06,0.004421662164313389,0.024491797466609337,0.0006543601459766418,0.3333333333333333
23097,0.0016,0.0,0.0007008408969193525,0.008797961571623875,0.00014985299172913373,0.5357142857142857
23100,0.0018,2.518392210153316e-08,0.0009012615859320672,0.01288385713137256,0.0,0.4666666666666667
23121,0.0034000000000000002,0.0,0.0014026646419362798,0.00864668883946619,0.002820339849248964,0.4666666666666667
23129,0.004200000000000001,1.297693584503991e-06,0.0019045702065152437,0.016722484618668498,0.0022606121283078448,0.38421052631578945
23139,0.0004000000000000001,0.0,0.00020014008604940514,0.00022253964459188758,0.00012885117888621425,0.6666666666666666
23149,0.0028,2.065195506684049e-08,0.0014026646419362798,0.01598550114604555,2.9124286301896742e-05,0.5047619047619047
23151,0.0118,9.622849143861803e-06,0.004421662164313389,0.038666848001688375,0.001031547917679009,0.2787878787878788
23153,0.0036,1.4155943848586869e-06,0.0018041488566566954,0.007391901381994866,0.0,0.26900584795321636
23159,0.0064,0.0,0.0021054733039971296,0.006313442425417471,0.001597863798585509,0.2077922077922078
23161,0.007200000000000001,1.3860094949385717e-05,0.003312585572165627,0.03270762883563043,0.0003919256021634956,0.27629233511586454
23166,0.0098,2.5110579245490788e-06,0.004421662164313389,0.04391741980657299,0.004553236629811899,0.31313131313131315
23168,0.0034000000000000002,2.0676994234956562e-07,0.0017037476313173094,0.02141114285246294,0.0,0.3790849673202614
23172,0.0044,9.590549171627297e-07,0.0020050116869441137,0.03095820035977959,0.00010177886142422586,0.48095238095238096
23180,0.003,0.0,0.0011017625556131172,0.0066755163269812175,0.0002118916533343357,0.48484848484848486
23185,0.0058000000000000005,1.6308378932720503e-06,0.0023064569722013317,0.022747899840456384,0.00023541193558276202,0.40217391304347827
23188,0.007600000000000001,5.093640540904432e-06,0.0027086662147308704,0.022998191800448445,0.0010621072391443,0.3386243386243386
23191,0.001,0.0,0.00030024016811047716,0.004037531021425053,0.0005505621290121562,1.0
23201,0.0022,0.0,0.0007008408969193525,0.0008509190745465568,0.00038351827772611566,0.32142857142857145
23204,0.006600000000000001,6.415945276902929e-06,0.002608083650670334,0.007401134951133323,0.002179517766672943,0.22507122507122507
23213,0.002,0.0,0.0008010412093559793,0.010616041800808003,0.0001910954674586528,0.6388888888888888
23236,0.0054,4.0555388444759235e-06,0.0023064569722013317,0.017653754202454446,0.0011826792593375274,0.2644927536231884
23240,0.002,1.8097902446505848e-06,0.0010015020326745727,0.01478375209931673,0.0,0.4909090909090909
23247,0.0022,2.3872747682596575e-06,0.0011017625556131172,0.003925827901994659,0.0002938739581654229,0.30303030303030304
23256,0.0002,0.0,0.00010006003201601388,0.0018906384431375406,0.0,1.0
23279,0.0026,1.7007444167166468e-07,0.0012020431607797644,0.012991571244066944,0.0001609337423840872,0.46153846153846156
23280,0.005600000000000001,7.046457908116291e-06,0.0028092689578591568,0.018444800391192354,0.0,0.29310344827586204
23286,0.001,2.9273789092335657e-08,0.0005005004403684232,0.004081465716354307,0.0,0.9333333333333333
23289,0.007200000000000001,2.1091280114813877e-05,0.002608083650670334,0.009921475034711278,0.0006238101597262343,0.18803418803418803
23291,0.006600000000000001,2.2183758698848587e-06,0.003111198322395703,0.02124348335331972,0.00028867277845689033,0.25
23312,0.0054,9.281007685960366e-07,0.0024069790354728227,0.012966298225530883,0.00027726136831744436,0.5366666666666666
23313,0.0048000000000000004,4.298602977737715e-06,0.0021054733039971296,0.01185598343425234,0.0001257542190094582,0.2597402597402597
23314,0.0026,0.0,0.0012020431607797644,0.011526431997325136,0.00012436509198931957,0.3076923076923077
23317,0.003,0.0,0.0014026646419362798,0.021557515712652284,4.770379615924244e-05,0.5523809523809524
23329,0.0096,5.5451205800416505e-06,0.004522608882781443,0.043849015658257606,0.0001868478239665692,0.41739130434782606
23332,0.0012,0.0,0.0005005004403684232,0.007138512316842285,0.0002473587552555773,0.7333333333333333
23333,0.0036,2.2048483529322327e-06,0.0018041488566566954,0.017490197755052464,0.0,0.34502923976608185
23336,0.013600000000000001,9.834644907864457e-06,0.005937996047684635,0.05912450028191078,0.0005236819855238152,0.38926553672316383
23339,0.0032,4.67289877262506e-06,0.0016033665244477024,0.013435705270985365,0.0,0.2647058823529412
23370,0.002,2.282063438613663e-08,0.0009012615859320672,0.010338591880543892,7.2341960938109e-05,0.4666666666666667
23373,0.005600000000000001,2.2263510349150438e-06,0.0028092689578591568,0.030567570761539344,0.0,0.43103448275862066
23374,0.0014,0.0,0.0005005004403684232,0.007559590165120164,0.00012667938575845012,0.6666666666666666
23378,0.0096,1.776660456294044e-05,0.004421662164313389,0.052492674233445905,0.0003933055786736246,0.4626262626262626
23385,0.0044,4.708370501973876e-06,0.002205955063729892,0.016882802849144805,0.0008964144803493757,0.3557312252964427
23387,0.017400000000000002,1.74146544592599e-05,0.006241812275992631,0.03317699705454727,0.0068631119418172465,0.271889400921659
23388,0.0078000000000000005,1.7267664075498918e-06,0.003312585572165627,0.03372544899619949,0.0013715258811894098,0.44563279857397503
23390,0.024200000000000003,7.397687712552623e-05,0.009493972283450391,0.06673379331645879,0.0027215010344647985,0.21903695408734603
23391,0.0044,0.0,0.0021054733039971296,0.020756047622056958,0.00013912610086215884,0.36363636363636365
23393,0.0014,0.0,0.0006006606425976724,0.0035574092180683786,0.00021461392875439284,0.3333333333333333
23395,0.017400000000000002,1.6973716451956232e-05,0.006647186112386683,0.033352796688999015,0.004177749882168624,0.39348710990502034
23396,0.004600000000000001,9.660227669442098e-07,0.0021054733039971296,0.024170467934380387,0.0002182031235116893,0.4025974025974026
23400,0.0092,2.3080672921777477e-06,0.0034133095173229933,0.03034340077581094,0.0007714279277386988,0.4134453781512605
23401,0.002,1.9833268103909958e-07,0.0009012615859320672,0.009631337902615694,0.00010945849366643867,0.4222222222222222
23404,0.017,1.6518355640281666e-05,0.0068499955123555445,0.0669417615610769,0.004739213535241451,0.37595907928388744
23406,0.0134,5.654151478304696e-05,0.005330913539993931,0.02146353601806314,0.003088959432188854,0.2522711390635919
23410,0.0106,1.9837689805280154e-05,0.005128715471710565,0.021776608144348848,0.009593998087768136,0.21116138763197587
23413,0.0074,7.0196887335319956e-06,0.003614818078621962,0.04520908633024373,9.405360320466545e-05,0.4339339339339339
23414,0.0014,5.35612761092768e-07,0.0005005004403684232,0.0014887146780021843,0.00021573303324282317,0.6
23416,0.022600000000000002,4.440837675719649e-05,0.009086303341362845,0.07377111807937527,0.006655139138892188,0.28766788766788765
23419,0.005000000000000001,1.581287419174787e-06,0.0018041488566566954,0.012686399748641348,0.0015084419103024893,0.3333333333333333
23425,0.0026,1.6669354842119468e-06,0.0011017625556131172,0.009645069127926158,0.0002484190649756125,0.3939393939393939
23430,0.038400000000000004,8.955592032000569e-05,0.017717073595192145,0.10664312160852296,0.03191685298621088,0.19586206896551725
23432,0.008,8.354656068166074e-06,0.00381640757517987,0.044551374136422725,0.00014318967346546075,0.3684210526315789
23434,0.0074,1.144896378145853e-05,0.0032118818425515006,0.02312333720678099,0.0016613354696996038,0.3939393939393939
23441,0.0054,5.123071020988708e-06,0.0019045702065152437,0.012139198093757724,0.00041053042901719545,0.21578947368421053
23449,0.009,3.0419860237766374e-06,0.004018078055767926,0.03318281640220047,0.00017290602894979624,0.4292682926829268
23489,0.0008,0.0,0.0004003602842119758,0.002664937097933773,0.0,0.4
23502,0.004600000000000001,4.108908928445702e-07,0.0021054733039971296,0.023464779609802523,6.067967793265403e-05,0.45021645021645024
23503,0.0006000000000000001,0.0,0.00030024016811047716,0.0035498604968955474,0.0,0.8333333333333334
23512,0.005600000000000001,0.0,0.0024069790354728227,0.019739059025463728,0.0002700125239521674,0.22666666666666666
23522,0.002,8.044001173920694e-09,0.0010015020326745727,0.016474973240952897,0.0,0.6545454545454545
23544,0.0034000000000000002,1.2890504921156162e-06,0.0016033665244477024,0.01768811653048846,7.214273306309783e-05,0.4338235294117647
23555,0.0024000000000000002,0.0,0.0009012615859320672,0.0045266083117970705,0.00033779719150733856,0.37777777777777777
23562,0.003,8.778287616228454e-07,0.0012020431607797644,0.008445330598257673,0.00013507917232587435,0.5
23565,0.001,0.0,0.0005005004403684232,0.0014297772247481005,0.0001778401443641599,0.4
23566,0.0146,3.813650782581606e-05,0.0057355537788557065,0.03335636164267404,0.0016391955337902806,0.21839080459770116
23569,0.030600000000000002,9.301974216900098e-05,0.012562018628985205,0.06523918640041855,0.018908543730977067,0.1736774193548387
23574,0.006600000000000001,0.0,0.0028092689578591568,0.023671399571573704,0.0002681086551609116,0.3620689655172414
23578,0.0088,3.324108300897017e-06,0.004219829569195754,0.04666526706435632,0.00026646352990921025,0.37320044296788485
23585,0.0018,3.6224318514603717e-07,0.0009012615859320672,0.008456615677218789,0.0,0.4888888888888889
23589,0.0016,0.0,0.0006006606425976724,0.005662284908769459,0.0003309840582027885,0.7142857142857143
23590,0.0006000000000000001,0.0,0.00020014008604940514,0.003336513504776385,8.01384922914975e-05,1.0
23591,0.004000000000000001,4.392024640960698e-06,0.001503005530002266,0.010260792883316026,0.0008756871671715848,0.36666666666666664
23599,0.001,4.859468505187114e-07,0.0005005004403684232,0.0027988515725691793,6.599254742572331e-05,0.4
23607,0.004200000000000001,1.886122080133819e-06,0.0018041488566566954,0.018927861041694194,0.0006765470650373248,0.42105263157894735
23608,0.001,0.0,0.0005005004403684232,0.010274478893944176,0.0,0.6
23619,0.0002,0.0,0.00010006003201601388,7.637811983707363e-05,7.468008472215381e-05,1.0
23623,0.0032,4.306480363614877e-06,0.0013023438542085763,0.010168201539289271,0.00022544759541767787,0.4065934065934066
23627,0.0018,9.587468423560547e-07,0.0007008408969193525,0.007212561484895762,0.00014740558014687594,0.42857142857142855
23632,0.0018,1.2970220907789297e-06,0.0009012615859320672,0.007093975459154064,5.231897387107003e-05,0.26666666666666666
23676,0.0044,4.53984604195793e-06,0.0016033665244477024,0.012111354120544187,0.00038044346637014037,0.27941176470588236
23686,0.006600000000000001,3.257429743110525e-06,0.003111198322395703,0.02175966727770178,0.00023767594752583515,0.4475806451612903
23696,0.0106,1.1775280255228643e-05,0.004219829569195754,0.020293183346037368,0.000568200535618825,0.3875968992248062
23702,0.0068000000000000005,1.2387175502152792e-06,0.0030105350056146563,0.02193057461366235,0.000426765449120369,0.5612903225806452
23712,0.0044,1.0485158117918967e-06,0.0019045702065152437,0.009415235756839904,0.00013377952869123228,0.5157894736842106
23713,0.002,6.588036961441047e-07,0.0008010412093559793,0.003832803156460096,0.00041430200529732743,0.4722222222222222
23732,0.0022,1.0272778084548474e-07,0.0010015020326745727,0.004015976406894037,0.0001527173360800063,0.5454545454545454
23734,0.0016,0.0,0.0007008408969193525,0.0009689596778994442,1.8624671852580368e-05,0.4642857142857143
23742,0.005600000000000001,3.6046064390255325e-06,0.0024069790354728227,0.007572076711218508,0.0001541265757327579,0.4766666666666667
23745,0.0068000000000000005,1.364459035687408e-06,0.002909891886128557,0.023162676081653392,0.00134357498191074,0.49885057471264366
23746,0.014,1.5349267638476843e-05,0.005027646928883245,0.024325392850220416,0.0015770382827057644,0.3427450980392157
23747,0.0068000000000000005,3.725624414060756e-06,0.003312585572165627,0.019651656519489052,0.0005377413288577946,0.4741532976827095
23749,0.0024000000000000002,0.0,0.0010015020326745727,0.006800939441982937,0.00016965093207313442,0.6363636363636364
23758,0.004000000000000001,8.195638344361262e-07,0.0016033665244477024,0.0068424522022733445,0.00026628439319773857,0.5514705882352942
23761,0.0204,5.588090597787871e-05,0.008577179863067164,0.04496579618434189,0.014539404952145247,0.18987688098495212
23764,0.0048000000000000004,1.1747054311873047e-06,0.002205955063729892,0.015721843851943768,0.0005743792997314209,0.48221343873517786
23778,0.005200000000000001,5.613157014099249e-06,0.0021054733039971296,0.02212662757491608,0.0002449297629915652,0.38095238095238093
23782,0.004000000000000001,0.0,0.0019045702065152437,0.023816359290006396,2.3547482522312643e-05,0.49473684210526314
23783,0.0008,0.0,0.0004003602842119758,0.0038440661054351885,0.00011051640376441422,0.6
23784,0.001,0.0,0.0005005004403684232,0.003444089660359353,0.0,0.5333333333333333
23793,0.0012,0.0,0.0006006606425976724,0.004016320945668993,0.0,0.7619047619047619
23794,0.0086,8.826888964127486e-06,0.004118943680324838,0.022372528633002414,0.0045628587244271315,0.3077816492450639
23799,0.0032,9.151762402023202e-08,0.0013023438542085763,0.013217336902993912,0.00045726182241344825,0.6263736263736264
23800,0.0038,9.978576438139097e-07,0.0016033665244477024,0.012358895524335577,0.0012713692053007973,0.39705882352941174
23828,0.0082,2.399499707460431e-06,0.0034133095173229933,0.025108087260052116,0.0003911320753588425,0.573109243697479
23835,0.0058000000000000005,7.144584984755527e-07,0.0028092689578591568,0.03406201404188197,0.00053287414810096,0.3645320197044335
23846,0.0024000000000000002,2.550855210616389e-07,0.0012020431607797644,0.014264761355277104,0.0,0.6666666666666666
23861,0.0036,2.034280874736822e-06,0.0013023438542085763,0.010683180461670508,0.0002912042458850818,0.5714285714285714
23862,0.0032,0.0,0.0012020431607797644,0.004988633733599909,0.0003080762736871066,0.3717948717948718
23866,0.0068000000000000005,7.648297448164046e-06,0.0028092689578591568,0.01513558778308255,0.0018391865105418627,0.3669950738916256
23867,0.0082,1.8315641608116265e-06,0.003312585572165627,0.029185613653448853,0.0006239340042758229,0.5187165775401069
23887,0.007200000000000001,1.0707735368427448e-05,0.003111198322395703,0.014653172685677222,0.0006181547260698024,0.46975806451612906
23907,0.0018,5.952953259002479e-07,0.0008010412093559793,0.009934974825442321,9.916362173691259e-05,0.4722222222222222
23920,0.0006000000000000001,2.2461180303890271e-07,0.00030024016811047716,0.0031588800436902088,0.0,0.5
23923,0.002,0.0,0.0008010412093559793,0.0039452974723107066,0.00019734884747152543,0.5
23925,0.006200000000000001,4.380423544579984e-06,0.0027086662147308704,0.029732179426956485,0.0002620223319594853,0.34656084656084657
23936,0.0078000000000000005,3.139077513365226e-06,0.003111198322395703,0.019304193486313962,0.0013176587572014706,0.3064516129032258
23939,0.0014,0.0,0.0007008408969193525,0.009572471826560163,0.00031801417591999237,0.6785714285714286
23944,0.0154,1.9614744410837933e-05,0.006241812275992631,0.04483060458602875,0.0011608208288244196,0.2529441884280594
23948,0.0038,2.647001165596599e-06,0.0013023438542085763,0.007121848870296238,0.00035199636265984306,0.32967032967032966
23950,0.005000000000000001,3.119532954861223e-06,0.0019045702065152437,0.013632753379665595,0.0004366617302350989,0.30526315789473685
23951,0.0106,8.066196196228513e-06,0.004018078055767926,0.03537149770249044,0.0022870837031463065,0.3780487804878049
23955,0.0088,5.80298736787557e-06,0.003614818078621962,0.028489942298135704,0.0008945450801091265,0.26876876876876876
23957,0.0128,4.527513378505567e-06,0.0057355537788557065,0.04687392637019455,0.0024042536601343034,0.29945553539019965
23959,0.002,0.0,0.0007008408969193525,0.004577521921056439,0.00044540625360184034,0.2857142857142857
23960,0.029800000000000004,0.0001750489144696341,0.013486071638712405,0.10238189068434476,0.0013769540832391392,0.22230950510604872
23961,0.007000000000000001,3.310953816039472e-06,0.0030105350056146563,0.02769229176428838,0.0024166911855292533,0.46881720430107526
23969,0.0054,4.515082329686818e-06,0.0021054733039971296,0.017192083377528287,0.0008675503136249604,0.3939393939393939
23970,0.0098,5.3957529566466335e-06,0.004118943680324838,0.036809958583033264,0.0017929461156205857,0.4250871080139373
23972,0.0064,7.082956495520011e-06,0.002909891886128557,0.02299335452953943,0.0004722991003674133,0.31264367816091954
23978,0.0068000000000000005,2.4494586236116467e-06,0.0030105350056146563,0.02931737292917626,0.0005600772703508817,0.40860215053763443
23982,0.008,2.388365451569021e-05,0.003312585572165627,0.02810252097423355,0.0029191975748725394,0.2994652406417112
23983,0.0014,6.427353133113217e-08,0.0005005004403684232,0.0042645816015890875,0.0002047838466561531,0.6
23990,0.003,0.0,0.001503005530002266,0.01566136119228307,0.0,0.5416666666666666
23991,0.004600000000000001,2.085299916600988e-07,0.0023064569722013317,0.03775886539770319,0.0,0.5434782608695652
24001,0.0016,1.1231744053974352e-06,0.0008010412093559793,0.009512187206612344,1.7710033596903137e-05,0.3888888888888889
24026,0.0006000000000000001,0.0,0.00030024016811047716,0.002185136577907608,0.0,0.6666666666666666
24042,0.002,1.6244390534977494e-07,0.0010015020326745727,0.0048647414252746025,3.1818570328180705e-05,0.43636363636363634
24125,0.001,6.962965894205985e-07,0.0004003602842119758,0.0004493743666541105,0.00019370515438459838,0.4
24141,0.0054,7.553727447441631e-06,0.002205955063729892,0.010981306841988801,0.000756520981196321,0.233201581027668
24192,0.0134,1.9289410949979027e-05,0.0052298043400367256,0.023415977151547217,0.006555098293079604,0.20391872278664733
24195,0.016200000000000003,3.7796921042507286e-05,0.007865269305625366,0.07476100181302676,0.00047260278686378683,0.31320999675430056
24198,0.0018,9.266100766904887e-07,0.0009012615859320672,0.005195727405500745,0.0,0.3111111111111111
24211,0.0016,0.0,0.0007008408969193525,0.005899159873961378,0.00015567469828662054,0.35714285714285715
24212,0.0014,0.0,0.0005005004403684232,0.002532740787094461,0.00028647797925736393,0.4666666666666667
24222,0.0032,8.570469534951483e-07,0.0016033665244477024,0.014074725358546949,0.0006332282871303738,0.4117647058823529
24242,0.0024000000000000002,0.0,0.0012020431607797644,0.016262720069307693,0.0,0.5256410256410257
24258,0.0008,0.0,0.0004003602842119758,0.0028171950168871893,2.549651193565507e-05,0.5
24259,0.004000000000000001,2.9224697837955587e-07,0.0017037476313173094,0.01829403544402051,0.00022427257049163166,0.39215686274509803
24299,0.0032,0.0,0.0016033665244477024,0.012461698219387217,0.0,0.5
24323,0.0016,0.0,0.0006006606425976724,0.0038104510841393043,0.0001532668104235207,0.5714285714285714
24342,0.0048000000000000004,0.0,0.002205955063729892,0.02916979638023388,0.0001391836187021315,0.4268774703557312
24343,0.0038,1.0541369245697193e-06,0.0013023438542085763,0.010155334355775349,0.00022752481890905894,0.2967032967032967
24344,0.0008,0.0,0.00030024016811047716,0.0025156316281642957,0.00018685866412642663,0.6666666666666666
24348,0.004000000000000001,1.4266970438406008e-06,0.001503005530002266,0.010645217922577853,0.0005132142446766576,0.35
24350,0.0024000000000000002,0.0,0.0011017625556131172,0.014435943718920426,0.00013490487154861727,0.5303030303030303
24351,0.0032,1.5112182658298226e-06,0.0013023438542085763,0.015290484654771848,0.0004546192297645444,0.3516483516483517
24357,0.0086,4.20736372071297e-06,0.003715602706946264,0.012833522362427605,0.001751380650811223,0.2233285917496444
24361,0.007000000000000001,9.638698539395667e-06,0.002909891886128557,0.01808487588082969,0.000734860556916096,0.2689655172413793
24374,0.001,0.0,0.0005005004403684232,0.008090731931016868,0.0,0.5333333333333333
24395,0.0014,0.0,0.0006006606425976724,0.007201291037669148,4.441309227566149e-05,0.5714285714285714
24416,0.003,4.5992182608680125e-07,0.0014026646419362798,0.015239584488391938,0.0001781311273742316,0.45714285714285713
24417,0.001,0.0,0.0005005004403684232,0.005194243848564045,0.0,0.4
24418,0.0138,6.447856829165908e-05,0.0056343631910062975,0.026907543324506646,0.007119600248445926,0.16102756892230577
24422,0.0032,0.0,0.001503005530002266,0.012194615621892842,0.0010683178191527101,0.35
24432,0.002,0.0,0.0009012615859320672,0.00760868104490885,0.00019768068017141462,0.4888888888888889
24438,0.0008,3.2136765665566083e-07,0.00030024016811047716,0.0008383378079020922,0.0002153244931644455,0.5
24446,0.0022,3.083831048715937e-07,0.0007008408969193525,0.005904035916807934,0.0010489150843458663,0.5714285714285714
24452,0.0014,0.0,0.0007008408969193525,0.00612373109236268,0.00024573031955181816,0.5714285714285714
24463,0.0004000000000000001,0.0,0.00020014008604940514,0.00024818691836758083,0.0001649614512858644,1.0
24468,0.001,0.0,0.0005005004403684232,0.011984913587056709,0.0,0.9333333333333333
24481,0.0016,2.6855548930315713e-07,0.0008010412093559793,0.01296495983025885,0.0,0.6666666666666666
24486,0.003,1.8455307771383454e-07,0.001503005530002266,0.014706843131067762,0.0,0.36666666666666664
24506,0.0048000000000000004,1.9450394838540233e-06,0.0018041488566566954,0.011859699196052592,0.0002759881958488146,0.3508771929824561
24518,0.0018,2.075640025258218e-06,0.0009012615859320672,0.00872584058815929,5.63092201334406e-05,0.37777777777777777
24533,0.005600000000000001,9.447260234584516e-07,0.0020050116869441137,0.005131768621652211,0.0006377921981978377,0.46190476190476193
24540,0.002,0.0,0.0008010412093559793,0.0036932318019915686,0.00024950485061391774,0.3611111111111111
24576,0.0006000000000000001,0.0,0.00030024016811047716,0.005609806869812162,0.0,0.5
24589,0.0018,6.105985476457555e-07,0.0007008408969193525,0.00304738120055747,0.00013933445093235566,0.4642857142857143
24590,0.0004000000000000001,0.0,0.00020014008604940514,0.0030734194673584826,0.0,1.0
24596,0.0026,2.5894662058845856e-07,0.0011017625556131172,0.007477515298633677,6.264826564005965e-05,0.6212121212121212
24603,0.0084,1.9713871855615382e-06,0.003715602706946264,0.029248039839181252,0.0006278549575255435,0.38264580369843526
24616,0.0064,7.219154898880361e-06,0.003111198322395703,0.01856603984425899,0.0020687863216915527,0.29435483870967744
24622,0.0012,0.0,0.0006006606425976724,0.007347923330247993,0.0,0.5714285714285714
24623,0.0038,3.249018858594118e-06,0.0018041488566566954,0.014184746408016879,0.00017048566314087517,0.36257309941520466
24636,0.0064,1.7290447519349678e-06,0.0027086662147308704,0.022210106463025153,0.00017654446267687104,0.30952380952380953
24650,0.0008,0.0,0.0004003602842119758,0.0034177539884785568,0.0,0.6
24651,0.005000000000000001,4.77066256676983e-08,0.0025075212596070706,0.027227785876977505,0.0,0.4307692307692308
24661,0.0038,9.69754028637648e-07,0.0013023438542085763,0.00781847211248366,0.00047654009660444646,0.3956043956043956
24663,0.0032,0.0,0.0013023438542085763,0.010936472162099316,0.0018000315469327544,0.38461538461538464
24666,0.0028,6.603871658358359e-07,0.0014026646419362798,0.016055943548042118,0.0,0.42857142857142855
24669,0.0034000000000000002,8.361857615324724e-07,0.0017037476313173094,0.017548128825541295,0.0001256757429373243,0.40522875816993464
24672,0.0084,5.2362523739212035e-06,0.003715602706946264,0.032481285153490164,0.0004074176901946125,0.27311522048364156
24675,0.004000000000000001,0.0,0.0019045702065152437,0.023073011717745215,0.00036502349045153466,0.4789473684210526
24679,0.001,0.0,0.0004003602842119758,0.0010520204087748957,5.578027602430981e-05,0.7
24700,0.0026,8.292491284858666e-07,0.0013023438542085763,0.01578131464081325,2.5673648929493077e-05,0.5384615384615384
24711,0.0036,3.6957280515401e-06,0.0016033665244477024,0.004472696867824106,0.00017604195542077997,0.34558823529411764
24712,0.0064,1.0993798208748006e-05,0.0030105350056146563,0.011197565184503454,9.390639183044791e-05,0.32903225806451614
24714,0.0118,1.5096948923029464e-05,0.005432043077715942,0.044806680306351904,0.000501321095696263,0.34814814814814815
24729,0.0002,0.0,0.00010006003201601388,0.0005307568590798353,0.0,1.0
24740,0.0006000000000000001,0.0,0.00020014008604940514,0.00043831114269066596,6.704055114301164e-05,1.0
24741,0.0014,9.606681787134818e-07,0.0006006606425976724,0.0034793005589096627,0.00014598108777438617,0.38095238095238093
24745,0.005600000000000001,2.0876598281507087e-06,0.002608083650670334,0.0343174228958915,0.00011395632945740192,0.41025641025641024
24754,0.002,2.971341661810831e-07,0.0009012615859320672,0.012152951103481018,5.1657092815786724e-05,0.6888888888888889
24755,0.007000000000000001,1.2999223348143707e-06,0.0025075212596070706,0.01853608842144761,0.0011798630965869535,0.5723076923076923
24756,0.005000000000000001,6.01986734624264e-07,0.0016033665244477024,0.006406206673067558,0.000379170595897264,0.5073529411764706
24777,0.0002,0.0,0.00010006003201601388,0.002012706747087657,0.0,1.0
24778,0.0016,2.555648254092795e-09,0.0008010412093559793,0.016517749244563017,0.0,0.7777777777777778
24798,0.0036,0.0,0.0016033665244477024,0.019835520488484474,0.0002463228356847769,0.5147058823529411
24800,0.017200000000000003,4.994322615590421e-05,0.007662050809639442,0.043661932882397406,0.019391720215220266,0.21701982228298017
24801,0.0024000000000000002,1.8059954848071914e-07,0.0010015020326745727,0.011488383677971638,0.0013273209174732444,0.41818181818181815
24803,0.004200000000000001,0.0,0.0019045702065152437,0.014581164511044728,0.0016030363822245185,0.4105263157894737
24805,0.0012,0.0,0.0005005004403684232,0.006663033948987349,4.383250171773002e-05,0.8666666666666667
24807,0.0016,2.6673515502419845e-06,0.0005005004403684232,0.0034170102160612035,0.0004381602057794753,0.4
24812,0.0008,0.0,0.0004003602842119758,0.0017278848273691114,8.699637159350238e-05,0.7
24852,0.0008,0.0,0.0004003602842119758,0.006529754325551343,0.0,0.8
24858,0.0014,5.052613712975112e-07,0.0007008408969193525,0.0033339985830559728,0.0,0.5714285714285714
24879,0.0034000000000000002,1.4616734913616233e-06,0.0014026646419362798,0.01511098458042642,0.00018759547587510357,0.4857142857142857
24883,0.0142,2.1254846713341334e-05,0.0056343631910062975,0.040135085537612636,0.002337152909752831,0.2769423558897243
24888,0.0022,0.0,0.0009012615859320672,0.0045119672499469,0.00033604658188389936,0.3333333333333333
24889,0.008,2.5571133798243324e-06,0.003312585572165627,0.02774440494843494,0.0010304939174089825,0.3083778966131907
24891,0.008,8.853937278990923e-06,0.003715602706946264,0.029840220658042673,0.001532362114560368,0.3186344238975818
24892,0.029,4.353781705317726e-05,0.011946918660165728,0.0922879819096172,0.002297224960845803,0.2844324170346105
24908,0.0048000000000000004,1.213625186106043e-06,0.0024069790354728227,0.03091231762621559,2.2352571261736488e-05,0.4666666666666667
24909,0.007000000000000001,2.32456031811272e-06,0.002909891886128557,0.02106596968581173,0.00036482492008850476,0.2988505747126437
24912,0.0058000000000000005,1.1909692019384603e-06,0.0028092689578591568,0.037966093624721226,0.0001774481927536688,0.4630541871921182
24913,0.0036,2.6459270397982746e-06,0.0014026646419362798,0.006229606267671092,0.00023691343895473882,0.2
24920,0.006000000000000001,1.1185400433518334e-06,0.0025075212596070706,0.027339296261617203,0.0009846037059986434,0.4338461538461538
24922,0.0092,9.933626457906117e-06,0.004018078055767926,0.035360410546276616,0.0004171775404916547,0.2914634146341463
24923,0.030400000000000003,6.766662227681586e-05,0.011434905811778417,0.09260765029589733,0.0065356029067425185,0.29855612482533767
24928,0.0114,9.824530878771244e-06,0.0052298043400367256,0.04569861503198651,0.00042608007089581614,0.33889695210449927
24929,0.0038,1.3862632098464642e-06,0.0017037476313173094,0.013614101283023938,0.00011560620138868587,0.45098039215686275
24933,0.0032,2.5219156522990433e-06,0.001503005530002266,0.009673048655388383,0.0016222040392275569,0.425
24938,0.0026,7.997703068432765e-08,0.0013023438542085763,0.010713222576279602,2.3982531924058702e-05,0.3956043956043956
24959,0.016800000000000002,4.893089671848157e-06,0.007560472284055875,0.076721104258206,0.002373805455220978,0.3508771929824561
24963,0.0014,0.0,0.0006006606425976724,0.005858843961139268,5.7102035482046076e-05,0.6666666666666666
24988,0.002,1.68539482157191e-07,0.0007008408969193525,0.003776354544048944,0.00038485415614146815,0.9285714285714286
25006,0.007600000000000001,8.744894886080058e-06,0.0027086662147308704,0.014430259871183362,0.0008380219331269068,0.35714285714285715
25038,0.0014,2.146744533437948e-06,0.0006006606425976724,0.0005102613515793929,0.00030030177792243946,0.3333333333333333
25042,0.0022,0.0,0.0010015020326745727,0.008081207195584608,8.82242507107354e-05,0.5454545454545454
25044,0.003,6.063403265247862e-06,0.0013023438542085763,0.009814796302563215,7.969969786477359e-05,0.2967032967032967
25046,0.0006000000000000001,0.0,0.00030024016811047716,0.0005289201835855916,0.0,0.8333333333333334
25048,0.0016,0.0,0.0007008408969193525,0.0011723885856180262,0.00041347455352230345,0.4642857142857143
25051,0.002,3.699112150834374e-07,0.0010015020326745727,0.011682362559661388,0.0,0.4727272727272727
25053,0.018000000000000002,8.964474009832437e-06,0.007052886632642474,0.03779509764895789,0.011218843283658464,0.24627766599597586
25071,0.0028,0.0,0.0012020431607797644,0.008253657924739989,0.0017770508040957783,0.2564102564102564
25072,0.0022,9.72356869500452e-08,0.0011017625556131172,0.0047861200572357245,0.0,0.5606060606060606
25096,0.009,6.18248486593235e-06,0.0043207357284889,0.030049890167950243,0.0019866414566667837,0.24735729386892177
25099,0.002,0.0,0.0010015020326745727,0.006837747327515851,0.0,0.45454545454545453
25105,0.0028,6.697291194108023e-07,0.0012020431607797644,0.008558764331183107,0.00012233978016453276,0.5
25112,0.0022,0.0,0.0008010412093559793,0.009711130194052116,0.0005413820680489708,0.6111111111111112
25115,0.017200000000000003,1.6562175220501426e-05,0.007560472284055875,0.042793527281241125,0.000424014749834659,0.35964912280701755
25117,0.0048000000000000004,4.908492404875006e-06,0.0018041488566566954,0.012436393449319499,0.0004526780929145249,0.4269005847953216
25122,0.005200000000000001,4.2978960957025603e-07,0.002608083650670334,0.04089869751118437,0.0,0.5042735042735043
25127,0.0016,0.0,0.0007008408969193525,0.007457143182444486,2.2633958179487886e-05,0.39285714285714285
25135,0.003,5.11277220044029e-07,0.0013023438542085763,0.007288293740409664,0.0001783052869390446,0.5384615384615384
25147,0.0068000000000000005,1.6831254490354154e-06,0.0024069790354728227,0.01259430198946531,0.0009616468305123762,0.48333333333333334
25148,0.0058000000000000005,9.729629167111231e-07,0.0019045702065152437,0.005159914543462953,0.0011667105626272513,0.5947368421052631
25149,0.0002,0.0,0.00010006003201601388,0.00015419462964914952,0.0,1.0
25154,0.0006000000000000001,0.0,0.00020014008604940514,0.0005170449902272669,0.00010183903258491485,0.6666666666666666
25159,0.005200000000000001,5.34130060279845e-07,0.0023064569722013317,0.017451329271036552,0.0006942669424798152,0.41304347826086957
25162,0.0142,2.5006865010936585e-05,0.006140519815011292,0.03218986869761964,0.0006034332645374131,0.3363299841353781
25164,0.0018,0.0,0.0006006606425976724,0.0018623983340895125,7.777647833616635e-05,0.5714285714285714
25172,0.0008,1.2854706266226434e-07,0.00030024016811047716,0.0036203866884654667,7.760196861952156e-05,0.8333333333333334
25189,0.0006000000000000001,6.440233600313845e-07,0.00030024016811047716,0.0005916176078816573,1.381094098662299e-05,0.6666666666666666
25208,0.0034000000000000002,1.4893924848198336e-06,0.0016033665244477024,0.023054604237089788,0.0002200281872142189,0.38235294117647056
25218,0.015,1.777861646267234e-05,0.006545812042094257,0.07048935326576812,0.006346702943627096,0.3090909090909091
25224,0.0068000000000000005,3.415798828575856e-06,0.003111198322395703,0.04153941001535434,0.004231944631470592,0.46774193548387094
25225,0.0018,4.986211802527651e-07,0.0007008408969193525,0.006687589970657852,0.00025688459011477137,0.5714285714285714
25227,0.0074,2.6741519826624253e-06,0.0030105350056146563,0.018925812799164003,0.003265387164022131,0.22795698924731184
25229,0.0044,2.5145147730010223e-06,0.0017037476313173094,0.018558528604006693,0.0009536976303499285,0.39215686274509803
25235,0.0018,6.529806582806678e-07,0.0008010412093559793,0.007105078816200778,0.0001466160750604221,0.3055555555555556
25237,0.005000000000000001,2.007794979505186e-07,0.0024069790354728227,0.03207177013155993,8.940522325018069e-05,0.5533333333333333
25240,0.0018,5.631585602346819e-07,0.0006006606425976724,0.004537240412236892,0.00027782371196008763,0.47619047619047616
25242,0.0048000000000000004,0.0,0.0021054733039971296,0.01698607785583384,0.0003329487194142115,0.354978354978355
25249,0.009,3.5489628293477595e-06,0.003715602706946264,0.02631295964585968,0.0003128720552580892,0.33712660028449504
25259,0.0024000000000000002,8.832148969914317e-08,0.0011017625556131172,0.009259028769769851,2.897143150365337e-05,0.45454545454545453
25267,0.0134,1.2597361307452857e-05,0.006545812042094257,0.04182983558771257,8.303597202772401e-05,0.3421911421911422
25290,0.0012,1.071225522185536e-07,0.0004003602842119758,0.0017499225629904035,0.0005671808300268566,0.9
25303,0.0026,2.67806380546384e-07,0.0008010412093559793,0.004370805064337745,0.00031848235646392774,0.5833333333333334
25309,0.0008,0.0,0.0004003602842119758,0.007194593102605293,0.0,0.7
25312,0.0096,1.9361783721822265e-05,0.0035140536841118397,0.026719970351891473,0.000883667052264538,0.2634920634920635
25314,0.002,0.0,0.0008010412093559793,0.005117148182018584,0.00010579511177394904,0.6666666666666666
25317,0.007000000000000001,5.100960863862035e-06,0.002608083650670334,0.01612039690145081,0.0005012691222940246,0.3732193732193732
25325,0.006000000000000001,2.498110604125544e-07,0.0030105350056146563,0.030619051770801767,0.0,0.3096774193548387
25327,0.007000000000000001,3.512482552112326e-07,0.0032118818425515006,0.03242074134923262,0.00016288832340046475,0.36174242424242425
25338,0.0024000000000000002,0.0,0.0008010412093559793,0.004274411227580615,0.0002079790644512351,0.5555555555555556
25340,0.003,0.0,0.0008010412093559793,0.0013003819450206587,0.00039953377078448505,0.7222222222222222
25348,0.003,0.0,0.0009012615859320672,0.0014980158768328616,0.00046621081756528825,0.6444444444444445
25354,0.0022,0.0,0.0010015020326745727,0.009323537473087545,3.79993235644254e-05,0.43636363636363634
25355,0.004600000000000001,2.825197618755441e-06,0.0021054733039971296,0.023155061524621524,0.00016550200129532581,0.48917748917748916
25356,0.0098,1.2094758973544438e-05,0.004522608882781443,0.03703561861598842,0.00018189865894430494,0.2782608695652174
25370,0.007200000000000001,6.727848495561299e-07,0.003614818078621962,0.04197382747694514,4.515312261848799e-05,0.5075075075075075
25376,0.0022,0.0,0.0011017625556131172,0.015928462005653194,0.0,0.48484848484848486
25380,0.0026,0.0,0.0010015020326745727,0.008928294781370498,0.00018862734034549812,0.45454545454545453
25383,0.0004000000000000001,0.0,0.00020014008604940514,0.0034559581752331703,0.0,0.6666666666666666
25394,0.0028,2.130882927148744e-06,0.0012020431607797644,0.007175101660822469,0.0004493274793794091,0.32051282051282054
25395,0.0144,1.744231533100428e-05,0.005128715471710565,0.01813453722314341,0.008536567120914482,0.222473604826546
25398,0.0122,9.074199822095866e-06,0.005533192959340294,0.06142183711277946,0.0007257705854623202,0.36298701298701297
25401,0.0012,6.248815546082293e-08,0.0005005004403684232,0.004574358883161994,0.00014054064081488833,0.5333333333333333
25403,0.008,1.0632653312433892e-06,0.0035140536841118397,0.03135131862086632,0.0007190165697291212,0.32857142857142857
25406,0.0034000000000000002,2.1851812317101603e-07,0.001503005530002266,0.023214269892579263,0.0002976340012927982,0.525
25407,0.001,0.0,0.0004003602842119758,0.004980483195669608,2.1685519360056067e-05,0.7
25409,0.0032,0.0,0.0014026646419362798,0.005465747053918739,0.00021160567541804638,0.29523809523809524
25412,0.0016,8.733966010754282e-07,0.0008010412093559793,0.009813603021318822,0.0,0.5
25415,0.0092,5.458146138707298e-06,0.0035140536841118397,0.02746673936737148,0.0007606830650760944,0.44603174603174606
25419,0.0014,3.883192517922568e-07,0.0007008408969193525,0.00950322587194645,0.00010921535182844655,0.6785714285714286
25421,0.0054,2.3371261026120635e-06,0.0020050116869441137,0.0155941682334707,0.0019256763077882418,0.44761904761904764
25423,0.0022,0.0,0.0011017625556131172,0.013723924948932025,0.0,0.4696969696969697
25427,0.0054,9.397933896822266e-07,0.0024069790354728227,0.012551737109485258,0.00021855660734929885,0.43666666666666665
25434,0.0148,2.982363490284835e-05,0.0060392477409603185,0.028406515785378842,0.0014594217943003788,0.260655737704918
25436,0.0022,3.700201066894703e-06,0.0011017625556131172,0.0056234507910560855,0.0,0.3181818181818182
25439,0.0064,5.203673006923481e-06,0.002909891886128557,0.022380600229182913,8.477923262581791e-05,0.503448275862069
25446,0.0004000000000000001,5.843048302830197e-08,0.00020014008604940514,0.003320524248261415,3.913307642239598e-05,0.6666666666666666
25461,0.0016,1.4140176892849074e-06,0.0007008408969193525,0.0015726029466762367,0.0003145883706994698,0.2857142857142857
25470,0.0038,0.0,0.0019045702065152437,0.02555759372405173,0.0,0.38421052631578945
25478,0.0032,7.820468468833233e-07,0.0016033665244477024,0.01724829835226733,0.0002473587552555773,0.375
25479,0.0008,8.63186332557667e-09,0.0004003602842119758,0.004782886041063241,0.0,0.5
25480,0.0012,0.0,0.0006006606425976724,0.00693769340813947,0.0,0.42857142857142855
25502,0.0044,2.688776060685696e-06,0.0018041488566566954,0.015561201372973066,0.0008197463467622541,0.2807017543859649
25503,0.0036,0.0,0.0011017625556131172,0.004567846298550112,0.00047683409290790607,0.36363636363636365
25504,0.005200000000000001,1.6191171698337208e-06,0.002205955063729892,0.02100766442426498,0.0003156978355176365,0.34782608695652173
25505,0.0096,1.950974206075262e-06,0.004623575890008391,0.04758460440186943,0.00021248253771480492,0.35707678075855687
25507,0.023200000000000002,3.2967580138894604e-05,0.009086303341362845,0.07052686700651883,0.0044209034892993436,0.30500610500610503
25508,0.0006000000000000001,0.0,0.00030024016811047716,0.003956367469717552,0.0,0.8333333333333334
25516,0.0134,2.433211093307243e-05,0.005937996047684635,0.06189697682486631,0.0032781133272550868,0.3344632768361582
25518,0.0088,1.0740941398565925e-05,0.004421662164313389,0.015761154961060366,0.002569503033540221,0.08686868686868687
25579,0.002,0.0,0.0009012615859320672,0.013805101608862336,3.0508719096706172e-05,0.6222222222222222
25582,0.004200000000000001,2.2160781029635733e-07,0.0021054733039971296,0.02237470509516382,0.0,0.30735930735930733
25603,0.0018,5.435863652448529e-08,0.0009012615859320672,0.011269766680660497,0.0,0.4888888888888889
25623,0.003,0.0,0.0014026646419362798,0.013356201028047937,0.00016713907476922614,0.5904761904761905
25630,0.001,0.0,0.0005005004403684232,0.0027281572611780793,0.0,0.5333333333333333
25638,0.0004000000000000001,0.0,0.00020014008604940514,0.0023974607086850452,0.0,0.6666666666666666
25640,0.005200000000000001,9.532188177220542e-07,0.0024069790354728227,0.025487634357215138,6.162657642996697e-05,0.42333333333333334
25646,0.0022,2.2130812985811077e-07,0.0011017625556131172,0.012672141214823851,0.00019134839378549004,0.5
25654,0.0004000000000000001,3.2136765665566083e-07,0.00020014008604940514,0.00013512620696994136,0.00013900459717527784,0.6666666666666666
25657,0.001,0.0,0.0005005004403684232,0.0024413956291424056,0.0,0.5333333333333333
25659,0.0034000000000000002,1.0380047783129967e-06,0.0014026646419362798,0.014968351074349882,0.0004235783029948799,0.5047619047619047
25662,0.0176,1.6764147561672355e-05,0.006647186112386683,0.053918457669256556,0.006233545028461805,0.3211216644052465
25673,0.0018,0.0,0.0007008408969193525,0.005544098695106189,0.00033005572824523115,0.6071428571428571
25674,0.003,7.291574125531149e-07,0.0013023438542085763,0.013546690594581218,0.00039470590100735734,0.46153846153846156
25698,0.0118,3.5541349993547565e-06,0.004219829569195754,0.020370531246980107,0.004709376419869206,0.28017718715393136
25723,0.0026,6.621308585189806e-07,0.0013023438542085763,0.013243088322400474,0.0,0.3956043956043956
25726,0.0026,1.1687510194161827e-06,0.0011017625556131172,0.008411084091900752,0.0008491839134080358,0.36363636363636365
25733,0.004600000000000001,2.536999969710115e-06,0.0018041488566566954,0.012130566353078489,0.004853528428111284,0.2982456140350877
25734,0.007600000000000001,0.0,0.0032118818425515006,0.030607129416692556,0.0005221828590987445,0.2727272727272727
25736,0.0016,6.962965894205985e-07,0.0007008408969193525,0.0024370041299329216,0.00018882000766657888,0.32142857142857145
25737,0.0008,0.0,0.0004003602842119758,0.003490164796015197,0.0,0.9
25742,0.0026,8.163374999396336e-07,0.0013023438542085763,0.010254527461835389,0.00010628566540189246,0.3956043956043956
25749,0.005600000000000001,2.212358943708505e-06,0.0024069790354728227,0.016757039654803105,0.00027103918564379433,0.27
25765,0.026000000000000002,4.9929555490802644e-05,0.010923410723375326,0.06625548890166028,0.0020956086632560327,0.26265715256540945
25766,0.001,1.7353853459405688e-07,0.00030024016811047716,0.0035949283885054854,0.00020403658821888126,0.5
25772,0.0014,0.0,0.0007008408969193525,0.006844364480853734,0.0,0.5714285714285714
25783,0.0064,3.404421468329484e-07,0.003111198322395703,0.03047091130869879,0.00012161246002866664,0.3629032258064516
25784,0.0026,1.6508686054934493e-06,0.0013023438542085763,0.009193833532954708,0.0005776186099605885,0.37362637362637363
25792,0.011,1.3238588494281995e-05,0.005330913539993931,0.03523188719819988,0.0012241642084459634,0.2578616352201258
25797,0.0038,1.6471355225682994e-07,0.0019045702065152437,0.015810016468207636,0.0,0.42105263157894735
25808,0.002,4.797694256003893e-08,0.0010015020326745727,0.013707107440726816,4.011592370820982e-05,0.4909090909090909
25814,0.0006000000000000001,0.0,0.00020014008604940514,0.0007942452485901258,3.2475379799134976e-05,0.6666666666666666
25818,0.006200000000000001,5.778468183943281e-06,0.0027086662147308704,0.024266143601690163,0.0004399439556635065,0.3915343915343915
25824,0.0026,0.0,0.0012020431607797644,0.009179718332400513,0.0001286358684093234,0.4358974358974359
25836,0.0014,8.200379034996243e-07,0.0006006606425976724,0.0028382278290281834,0.00014503775313064312,0.3333333333333333
25842,0.0022,0.0,0.0011017625556131172,0.011901463512689385,0.0,0.42424242424242425
25843,0.0112,5.104837770286221e-06,0.004219829569195754,0.03225154392489764,0.0032351457958054853,0.28349944629014395
25850,0.009,1.8974344848251597e-05,0.003917232689420347,0.022465025821318475,0.0011304453606703802,0.30256410256410254
25852,0.006600000000000001,4.978067253362187e-06,0.002205955063729892,0.00686928875389467,0.0009561043208774258,0.28063241106719367
25870,0.001,0.0,0.00030024016811047716,0.0002696843174628564,0.00016788603470206036,0.6666666666666666
25871,0.0008,0.0,0.0004003602842119758,0.0015666003996312131,8.277788060314436e-05,0.6
25872,0.0022,5.316714062203053e-07,0.0010015020326745727,0.01188738746845227,0.0006307246813802245,0.5272727272727272
25875,0.004600000000000001,7.286907274518846e-06,0.0017037476313173094,0.0025062935064384083,0.0011963710499160816,0.27450980392156865
25877,0.0014,0.0,0.0006006606425976724,0.0005434453017195947,8.277788060314436e-05,0.6190476190476191
25880,0.0138,1.7772326726410306e-05,0.005027646928883245,0.046303419117471226,0.005003434241782792,0.27137254901960783
25881,0.0086,3.9137904331979245e-06,0.00381640757517987,0.04379417090962581,0.0004904563968770359,0.4183535762483131
25884,0.0096,1.0746314115527289e-05,0.002608083650670334,0.009471010954555596,0.001664074364877464,0.18518518518518517
25887,0.004000000000000001,0.0,0.0016033665244477024,0.008563647444192881,0.0002681849962810135,0.21323529411764705
25888,0.0036,0.0,0.0017037476313173094,0.022170617363748632,4.778489908181978e-05,0.45098039215686275
25892,0.0044,3.107460081216728e-06,0.0018041488566566954,0.017454414914534717,0.0002960658880672383,0.36257309941520466
25896,0.0006000000000000001,0.0,0.00030024016811047716,0.002289165269335723,0.0,0.6666666666666666
25898,0.006200000000000001,9.077553339998423e-06,0.0024069790354728227,0.01565358653525759,0.00045491606957783024,0.24666666666666667
25907,0.0086,8.3052866438231e-06,0.002909891886128557,0.008359265066568216,0.0014259586077824907,0.28045977011494255
25923,0.0004000000000000001,0.0,0.00020014008604940514,0.0010017881434647878,1.9908861542264193e-05,0.6666666666666666
25924,0.007200000000000001,2.0534147743059887e-06,0.0035140536841118397,0.04164251140283723,0.00021502853246602182,0.4
25926,0.0014,0.0,0.0006006606425976724,0.005663171651120817,7.164256405195403e-05,0.7142857142857143
25931,0.0102,2.2969578964633973e-05,0.0048255707952091775,0.044755759248768234,0.0010889631798606126,0.26360544217687076
25958,0.0014,4.064099410431676e-08,0.0007008408969193525,0.012819805335060504,0.00036155730946274176,0.4642857142857143
25967,0.0014,3.642166775430823e-07,0.0006006606425976724,0.003003720393258044,0.00026101656933864186,0.6190476190476191
25969,0.0016,4.231340812632868e-07,0.0005005004403684232,0.0017370813397253222,0.00012252604643679188,0.4
25984,0.004200000000000001,6.579110082089501e-07,0.0017037476313173094,0.01681592885391173,0.0011954047310686975,0.5163398692810458
26014,0.005000000000000001,4.5900653305820985e-07,0.0023064569722013317,0.028939054958760726,4.217227240994588e-05,0.4601449275362319
26016,0.011,3.1575927115395447e-06,0.005128715471710565,0.05773020324694575,0.0002866959359026015,0.3717948717948718
26019,0.004200000000000001,4.662102139559792e-06,0.0020050116869441137,0.01397769943057968,0.003575620996267983,0.38095238095238093
26024,0.005200000000000001,4.6362653355293744e-07,0.0024069790354728227,0.023094259345436713,6.148100288400386e-05,0.2833333333333333
26057,0.0028,4.590966523652298e-08,0.0011017625556131172,0.012936134384641425,0.0005696037625878575,0.6060606060606061
26059,0.005000000000000001,3.6029324665878134e-06,0.002205955063729892,0.010294344300173848,0.00023199223760701868,0.2964426877470356
26067,0.005000000000000001,4.339753522177052e-06,0.0018041488566566954,0.014156725094730479,0.0020694579007349014,0.47368421052631576
26068,0.0002,0.0,0.00010006003201601388,0.0006160917137844934,0.0,1.0
26077,0.0004000000000000001,0.0,0.00020014008604940514,0.002720619150765227,0.0,0.6666666666666666
26082,0.0032,8.448498340167062e-08,0.0016033665244477024,0.023934446013684618,0.0,0.5588235294117647
26092,0.015,9.139500920976058e-06,0.0060392477409603185,0.018162079411451305,0.0035679307925326753,0.21420765027322405
26095,0.020600000000000004,5.559696875591928e-05,0.008984437537631118,0.051624966345199155,0.0007326115978226957,0.23595505617977527
26114,0.0016,0.0,0.0008010412093559793,0.004221877622556909,0.00021491976761945318,0.5833333333333334
26116,0.004200000000000001,4.742723472628583e-06,0.0018041488566566954,0.009304702631836387,0.0009846555601303662,0.36257309941520466
26118,0.0034000000000000002,1.9847237024930953e-07,0.0017037476313173094,0.02030263861471299,0.0,0.3660130718954248
26119,0.005000000000000001,1.4167557657246673e-06,0.0018041488566566954,0.014545722369808351,0.006034546648503953,0.30409356725146197
26120,0.032600000000000004,0.00010765305575514362,0.014720768534778994,0.08425232586974196,0.013297796223477387,0.17921587151629664
26124,0.0008,3.3475797568298e-09,0.0004003602842119758,0.004690355495953506,6.304621247398608e-05,0.7
26133,0.0016,0.0,0.0007008408969193525,0.006437085309405772,0.00010227938593956561,0.42857142857142855
26137,0.0128,2.3901326268515953e-06,0.0052298043400367256,0.03484412832974253,0.0020878312411853504,0.3940493468795356
26140,0.0048000000000000004,2.5542046377521896e-06,0.002205955063729892,0.031032867596047866,0.0004906302946036987,0.5335968379446641
26142,0.0044,4.211052450470263e-07,0.0017037476313173094,0.0118101125657603,0.0010012892764865626,0.6862745098039216
26144,0.0084,1.2163852148029795e-06,0.0032118818425515006,0.0214996982494018,0.00288316329835975,0.5037878787878788
26150,0.023600000000000003,6.577494308084593e-05,0.010208185942121473,0.04362857172554739,0.0028024761314782098,0.23199378761405554
26155,0.0036,4.724398186186216e-07,0.0016033665244477024,0.018755359243560872,0.00023645352719777835,0.4117647058823529
26164,0.0112,4.840409441351024e-06,0.005432043077715942,0.015263474537558445,0.0029375649640883687,0.15622895622895622
26173,0.0084,2.1263752997899916e-06,0.003312585572165627,0.017183044241690988,0.001715472484892093,0.46880570409982175
26176,0.006000000000000001,0.0,0.0021054733039971296,0.012981375349072177,0.0005605778009909989,0.2510822510822511
26184,0.0032,0.0,0.001503005530002266,0.01633680121318675,0.001539976537420146,0.375
26202,0.0014,0.0,0.0005005004403684232,0.002318795334757323,0.0002561134648349268,0.5333333333333333
26205,0.002,0.0,0.0008010412093559793,0.011278198274222783,0.00021558476086454704,0.5
26208,0.0038,1.959283251786381e-06,0.0017037476313173094,0.016929266239209987,0.0008615489499099073,0.41830065359477125
26209,0.0026,0.0,0.0009012615859320672,0.006066750837483526,0.0012161505676723775,0.3333333333333333
26215,0.0004000000000000001,0.0,0.00020014008604940514,0.0009498055496646417,0.0,1.0
26219,0.001,0.0,0.0004003602842119758,0.005015575454532427,9.153705102520288e-05,0.6
26232,0.0028,2.3574613098954553e-06,0.0014026646419362798,0.013789073119975938,0.00040515265908736854,0.29523809523809524
26244,0.0108,6.6272615298350395e-06,0.0043207357284889,0.027789456680140375,0.001984464205607223,0.21775898520084566
26273,0.0012,0.0,0.0006006606425976724,0.006319141393303251,0.0,0.42857142857142855
26274,0.008,1.0480555393308183e-05,0.003715602706946264,0.04345706847290469,0.0012296796322939525,0.3357041251778094
26279,0.0032,0.0,0.0012020431607797644,0.0025084071778685487,0.0008865018797947949,0.28205128205128205
26289,0.015,2.7900657089413206e-05,0.0068499955123555445,0.046349519915359,0.0008111691736150181,0.2186700767263427
26290,0.0058000000000000005,0.0,0.0028092689578591568,0.03157299649353161,7.125180344745086e-05,0.4458128078817734
26291,0.002,0.0,0.0010015020326745727,0.012274088300606837,0.0,0.43636363636363634
26299,0.0022,3.5605495927881154e-07,0.0009012615859320672,0.0059933644394436335,0.00013279523449409754,0.6444444444444445
26309,0.007000000000000001,2.824411213807674e-06,0.0027086662147308704,0.021310272070923647,0.002064097201643693,0.30158730158730157
26314,0.0008,0.0,0.0004003602842119758,0.002437260872922167,0.0,0.8
26320,0.0082,6.172568012127696e-06,0.003312585572165627,0.01186815095324683,0.003817495770692768,0.28698752228163993
26321,0.0036,2.2463952351501743e-06,0.001503005530002266,0.008723013327651422,0.0005691712566118938,0.325
26335,0.0044,3.5651476936808795e-06,0.001503005530002266,0.008827185065252138,0.0005139864367766262,0.3333333333333333
26337,0.003,2.250338757676901e-06,0.0011017625556131172,0.002730864578307464,0.0007261921693590487,0.25757575757575757
26343,0.004200000000000001,1.1714372175663857e-06,0.0021054733039971296,0.030235577787777353,0.00010856886324093833,0.48484848484848486
26350,0.0048000000000000004,3.312271222942058e-07,0.0019045702065152437,0.019454699552455313,0.0005586357995258537,0.5210526315789473
26366,0.005000000000000001,0.0,0.0014026646419362798,0.005117002599679359,0.0010725563528481935,0.2761904761904762
26385,0.003,4.22442968023167e-08,0.0013023438542085763,0.010243490049589084,0.00013759378957540634,0.5714285714285714
26396,0.0038,1.032024113428234e-06,0.0018041488566566954,0.016718913936363863,6.822400560684298e-05,0.4502923976608187
26421,0.0014,6.663838389477728e-07,0.0007008408969193525,0.007413345856191925,0.0,0.39285714285714285
26424,0.001,0.0,0.0005005004403684232,0.005147148542468442,0.0,0.4666666666666667
26431,0.0,0.0,0.0,0.0,0.0,0.0
26464,0.0016,0.0,0.0006006606425976724,0.003304602927580221,7.481628396460163e-05,0.5714285714285714
26475,0.0008,0.0,0.0004003602842119758,0.004614835563072319,0.0,0.7
26485,0.0024000000000000002,0.0,0.0011017625556131172,0.007002831222595639,8.29199010522327e-05,0.3181818181818182
26488,0.0006000000000000001,0.0,0.00030024016811047716,0.0032820558146285164,0.0,1.0
26492,0.0086,1.6102825078254182e-05,0.0030105350056146563,0.012446176027241518,0.0011188364829988816,0.17849462365591398
26495,0.0022,8.131757010343544e-08,0.0011017625556131172,0.01815918040668693,0.0,0.5606060606060606
26501,0.0028,0.0,0.0013023438542085763,0.007953538358722112,0.00029370437391744116,0.46153846153846156
26513,0.0032,1.2523136461740435e-06,0.001503005530002266,0.005302309132682492,8.069041972184703e-05,0.3
26538,0.0074,3.4040177722509865e-05,0.0035140536841118397,0.008207160746397811,0.0038851070801856277,0.14603174603174604
26541,0.0034000000000000002,1.5132935895692452e-06,0.0013023438542085763,0.005193311790070628,0.0016408594702490798,0.4945054945054945
26543,0.0068000000000000005,3.1395231447599616e-06,0.0028092689578591568,0.028564661520401515,0.0002490635526737853,0.5197044334975369
26544,0.0074,3.033400161532659e-06,0.0030105350056146563,0.024745657926404763,0.000380882379313457,0.4236559139784946
26545,0.0014,0.0,0.0006006606425976724,0.005476070785077062,0.0001543535238101619,0.47619047619047616
26548,0.0008,3.797981396839628e-07,0.00030024016811047716,0.0020359474198857162,9.536552178118936e-05,0.6666666666666666
26553,0.0024000000000000002,0.0,0.0010015020326745727,0.0072363806646726005,0.00010865086445654341,0.4
26556,0.0084,1.1486806565005006e-05,0.0034133095173229933,0.011649443833134432,0.0023725434614270922,0.32941176470588235
26557,0.004200000000000001,5.202613510646608e-07,0.0020050116869441137,0.02002485729710853,0.0005953855095276768,0.4714285714285714
26558,0.002,9.61674280523971e-07,0.0009012615859320672,0.009105469030082249,5.7143747752605445e-05,0.4222222222222222
26561,0.0084,4.176444643812311e-06,0.004018078055767926,0.02641987412434719,9.955337362357625e-05,0.49878048780487805
26565,0.006000000000000001,8.076132792396631e-07,0.0024069790354728227,0.007343164525359222,0.00024905427886628333,0.5766666666666667
26575,0.006600000000000001,2.6959491140152576e-06,0.003111198322395703,0.011756976339841331,0.0011056147153010606,0.3165322580645161
26578,0.006200000000000001,1.5639584287683795e-06,0.0030105350056146563,0.01380663760757751,3.495894206685202e-05,0.5333333333333333
26584,0.0102,3.936357227633515e-06,0.003917232689420347,0.020859985290666745,0.0006058831390258725,0.5371794871794872
26585,0.0112,8.187348474035833e-06,0.005330913539993931,0.04150623852812295,0.00016465445946210516,0.3696715583508036
26588,0.006000000000000001,5.009109127990721e-06,0.0028092689578591568,0.010902889556942689,0.0001121339115886707,0.43103448275862066
26597,0.008,8.744852388108507e-08,0.003917232689420347,0.033232659611416596,5.226601224692291e-05,0.35
26605,0.0044,1.6587906793485683e-06,0.0020050116869441137,0.006059965020133364,4.5469980906680664e-05,0.4714285714285714
26613,0.004000000000000001,2.0045605581802268e-08,0.0019045702065152437,0.02660511198477018,4.679244019463794e-05,0.6368421052631579
26623,0.0024000000000000002,0.0,0.0011017625556131172,0.012162907207760424,0.0001414339990339227,0.4696969696969697
26629,0.0054,4.048112015903533e-06,0.0021054733039971296,0.010347107011024266,0.0005526836249973478,0.3116883116883117
26636,0.004600000000000001,2.3024693002321815e-06,0.0021054733039971296,0.016636492843518633,6.692690254308956e-05,0.45454545454545453
26640,0.027000000000000003,8.410470202433803e-05,0.011127946677811584,0.05792272293950848,0.0019122320865026373,0.23521703521703521
26650,0.0014,1.0922299441891742e-07,0.0006006606425976724,0.004404516644509238,0.0002669742136470494,0.5238095238095238
26651,0.0032,1.2987914651031252e-06,0.001503005530002266,0.014645968833745963,0.00042015596242388155,0.5083333333333333
26659,0.0032,7.55213993140803e-07,0.0013023438542085763,0.005908206693735147,0.0003673685055154422,0.38461538461538464
26667,0.0064,1.2507171803857733e-05,0.002608083650670334,0.016440200553169866,0.000621481719528853,0.34472934472934474
26679,0.0026,7.320712538301912e-07,0.0012020431607797644,0.014512094280549535,7.321892085518117e-05,0.5256410256410257
26695,0.006000000000000001,0.0,0.0030105350056146563,0.01668512232158205,0.0,0.44516129032258067
26705,0.0038,3.5277326839338603e-07,0.0017037476313173094,0.017464374013977647,0.000246184328612421,0.40522875816993464
26706,0.0038,0.0,0.0012020431607797644,0.011005362411061103,0.000865595865550249,0.38461538461538464
26716,0.007000000000000001,2.7422924433335686e-06,0.0035140536841118397,0.04396049598372119,0.0,0.4444444444444444
26720,0.0142,1.8445396192825252e-05,0.006140519815011292,0.0342038734572741,0.000285891199358374,0.38921205711263884
26721,0.011,8.950279084407898e-06,0.005533192959340294,0.04647488876936377,0.0,0.2766233766233766
26725,0.0044,1.0684221936492283e-06,0.0017037476313173094,0.016962466370723742,0.000219758278208867,0.3790849673202614
26733,0.005600000000000001,3.453683844005705e-06,0.0021054733039971296,0.0168846709503384,0.0005532176678785962,0.27705627705627706
26754,0.002,9.44547478696466e-08,0.0009012615859320672,0.007578736695538286,0.00022840264362468908,0.6222222222222222
26756,0.0032,3.062572593395405e-06,0.0014026646419362798,0.012934115801091689,0.00014338068906489892,0.42857142857142855
26769,0.0014,0.0,0.0006006606425976724,0.008829238163545411,2.440915211962319e-05,0.5714285714285714
26771,0.006000000000000001,2.0357300397076825e-06,0.0028092689578591568,0.030029703637692546,0.0002037416923461972,0.3891625615763547
26776,0.004000000000000001,1.1036173415468608e-06,0.0014026646419362798,0.010150495014753763,0.0005954720822106274,0.49523809523809526
26784,0.0018,0.0,0.0007008408969193525,0.006168532012307635,0.00015477107634698976,0.35714285714285715
26795,0.0028,3.240682251989857e-08,0.0012020431607797644,0.020665167175608817,9.357023286868827e-05,0.6410256410256411
26800,0.019200000000000002,2.1717086397714133e-05,0.007255859522650399,0.061104353311517035,0.0048436158223899625,0.3249619482496195
26802,0.0038,2.9902495290721966e-06,0.0016033665244477024,0.012908658661727686,0.00011926173908183204,0.3014705882352941
26805,0.0032,0.0,0.0014026646419362798,0.016907225864236774,8.835560951111002e-05,0.3904761904761905
26808,0.004000000000000001,8.320714953412567e-07,0.0019045702065152437,0.024349869210528965,9.65669225375023e-05,0.5052631578947369
26819,0.0024000000000000002,1.2979535292940346e-06,0.0012020431607797644,0.011326364005289316,0.0,0.41025641025641024
26820,0.001,9.373223319123441e-08,0.0005005004403684232,0.008587819648919416,0.0,0.7333333333333333
26845,0.0032,1.6558085928639284e-06,0.0010015020326745727,0.004280434056589387,0.00026892912201929864,0.5636363636363636
26850,0.007000000000000001,8.666141044535992e-06,0.0028092689578591568,0.02187644109971486,0.00041326767075110357,0.3916256157635468
26853,0.0034000000000000002,2.513991187551083e-06,0.0011017625556131172,0.006491470010934216,0.00030886691801190985,0.4090909090909091
26854,0.004200000000000001,2.9393825051130325e-06,0.0016033665244477024,0.01494393109184343,0.0007544618540673745,0.4632352941176471
26856,0.0054,6.562474823876514e-06,0.0024069790354728227,0.024791925525654512,0.00017019882216741215,0.42333333333333334
26858,0.0032,2.396641816145609e-06,0.0012020431607797644,0.010815241287077993,0.0002270580367169598,0.4230769230769231
26862,0.001,4.820514849834912e-07,0.0004003602842119758,0.002795802292430887,6.892126464412486e-05,0.5
26869,0.006600000000000001,8.752748108419907e-06,0.0032118818425515006,0.034263271150621374,0.00013226163408502749,0.45075757575757575
26882,0.0008,0.0,0.0004003602842119758,0.0067756032335499535,0.0,0.7
26886,0.0024000000000000002,9.551760906154364e-07,0.0012020431607797644,0.008025305650893582,0.0,0.358974358974359
26887,0.0014,0.0,0.0005005004403684232,0.0020403190634274704,0.00019788732616289443,0.4
26888,0.0022,1.0937622261648589e-07,0.0010015020326745727,0.014721709407685513,9.98112391643294e-05,0.43636363636363634
26890,0.006600000000000001,7.000180039604164e-06,0.002909891886128557,0.017957721488519384,0.001025989304444204,0.2896551724137931
26904,0.002,0.0,0.0010015020326745727,0.006801326905139423,9.436113788364119e-05,0.34545454545454546
26920,0.0018,5.014280642818473e-07,0.0008010412093559793,0.011457694273622667,0.000123225543685696,0.5833333333333334
26951,0.001,1.9639134573401496e-07,0.0005005004403684232,0.003286922006123712,6.415744127408966e-05,0.5333333333333333
26963,0.0014,6.9160950229007e-08,0.0006006606425976724,0.006817416791252955,0.00015783738547321278,0.7619047619047619
26970,0.005600000000000001,4.184645540994597e-06,0.0027086662147308704,0.020631211753157814,0.00014889183663683474,0.4444444444444444
26973,0.0004000000000000001,0.0,0.00020014008604940514,0.002403330516197037,0.0,0.6666666666666666
26980,0.002,7.442466842231891e-07,0.0008010412093559793,0.004074565663325504,0.00039794720066879403,0.3611111111111111
26982,0.0078000000000000005,6.308200610363299e-06,0.003715602706946264,0.042588266916027295,0.0002675093370468625,0.35988620199146515
26983,0.005600000000000001,2.2453645574154754e-06,0.0025075212596070706,0.03196498181243679,0.00011022894390522056,0.3723076923076923
26989,0.004000000000000001,9.339513425068651e-07,0.0017037476313173094,0.014417977044716243,0.00022378237123155456,0.5032679738562091
26991,0.0082,1.2821048454975915e-05,0.003614818078621962,0.035325342153340863,0.001463264003554721,0.40540540540540543
26999,0.0026,0.0,0.0012020431607797644,0.010614341533835111,5.108640342060746e-05,0.5641025641025641
27006,0.0038,2.618895539119126e-06,0.0019045702065152437,0.021347556241226362,0.00046225054790422946,0.3894736842105263
27008,0.0004000000000000001,0.0,0.00020014008604940514,0.0014697200400071303,5.2053017441191216e-05,0.6666666666666666
27009,0.004600000000000001,3.0240830745436e-06,0.002205955063729892,0.01946218466986658,0.0005212285831026729,0.4189723320158103
27012,0.0008,0.0,0.0004003602842119758,0.003317844882159063,0.0,0.5
27018,0.004600000000000001,4.665952310205285e-06,0.0018041488566566954,0.011310667663444872,0.0006495562405974877,0.30994152046783624
27023,0.0034000000000000002,1.0344977899963178e-06,0.0014026646419362798,0.006653837050637936,0.00016405507814575254,0.3619047619047619
27041,0.013,1.1705881795126413e-05,0.0049265987054252225,0.028926993303298596,0.0016852857938372194,0.4236734693877551
27055,0.0064,3.4592141090278556e-06,0.0028092689578591568,0.019622009344383535,0.00016911806529645152,0.5295566502463054
27060,0.0032,1.3540067023410566e-06,0.0013023438542085763,0.007219315512724533,0.00024231464485033284,0.45054945054945056
27064,0.0096,5.691905791123474e-06,0.004219829569195754,0.019518032816104116,0.0002625693916703931,0.5138427464008859
27079,0.0058000000000000005,1.1627867618015291e-06,0.0025075212596070706,0.01499788108971135,0.00019264771616809596,0.556923076923077
27091,0.0018,1.6925222207013078e-08,0.0008010412093559793,0.006323712424818311,3.738885000043198e-05,0.5555555555555556
27100,0.0084,5.522931212216542e-06,0.003917232689420347,0.03967851850140969,0.00014770610165070895,0.36153846153846153
27104,0.004200000000000001,2.4000606882962826e-06,0.0017037476313173094,0.017347150252150004,0.00022670759805535267,0.42483660130718953
27105,0.003,1.3793535733613713e-06,0.0014026646419362798,0.010759085943243065,5.42926177146475e-05,0.3142857142857143
27108,0.005200000000000001,2.4031076230384626e-06,0.0023064569722013317,0.02472490988692012,0.0001312856032275664,0.4420289855072464
27110,0.0094,9.680216543631392e-06,0.004118943680324838,0.043004786973360354,0.0007172421956350019,0.3333333333333333
27115,0.0068000000000000005,7.266766868539112e-06,0.003111198322395703,0.027997881894565407,0.0009789373724661547,0.3588709677419355
27116,0.0036,8.88445594657826e-07,0.0016033665244477024,0.019432267262606343,0.00042051373296053414,0.5588235294117647
27120,0.004200000000000001,4.398540385172179e-07,0.0018041488566566954,0.013578790799867502,0.00029308627841943206,0.47368421052631576
27124,0.0036,1.412781659836232e-06,0.0013023438542085763,0.01060914543804094,0.0002799757755201502,0.5164835164835165
27128,0.0074,3.4363065072038313e-06,0.002909891886128557,0.020033977403425104,0.00039753160688229866,0.3816091954022989
27132,0.0018,0.0,0.0007008408969193525,0.008810520381467807,7.951954655759466e-05,0.5357142857142857
27133,0.0032,1.920359739143678e-06,0.0016033665244477024,0.00858149747889186,0.000538495313210087,0.3088235294117647
27163,0.0044,5.013759821832427e-06,0.0020050116869441137,0.024354053110052495,0.0004664758203627176,0.41904761904761906
27185,0.0014,0.0,0.0007008408969193525,0.009892001189624421,0.00011191724589600907,0.5357142857142857
27187,0.0018,1.8066847985541177e-08,0.0009012615859320672,0.008639292207426869,0.0,0.4
27201,0.0036,0.0,0.0017037476313173094,0.010250928256732881,0.00012524288397389367,0.2679738562091503
27203,0.0016,0.0,0.0006006606425976724,0.004248574590895069,0.00028603766537422723,0.3333333333333333
27204,0.0014,0.0,0.0006006606425976724,0.009319974912367926,0.000200085593906216,0.7619047619047619
27205,0.0054,9.756297917822147e-06,0.0019045702065152437,0.008748622191782513,0.0009303987878646708,0.33157894736842103
27209,0.004200000000000001,5.650968103369177e-06,0.0018041488566566954,0.009948187111758239,0.00020320899873858377,0.28654970760233917
27217,0.005000000000000001,6.959024730623884e-07,0.0019045702065152437,0.01527357374792426,0.000634435935042694,0.6263157894736842
27231,0.0014,1.262355270699359e-07,0.0006006606425976724,0.004638415553061999,3.927779429119781e-05,0.6190476190476191
27235,0.0016,6.65674093599081e-07,0.0008010412093559793,0.0075299628659566305,9.137365031806162e-05,0.3888888888888889
27236,0.0006000000000000001,0.0,0.00020014008604940514,0.0035450513295809567,4.829561704132706e-05,1.0
27238,0.002,4.848060648976826e-07,0.0010015020326745727,0.010677518693406211,0.0,0.6909090909090909
27244,0.004600000000000001,1.5663380750618219e-06,0.0018041488566566954,0.009836141965537743,0.0005661329999759375,0.1871345029239766
27245,0.005000000000000001,1.391867612878548e-06,0.002205955063729892,0.02960197390087028,0.0001654921216049382,0.391304347826087
27246,0.003,1.8430621570299458e-06,0.001503005530002266,0.010920586938899062,6.573354276573915e-05,0.31666666666666665
27253,0.016200000000000003,1.919893401890072e-05,0.0067485806004177196,0.06421682001524777,0.0017858796512925683,0.3064091308165057
27255,0.004000000000000001,2.1609074477282375e-07,0.0016033665244477024,0.017291931796609497,0.00025032425988072014,0.5073529411764706
27257,0.013600000000000001,2.1009465228158347e-05,0.0067485806004177196,0.0577379153218982,4.989619882170141e-05,0.3086040386303775
27287,0.007600000000000001,7.657275047249587e-06,0.0028092689578591568,0.02030742979661562,0.0009028428516478097,0.2315270935960591
27290,0.018400000000000003,3.1169691425880545e-05,0.006647186112386683,0.028420793750791488,0.001526497698271967,0.23563998190863863
27303,0.0096,1.27728272061568e-05,0.004623575890008391,0.04554880199656232,0.0006944809091059581,0.28122109158186864
27304,0.0054,7.286110306035945e-06,0.0025075212596070706,0.01201961672813515,0.00019326542330227504,0.21846153846153846
27309,0.031400000000000004,8.296153881913419e-05,0.01307517332024033,0.11166125975461028,0.00772713915221392,0.3221228384019082
27310,0.0092,7.541864430782623e-06,0.00381640757517987,0.026205670367015464,0.002283678870612623,0.3481781376518219
27311,0.005600000000000001,2.869202662598918e-06,0.002205955063729892,0.017842367970133364,0.00047044907734514576,0.35177865612648224
27341,0.0026,1.592433294113511e-06,0.0011017625556131172,0.01216805065148328,0.000176364557940162,0.6212121212121212
27349,0.0024000000000000002,1.5260094484224863e-06,0.0010015020326745727,0.003073781338673136,0.0010489349540596027,0.2727272727272727
27368,0.002,0.0,0.0010015020326745727,0.007204936462459328,0.0,0.34545454545454546
27384,0.002,0.0,0.0007008408969193525,0.0034955480538989715,0.00024626360214802527,0.39285714285714285
27389,0.0024000000000000002,1.5975124904674602e-07,0.0011017625556131172,0.011544718192560841,9.19094527719221e-05,0.5
27396,0.0004000000000000001,0.0,0.00020014008604940514,0.0013337485885063947,0.0,1.0
27402,0.0,0.0,0.0,0.0,0.0,0.0
27412,0.006600000000000001,0.0,0.002608083650670334,0.018463468178776848,0.0003799677610183406,0.30484330484330485
27442,0.0016,0.0,0.0007008408969193525,0.007311387180306276,0.0002053936365983525,0.5357142857142857
27453,0.0048000000000000004,6.98694094160728e-06,0.0019045702065152437,0.004117351622931963,0.0004473252763417852,0.2631578947368421
27458,0.0016,0.0,0.0007008408969193525,0.004962260068245055,4.591504431662849e-05,0.42857142857142855
27459,0.0008,0.0,0.00030024016811047716,0.0005637482118238382,0.00028364680135434305,0.8333333333333334
27463,0.0032,3.2802668851684433e-06,0.0012020431607797644,0.007725035876227037,0.0004345669252381882,0.5256410256410257
27467,0.0002,0.0,0.00010006003201601388,0.002266637088821924,0.0,1.0
27478,0.0034000000000000002,1.725377093282139e-07,0.001503005530002266,0.014571874432758373,0.00035970797123498026,0.35833333333333334
27489,0.018400000000000003,4.308524529868773e-05,0.007154362853342144,0.03646474443685785,0.0034850129705567817,0.2949921752738654
27515,0.005200000000000001,2.157765699640301e-06,0.0024069790354728227,0.012635419922210733,0.0028353536087667745,0.53
27552,0.007000000000000001,6.678360893491353e-06,0.003111198322395703,0.030216981335444853,0.0002289999371726724,0.41330645161290325
27553,0.0012,0.0,0.0006006606425976724,0.005418275693401075,5.852264038302469e-05,0.6666666666666666
27555,0.0012,0.0,0.0005005004403684232,0.004330544464059442,2.2843497232186887e-05,0.3333333333333333
27556,0.0044,4.704435704333919e-06,0.0019045702065152437,0.01761631270592804,0.0005598991142078722,0.3473684210526316
27559,0.020200000000000003,7.92940703125086e-05,0.009595940981927287,0.08385615911198077,0.0004264960626338502,0.30855263157894736
27561,0.002,0.0,0.0006006606425976724,0.0034548304557286205,0.000140705311354513,0.7619047619047619
27567,0.002,0.0,0.0009012615859320672,0.004196431391485884,0.0001477530104546464,0.4666666666666667
27571,0.0006000000000000001,0.0,0.00030024016811047716,0.0006894178679260265,0.0,0.5
27572,0.0024000000000000002,5.784617819801895e-07,0.0007008408969193525,0.0019366670360720512,0.00027812767367818016,0.5714285714285714
27573,0.0012,0.0,0.0005005004403684232,0.003902308639167528,0.00010815911730063517,0.6
27582,0.001,0.0,0.0005005004403684232,0.003611628699310695,0.00011451522590272961,0.4
27586,0.005200000000000001,2.21127630319574e-06,0.0024069790354728227,0.020791273421702353,0.00043632396858250073,0.2866666666666667
27611,0.0014,0.0,0.0007008408969193525,0.008991307321712723,0.0,0.5357142857142857
27612,0.0002,0.0,0.00010006003201601388,0.00028374531444951175,4.867713268797943e-05,1.0
27623,0.004600000000000001,2.736824033704747e-06,0.002205955063729892,0.013299973475166586,0.00013409266422742593,0.4901185770750988
27625,0.0074,3.048870521460896e-06,0.0035140536841118397,0.025718790295715947,0.00015174860410708602,0.4031746031746032
27629,0.007600000000000001,1.608231991194889e-06,0.0034133095173229933,0.02670033148768484,0.00011719246886891788,0.5294117647058824
27640,0.0016,0.0,0.0007008408969193525,0.006523062179808635,2.3824303872841258e-05,0.75
27642,0.006200000000000001,2.0204331801701963e-06,0.003111198322395703,0.03251753444819555,0.0,0.4475806451612903
27654,0.003,7.419562415482356e-07,0.0013023438542085763,0.013289157804270396,0.006341854269811483,0.4835164835164835
27662,0.0088,9.822615023527591e-06,0.003917232689420347,0.037860543280388084,0.0006328861632987295,0.37435897435897436
27673,0.005600000000000001,5.925625863970469e-06,0.0024069790354728227,0.0176876531091208,0.0002404099974035531,0.29333333333333333
27678,0.005000000000000001,5.717248098138812e-06,0.002205955063729892,0.015172712903921727,0.0002022936734350384,0.40711462450592883
27694,0.0036,0.0,0.0018041488566566954,0.01580096773949306,0.0,0.3742690058479532
27714,0.0016,2.116061113547805e-07,0.0008010412093559793,0.003802189356506334,0.0,0.6666666666666666
27719,0.005600000000000001,6.674852441163307e-06,0.0023064569722013317,0.014160633145476827,0.00067943739802157,0.26811594202898553
27763,0.005200000000000001,6.697906798594477e-07,0.002205955063729892,0.018008829949706796,0.0021594714773562275,0.38735177865612647
27764,0.004600000000000001,5.230131085223001e-06,0.0019045702065152437,0.012684204930250308,0.0006425492695257936,0.3368421052631579
27769,0.005000000000000001,0.0,0.002205955063729892,0.020062187500299027,0.0003566293175983848,0.30039525691699603
27777,0.0026,1.1599842083094805e-07,0.0010015020326745727,0.007123242176226433,0.00047983576257465963,0.4727272727272727
27782,0.0084,1.6428564117151535e-06,0.003312585572165627,0.010564183622712633,0.002625999400256641,0.3137254901960784
27785,0.0058000000000000005,4.242578235617637e-06,0.002205955063729892,0.015150514644011664,0.001326408441447304,0.43873517786561267
27809,0.0024000000000000002,6.511791751428442e-07,0.0009012615859320672,0.004867491192129016,0.0010262895855217176,0.4444444444444444
27811,0.0198,4.375719782122074e-05,0.007052886632642474,0.04396698726457547,0.004535626226304799,0.29979879275653926
27812,0.0016,1.1416257785281023e-09,0.0007008408969193525,0.009516754380980333,0.0003442045358006305,0.6785714285714286
27815,0.009,5.014220555342991e-06,0.0035140536841118397,0.026683631497444186,0.0008776632606908923,0.3142857142857143
27820,0.002,0.0,0.0009012615859320672,0.0034519270912304906,0.0005013610147284166,0.37777777777777777
27830,0.007200000000000001,4.400064569473273e-06,0.003312585572165627,0.023460252844523834,0.0002177126879271482,0.3333333333333333
27839,0.003,0.0,0.0012020431607797644,0.0037937621518585388,0.00039554515568846567,0.5641025641025641
27847,0.0142,3.735226573465629e-05,0.0068499955123555445,0.030513734681471515,0.0005919096403836712,0.23657289002557544
27848,0.0058000000000000005,3.086488553313225e-06,0.0023064569722013317,0.0042633235182268706,0.0014033732874829431,0.463768115942029
27850,0.0054,8.434834643745388e-07,0.002608083650670334,0.012005348156996786,0.004420387290618631,0.4928774928774929
27856,0.0104,1.7546593946236318e-05,0.0048255707952091775,0.02547131490374006,0.006164823503549285,0.3239795918367347
27860,0.0022,3.294151088361989e-06,0.0011017625556131172,0.0059708775533424425,0.00041955852203876367,0.3333333333333333
27866,0.0038,2.5304597343814537e-06,0.0018041488566566954,0.012458855597011764,8.774947887523453e-05,0.47368421052631576
27867,0.0014,1.112961581491466e-07,0.0005005004403684232,0.0036064871384230354,0.00019127931977961385,0.7333333333333333
27871,0.006200000000000001,4.059282124551894e-06,0.0027086662147308704,0.017352975154912884,0.0011295335133942245,0.3862433862433862
27872,0.0106,2.5396004360264407e-06,0.004118943680324838,0.007170490470655265,0.004386859813530736,0.3635307781649245
27873,0.0048000000000000004,3.928046393880359e-06,0.0021054733039971296,0.010346179176965759,0.0009715086486726242,0.3939393939393939
27874,0.006200000000000001,2.9065367956511195e-06,0.0027086662147308704,0.018759927904678373,0.0005126308029624512,0.4708994708994709
27876,0.003,1.279800720968579e-07,0.001503005530002266,0.01654136741148228,0.0,0.5916666666666667
27880,0.0018,1.3759436326019497e-08,0.0007008408969193525,0.007463271242617439,0.0003426293741414353,0.6428571428571429
27903,0.007000000000000001,4.6714980950021064e-07,0.0032118818425515006,0.03850231672499417,0.00035383308463828045,0.3939393939393939
27912,0.0004000000000000001,0.0,0.00020014008604940514,0.00244239611658641,0.0,0.6666666666666666
27920,0.0018,0.0,0.0008010412093559793,0.006197780758095489,7.278396698075077e-05,0.3888888888888889
27929,0.0014,0.0,0.0007008408969193525,0.014333370332731098,0.0,0.7142857142857143
27953,0.0008,0.0,0.0004003602842119758,0.0038166538715149224,0.0,0.7
27959,0.0016,0.0,0.0008010412093559793,0.00639222230858371,0.0001015933344444142,0.3888888888888889
27963,0.0016,3.570751740618454e-08,0.0006006606425976724,0.005709073527107202,0.00014022397637811896,0.5714285714285714
27975,0.0054,0.0,0.0021054733039971296,0.012814825403910414,0.0004399097264280858,0.3246753246753247
27976,0.001,6.440233600313845e-07,0.0005005004403684232,0.0037493105108409915,0.0,0.6
28024,0.0024000000000000002,1.124786798294813e-06,0.0007008408969193525,0.0008520295876629155,0.00036629603361360865,0.42857142857142855
28038,0.0028,1.9298168053808605e-07,0.0011017625556131172,0.008631498151384517,0.0002641497422780466,0.48484848484848486
28059,0.0014,0.0,0.0007008408969193525,0.0051587916015773515,0.00013809170695089639,0.35714285714285715
28066,0.0154,4.603471704788984e-05,0.0060392477409603185,0.023274231594325193,0.0031394875536451036,0.2453551912568306
28070,0.0044,8.086356511996268e-07,0.0014026646419362798,0.008154203059893669,0.0007985911221561019,0.5333333333333333
28076,0.0022,0.0,0.0010015020326745727,0.0015052376734768398,0.0005146190826598884,0.45454545454545453
28091,0.007200000000000001,8.190144635220965e-06,0.0028092689578591568,0.006973033345121699,0.0018337872394577556,0.31527093596059114
28092,0.0078000000000000005,7.715737540961514e-06,0.0030105350056146563,0.019933028301889325,0.0011413355356973591,0.35268817204301073
28107,0.0032,1.333089627119889e-06,0.0016033665244477024,0.010426626817343701,0.00034003990558491856,0.375
28205,0.0016,3.5582071259507547e-06,0.0007008408969193525,0.005267406835405235,0.00014402704300868095,0.4642857142857143
28208,0.013600000000000001,3.0055914654510913e-05,0.005027646928883245,0.03394305758267588,0.0011282572096758836,0.28941176470588237
28217,0.009,1.3275403549887582e-05,0.0035140536841118397,0.02404974117210292,0.0007671400428965377,0.36507936507936506
28223,0.0026,2.2596715036214343e-08,0.0013023438542085763,0.017637183731770794,0.0,0.5384615384615384
28237,0.0114,2.522693053026033e-05,0.0034133095173229933,0.008397367704500147,0.002313364707604057,0.09411764705882353
28239,0.0132,2.019930655303388e-05,0.004421662164313389,0.025435119363672803,0.0015986876400089747,0.302020202020202
28245,0.003,1.232057240237162e-07,0.0012020431607797644,0.01466615979585013,0.0018355349817620785,0.4358974358974359
28253,0.001,0.0,0.0004003602842119758,0.0028505818947966773,0.0001146850373118151,0.4
28262,0.0026,0.0,0.0013023438542085763,0.012001299008366773,0.00025202230044868857,0.45054945054945056
28266,0.0018,0.0,0.0009012615859320672,0.013487395182921177,0.0,0.5333333333333333
28283,0.0026,0.0,0.0011017625556131172,0.012335463265088404,0.0001729215462433543,0.5909090909090909
28288,0.0034000000000000002,1.077222160829047e-06,0.0013023438542085763,0.015642374309950136,0.000876181380882383,0.37362637362637363
28289,0.0016,4.284902088742144e-07,0.0006006606425976724,0.005409650351692805,0.000185536624484906,0.6190476190476191
28291,0.0026,4.7957942608614e-07,0.0011017625556131172,0.006978947884179418,0.00044912864270083,0.3787878787878788
28308,0.0026,5.487480264243289e-07,0.0012020431607797644,0.01346217389332207,0.0002911204023288039,0.47435897435897434
28329,0.0002,0.0,0.00010006003201601388,0.0022759666313599772,0.0,1.0
28346,0.004600000000000001,3.769301233008886e-07,0.0016033665244477024,0.008638792987825885,0.0006436453702703498,0.5294117647058824
28358,0.0084,1.6855103764980092e-06,0.0030105350056146563,0.019160475293672905,0.001336229543279758,0.26666666666666666
28366,0.005200000000000001,7.42097095990513e-06,0.0020050116869441137,0.011861941390897881,0.0004717287615164592,0.2761904761904762
28369,0.0012,0.0,0.0006006606425976724,0.007867150807678976,0.0,0.5714285714285714
28371,0.0026,0.0,0.0010015020326745727,0.0036689647947521255,0.00023631185612804835,0.23636363636363636
28375,0.0106,1.6247578663638584e-05,0.0043207357284889,0.026812731025389124,0.0014607305021512758,0.1945031712473573
28383,0.0074,6.539864218031831e-06,0.003111198322395703,0.01685789795201232,0.0004302789498070132,0.2600806451612903
28424,0.0024000000000000002,0.0,0.0009012615859320672,0.008310789614501393,0.00021694786809333885,0.4888888888888889
28433,0.0034000000000000002,7.377803228777834e-08,0.0014026646419362798,0.018075828517379253,0.00020512514139205227,0.4666666666666667
28470,0.0022,0.0,0.0011017625556131172,0.01256772816646564,0.0,0.4696969696969697
28497,0.0048000000000000004,3.214277516641684e-06,0.002205955063729892,0.01790911295158,6.255135156720904e-05,0.4308300395256917
28503,0.008,9.398294704568902e-06,0.0034133095173229933,0.022046054645076935,0.0003663599430141438,0.2739495798319328
28511,0.0018,5.550895887688687e-07,0.0009012615859320672,0.010420635212059833,0.0,0.4888888888888889
28541,0.0026,6.585486424483462e-07,0.0012020431607797644,0.0025853939183348874,0.000152447689487221,0.3333333333333333
28553,0.0036,1.0488378745760413e-06,0.0016033665244477024,0.02096141566713265,0.0002841969186257509,0.36764705882352944
28568,0.0012,0.0,0.0006006606425976724,0.0027899271880353505,3.507169150296385e-05,0.47619047619047616
28588,0.004000000000000001,2.7232817580186e-06,0.0019045702065152437,0.017178230170619525,0.00014391850196356364,0.3526315789473684
28589,0.0138,1.5534478329749406e-05,0.006140519815011292,0.04483828641428496,0.0018682187894971019,0.21523003701745108
28598,0.001,0.0,0.0005005004403684232,0.002251197366117919,3.470078292808947e-05,0.4666666666666667
28604,0.005000000000000001,6.366294765474058e-06,0.0024069790354728227,0.013990798082327845,0.0015184468776352931,0.23666666666666666
28605,0.0018,0.0,0.0006006606425976724,0.0012914971438248565,0.0003015433091630896,0.6666666666666666
28607,0.0018,0.0,0.0007008408969193525,0.0032051998339096763,0.0018682917468716238,0.5
28636,0.005000000000000001,2.9865795336650175e-06,0.002205955063729892,0.011862151108285514,0.0005373222242321241,0.3438735177865613
28651,0.017,6.156086187791078e-05,0.007966909288418256,0.04541240619513093,0.004319478473666872,0.21455696202531646
28660,0.0014,2.894660731875948e-07,0.0007008408969193525,0.0053340607254715,0.0,0.2857142857142857
28673,0.0118,2.7442912206040386e-05,0.005330913539993931,0.023033323812644124,0.001975428880821819,0.15234102026554858
28704,0.0088,1.8673478620796793e-05,0.003917232689420347,0.03505407185212191,0.0016469041973199059,0.33205128205128204
28747,0.006200000000000001,1.877009707185357e-06,0.0030105350056146563,0.014076900487523972,0.00010505962259397888,0.33763440860215055
28756,0.0016,0.0,0.0005005004403684232,0.0012920999614764242,0.0001578727229759366,0.5333333333333333
28764,0.0036,3.244273969585227e-07,0.001503005530002266,0.01262748295135092,0.0003626282199680266,0.3416666666666667
28778,0.0068000000000000005,4.626772872831648e-06,0.003111198322395703,0.022976529027401167,0.00014496355760348749,0.33669354838709675
28789,0.007600000000000001,5.010996580327951e-06,0.002909891886128557,0.011987037381490147,0.0009252490901833819,0.24367816091954023
28790,0.0058000000000000005,2.0636773259387112e-07,0.002608083650670334,0.026907445899287123,0.0004988722813260032,0.396011396011396
28794,0.004200000000000001,6.628528255442299e-07,0.0020050116869441137,0.02271105157685312,0.0023896040521439,0.5
28797,0.0028,0.0,0.0011017625556131172,0.007743217854514423,0.0003387375172193949,0.36363636363636365
28803,0.004200000000000001,9.067460311308276e-06,0.001503005530002266,0.00726255196805845,0.0008664481268641804,0.325
28804,0.0024000000000000002,8.275279967285994e-08,0.0012020431607797644,0.009330887820972814,0.0,0.4358974358974359
28805,0.0012,0.0,0.0006006606425976724,0.008315640037986497,0.0,0.7142857142857143
28817,0.0032,2.362084460202953e-06,0.0014026646419362798,0.011188515349420617,0.00020398233394358244,0.44761904761904764
28829,0.0022,7.470764295558755e-08,0.0009012615859320672,0.0060499602103281265,0.0011431685722366447,0.5555555555555556
28841,0.007000000000000001,2.3242856833899415e-06,0.002909891886128557,0.021480094219331218,0.0003739610262921059,0.34942528735632183
28844,0.0022,1.3675219432155782e-08,0.0011017625556131172,0.014778959871110008,0.00013945336150452835,0.5757575757575758
28848,0.0016,0.0,0.0007008408969193525,0.004883021615755203,8.857398531906635e-05,0.42857142857142855
28849,0.0134,1.554968029738115e-05,0.0056343631910062975,0.029781196022204654,0.007862981987115469,0.34649122807017546
28858,0.0154,6.196817253378869e-06,0.005836764729032939,0.0381217904158775,0.0006468445732151815,0.3331385154880187
28865,0.005000000000000001,4.30981015260608e-07,0.0018041488566566954,0.01011325978103247,0.0002676337928788345,0.5730994152046783
28868,0.0044,4.491930681395123e-06,0.002205955063729892,0.02057442254651677,7.746297342466275e-05,0.40711462450592883
28878,0.0026,8.514266938587327e-07,0.0012020431607797644,0.014560234323550365,5.374706662787817e-05,0.5
28887,0.0032,7.82428328459801e-07,0.001503005530002266,0.015270603843524931,9.578414827054777e-05,0.4
28888,0.0006000000000000001,0.0,0.00030024016811047716,0.001350272722982583,0.0,0.5
28896,0.0016,2.238096180280495e-08,0.0008010412093559793,0.013617838822620621,0.0,0.5833333333333334
28905,0.001,0.0,0.0004003602842119758,0.006668421879888498,0.00012124025588364131,0.6
28909,0.0016,1.2322819008554857e-08,0.0008010412093559793,0.01598757044535683,0.0,0.8611111111111112
28924,0.0024000000000000002,1.7081546131287092e-06,0.0010015020326745727,0.009289848816880247,0.0001876193494339067,0.32727272727272727
28931,0.0008,0.0,0.0004003602842119758,0.001704565486140541,0.0,0.7
28948,0.016800000000000002,3.8106695984885274e-05,0.0068499955123555445,0.03959642831810807,0.0017017750326605236,0.3371696504688832
28952,0.012,1.0725499984484561e-05,0.005533192959340294,0.03486705834616276,0.0023813141881771265,0.3116883116883117
28956,0.005000000000000001,8.91784380421212e-06,0.0020050116869441137,0.010984868805255121,0.0002717330696966882,0.21904761904761905
28957,0.004000000000000001,2.0793778304380996e-06,0.0017037476313173094,0.011163721670122976,0.0002081341540722335,0.5424836601307189
28959,0.0154,2.128836333307167e-05,0.006241812275992631,0.030831775521625814,0.0012033392724954042,0.4254992319508449
28961,0.016600000000000004,8.087146949966609e-06,0.006444458383373597,0.03715152050759185,0.0013203415187203922,0.38990384615384616
28966,0.019200000000000002,5.934565165584879e-06,0.0068499955123555445,0.030551438580489584,0.0028765230641660347,0.40664961636828645
28972,0.005600000000000001,2.3831256760846404e-07,0.002608083650670334,0.012059183057909581,0.000917220776789337,0.5783475783475783
28975,0.01,1.597822220871068e-06,0.004421662164313389,0.02697011761547236,0.0003639365722743136,0.5515151515151515
28990,0.0112,5.373762149166641e-06,0.004118943680324838,0.026603345414702013,0.0013300805309011117,0.41231126596980255
28996,0.0104,4.818077472247467e-06,0.004522608882781443,0.03127314631135743,0.0015868123229382694,0.3748792270531401
28998,0.011,1.6621501734126172e-06,0.004219829569195754,0.02479309258571894,0.001016505169492817,0.4673311184939092
29002,0.018000000000000002,1.325302514803506e-05,0.0068499955123555445,0.027776514597730038,0.0034427250841877113,0.4744245524296675
29004,0.003,9.381597284868798e-07,0.0012020431607797644,0.009068529625640255,0.00011603269102790294,0.47435897435897434
29005,0.0128,4.236457665002907e-06,0.005027646928883245,0.03872202596962997,0.0009624308838326307,0.36627450980392157
29006,0.0094,3.0569184238486198e-06,0.004219829569195754,0.033247042967683396,0.0003199891512814573,0.3754152823920266
29007,0.0086,0.0,0.003715602706946264,0.026077304538772886,0.0002967346955389538,0.43243243243243246
29011,0.0132,4.4452590165934576e-06,0.0057355537788557065,0.03041202344089197,0.002255171431562336,0.4652147610405324
29013,0.0118,9.31761772208475e-06,0.004522608882781443,0.018756480655739066,0.002553513510885434,0.47342995169082125
29018,0.01,2.7391936371869343e-06,0.004018078055767926,0.01800736986085686,0.0018182199786344194,0.6219512195121951
29022,0.0124,1.989192256924889e-06,0.005128715471710565,0.039596315528933654,0.00195737418340396,0.5784313725490197
29025,0.0082,6.259174861679198e-07,0.003917232689420347,0.04182938652073298,4.960871008365781e-05,0.3525641025641026
29029,0.0134,1.5454447893148716e-06,0.0056343631910062975,0.03602139049976456,0.0017051470734947521,0.4598997493734336
29032,0.0028,0.0,0.0010015020326745727,0.014453837178844096,0.0001823939832788431,0.6
29037,0.0024000000000000002,0.0,0.0010015020326745727,0.011122357681596955,0.0001219580422081875,0.7090909090909091
29043,0.002,0.0,0.0009012615859320672,0.0028288367448992633,0.00010011664123004554,0.4
29067,0.001,7.063025421003536e-09,0.0005005004403684232,0.010084601762868534,0.0,0.6666666666666666
29082,0.003,1.8150073201362332e-06,0.0012020431607797644,0.012931316100134715,0.00037709965668969285,0.4358974358974359
29087,0.005600000000000001,2.3164059042156552e-06,0.0024069790354728227,0.02266264601439538,0.0009269683753987276,0.4533333333333333
29092,0.004200000000000001,3.2106976089308683e-06,0.0019045702065152437,0.017897487060036944,0.00010282255556528629,0.3
29135,0.0036,3.2720284164296955e-06,0.0016033665244477024,0.010950473403996928,0.00015519821374486507,0.3897058823529412
29157,0.0004000000000000001,0.0,0.00020014008604940514,0.0005759019933924241,0.0,0.6666666666666666
29162,0.01,6.67343414364199e-06,0.004018078055767926,0.027775889858784066,0.0010685578083482724,0.29878048780487804
29167,0.0002,0.0,0.00010006003201601388,0.002012706747087657,0.0,1.0
29168,0.005600000000000001,1.6410954797277005e-06,0.0025075212596070706,0.029437655784345294,0.00039678999167331,0.48923076923076925
29171,0.0034000000000000002,1.5441877628541813e-06,0.0014026646419362798,0.009538179263515228,0.0004790803542924039,0.49523809523809526
29176,0.0106,1.1513133510726803e-05,0.00381640757517987,0.023932739001219876,0.0009536571397324828,0.3292847503373819
29181,0.020200000000000003,2.5210364717520715e-05,0.009799940178091493,0.09847111817789023,0.0007752912833088249,0.37786661056175047
29183,0.0028,2.139392708200213e-08,0.0014026646419362798,0.016604818759880825,0.0,0.6285714285714286
29184,0.0064,2.300985269045147e-07,0.0023064569722013317,0.013858851466579516,0.0015985971061014204,0.5144927536231884
29186,0.0028,0.0,0.0012020431607797644,0.009619621175252883,6.877802867078094e-05,0.5
29188,0.0092,3.1871119018588844e-06,0.004219829569195754,0.03418845449435341,0.0005448128014401877,0.4728682170542636
29189,0.007600000000000001,5.488739551100435e-07,0.0030105350056146563,0.02910857697701043,0.0007550494857794173,0.5548387096774193
29208,0.0006000000000000001,0.0,0.00030024016811047716,0.005167563342635736,0.0,1.0
29214,0.0012,5.470435212380405e-08,0.0006006606425976724,0.009230471510522989,0.0,0.47619047619047616
29219,0.0044,8.913789095690294e-07,0.002205955063729892,0.012712494921689122,1.5352608758566178e-05,0.3675889328063241
29221,0.0016,1.836386609460919e-08,0.0007008408969193525,0.006525890389613076,0.0010295386284703647,0.8214285714285714
29222,0.0044,0.0,0.0016033665244477024,0.008415424727786712,0.00032051289618021555,0.2426470588235294
29242,0.0028,0.0,0.0013023438542085763,0.012847769800333635,4.759235777445064e-05,0.42857142857142855
29243,0.004200000000000001,2.4385683851466454e-06,0.0018041488566566954,0.019490723198658095,0.00025659244340436914,0.3567251461988304
29246,0.003,2.5464560984524747e-06,0.0014026646419362798,0.002393229488842217,0.0007645659542595999,0.1619047619047619
29250,0.0014,0.0,0.0006006606425976724,0.005603760795082562,4.759235777445064e-05,0.42857142857142855
29251,0.0032,0.0,0.0014026646419362798,0.013871467873144451,9.195782058913152e-05,0.4095238095238095
29259,0.0092,1.3955326134453937e-05,0.004421662164313389,0.029550317872397872,0.003974016675592177,0.26262626262626265
29263,0.0016,3.7033796624128533e-07,0.0006006606425976724,0.001345032143031462,0.0002168809607280039,0.42857142857142855
29276,0.004600000000000001,1.0372759175899902e-06,0.0020050116869441137,0.014764910846714597,0.0004218483229702683,0.3380952380952381
29280,0.0012,0.0,0.0005005004403684232,0.003301774269641195,0.00010414593139546232,0.4
29283,0.0002,0.0,0.00010006003201601388,0.002928607524134222,0.0,1.0
29297,0.0054,6.951130604624422e-06,0.0024069790354728227,0.01661371323001446,0.0026100019597751576,0.36
29335,0.0012,3.0708464969318704e-07,0.0006006606425976724,0.003753633376263287,0.0001455922306310706,0.5714285714285714
29341,0.001,0.0,0.0004003602842119758,0.0008690475765547982,0.00012725405317069,0.4
29345,0.0006000000000000001,1.800379028883254e-09,0.00030024016811047716,0.008568856677300918,0.0,0.6666666666666666
29360,0.0044,9.831906338343586e-07,0.0017037476313173094,0.017703713265771987,0.00031368741990432365,0.5294117647058824
29363,0.017800000000000003,1.874033600719588e-05,0.007865269305625366,0.06573007994353167,0.000745378520763847,0.2917883803959753
29369,0.0008,0.0,0.0004003602842119758,0.005903695880342574,0.00012660419031785468,0.5
29372,0.0006000000000000001,3.570751740618454e-08,0.00030024016811047716,0.002094202329000235,3.1722505755971044e-05,0.6666666666666666
29374,0.0016,5.207346288401911e-08,0.0006006606425976724,0.0052070756307716175,0.00018729540611994982,0.5714285714285714
29376,0.0016,1.6857542506898172e-07,0.0008010412093559793,0.012736210323549033,0.0,0.5833333333333334
29377,0.006200000000000001,1.694669447900527e-06,0.0027086662147308704,0.015167612680805902,0.0012392171420136087,0.4470899470899471
29381,0.0148,1.4250126414638332e-05,0.005330913539993931,0.0365862006501676,0.0015804199905453216,0.3522012578616352
29382,0.005000000000000001,4.791654687676361e-06,0.002205955063729892,0.020964927983376513,0.0002709980591680443,0.3675889328063241
29383,0.015,2.098951568712218e-05,0.006444458383373597,0.05115416555179543,0.002043648977594441,0.29615384615384616
29397,0.0094,1.311243266121589e-05,0.004522608882781443,0.039775378007521636,0.00029009610872316545,0.34492753623188405
29399,0.004000000000000001,6.434850404555872e-07,0.001503005530002266,0.008537104712131807,0.0029085379846514456,0.44166666666666665
29402,0.0132,1.7807710175505897e-05,0.005533192959340294,0.03891018178879002,0.003384935244311934,0.262987012987013
29403,0.0022,1.1992163505702928e-07,0.0010015020326745727,0.0132339498660865,0.00016150596210679,0.509090909090909
29404,0.0026,8.113715850761337e-07,0.0011017625556131172,0.0071316858043151965,0.0002415586130877906,0.5303030303030303
29407,0.0112,2.7122929732664445e-05,0.0048255707952091775,0.022618359132750916,0.0023722712609552314,0.3052721088435374
29410,0.0028,9.983911646123886e-08,0.0013023438542085763,0.012677868747817136,0.00016150596210679,0.5054945054945055
29413,0.0154,1.8027041891700485e-05,0.006545812042094257,0.051809125431190595,0.008208883146285149,0.34825174825174826
29419,0.004200000000000001,6.133462741479222e-08,0.0017037476313173094,0.017335632747013344,0.001969152428060076,0.6339869281045751
29420,0.0194,2.8656793405031095e-05,0.00878076760472113,0.06005953146686559,0.0019334252789015584,0.28683385579937304
29421,0.004600000000000001,8.588545394321056e-07,0.002205955063729892,0.020651093780695424,0.0002107499297248404,0.49407114624505927
29422,0.0122,1.6801460327947947e-05,0.005128715471710565,0.033904991686860814,0.0007240676695342458,0.36576168929110103
29426,0.007600000000000001,5.417990434916533e-07,0.0035140536841118397,0.03393788753858627,0.006014157131851261,0.44126984126984126
29427,0.0018,9.181933047304596e-08,0.0009012615859320672,0.01307555122993237,0.00019225259115279324,0.7333333333333333
29429,0.018000000000000002,2.54486900417627e-05,0.007154362853342144,0.04151582827652059,0.0028577859396660054,0.2856025039123631
29430,0.026400000000000003,9.906001748780111e-05,0.011127946677811584,0.0823863711185291,0.005462566995721808,0.2566748566748567
29437,0.004200000000000001,2.959429564851937e-07,0.0020050116869441137,0.019238490920609728,0.0002267901828627956,0.4523809523809524
29440,0.0098,8.053945765160175e-06,0.004522608882781443,0.04470223172098675,0.00464078970825059,0.37874396135265703
29445,0.015600000000000001,3.3545842510053644e-05,0.006545812042094257,0.04056249682041316,0.004310343523172871,0.32494172494172496
29451,0.0014,8.273157109802141e-08,0.0006006606425976724,0.005203327445636627,0.00018212297744401717,0.6666666666666666
29453,0.004600000000000001,3.456654697609042e-07,0.0021054733039971296,0.02668367862039978,0.00033110666272049877,0.5281385281385281
29454,0.0102,6.627364380231446e-06,0.00381640757517987,0.02452173438252272,0.0008873122634939001,0.3940620782726046
29455,0.0118,1.0465291272744045e-05,0.005027646928883245,0.04317309953822229,0.0010291096549831097,0.2980392156862745
29457,0.0024000000000000002,1.7518597336757474e-07,0.0011017625556131172,0.019184437450809784,0.00016150596210679,0.6212121212121212
29458,0.0032,1.8826255990397254e-06,0.0014026646419362798,0.014517746387021378,0.00020607292272021595,0.4095238095238095
29462,0.007600000000000001,9.369308872787169e-06,0.002909891886128557,0.024026287934023047,0.001140836431069392,0.367816091954023
29463,0.0018,1.3951895937489485e-06,0.0007008408969193525,0.004770206968090326,0.0003718434489074213,0.35714285714285715
29466,0.0144,3.66878284716431e-05,0.006647186112386683,0.03613383950699678,0.013402744138106135,0.29262777023971054
29467,0.0228,5.18795552747961e-05,0.008882592294158664,0.05162722044299062,0.0036218224293709965,0.2740040858018386
29470,0.0074,1.450513942582803e-06,0.003111198322395703,0.028528947097403234,0.000651286799031938,0.530241935483871
29471,0.0122,9.791705318110112e-06,0.005330913539993931,0.034946372402370904,0.0010881889209894474,0.3305380852550664
29472,0.0124,8.597477252944644e-06,0.005937996047684635,0.04514480350286587,0.00027645652686265204,0.3593220338983051
29473,0.0032,1.916700402352036e-07,0.001503005530002266,0.01734580824558215,0.00019798278915374016,0.475
29475,0.004200000000000001,1.6374744982176166e-06,0.0019045702065152437,0.015090466499760247,0.00020335380223637594,0.4631578947368421
29476,0.0044,1.0340217098381148e-06,0.0018041488566566954,0.020797375794935975,0.0005431877004765106,0.47953216374269003
29477,0.015,2.9213835679015848e-05,0.007052886632642474,0.07437346903663972,0.0004112151202172674,0.37464788732394366
29483,0.0152,1.0957876963827982e-05,0.006140519815011292,0.05426878840954609,0.0021074267512508215,0.4008461131676362
29485,0.0116,1.6768708357989896e-06,0.005533192959340294,0.060394094697120385,0.000798507715996462,0.3435064935064935
29486,0.0018,1.0246975449592958e-07,0.0007008408969193525,0.0036507896011068654,0.00020426789271505157,0.4642857142857143
29488,0.006000000000000001,1.9227971678785528e-07,0.002608083650670334,0.025896873160881285,0.0008317330832682228,0.5042735042735043
29489,0.0108,3.2386361025033126e-06,0.004522608882781443,0.036878346141965015,0.0021853831918708477,0.4811594202898551
29492,0.0088,1.0488359939722301e-05,0.004018078055767926,0.03913108819318617,0.0005549361847648995,0.35609756097560974
29493,0.0182,2.503018698135046e-05,0.007662050809639442,0.03699284526115361,0.0006957662635495582,0.2966507177033493
29495,0.0104,1.3851755608819815e-05,0.004219829569195754,0.032336643494856654,0.0014229071700939426,0.37763012181616834
29496,0.0188,1.5563146780573173e-05,0.007560472284055875,0.051299875407699064,0.004637109681127063,0.32666666666666666
29497,0.008,3.445191913866408e-06,0.003312585572165627,0.024316442425469407,0.0014715536118609044,0.3850267379679144
29499,0.0124,6.183618969636836e-06,0.005432043077715942,0.0483631517167772,0.000757567497767291,0.37575757575757573
29501,0.0106,6.602121887050453e-06,0.004118943680324838,0.02384940908264823,0.0030020373415909343,0.3716608594657375
29502,0.009,5.219795614012561e-06,0.003715602706946264,0.03021675017434548,0.0015444482710296964,0.3684210526315789
29503,0.01,4.430225847061279e-06,0.003917232689420347,0.029733911838191993,0.0017223038010848336,0.3974358974358974
29504,0.0074,5.989826376923299e-06,0.003312585572165627,0.02449457306180914,0.0003597644138608173,0.31016042780748665
29505,0.0054,1.4820588870612432e-06,0.0019045702065152437,0.012635147557729848,0.000656965095491515,0.30526315789473685
29507,0.005600000000000001,3.276211634992719e-06,0.0021054733039971296,0.02107454815620179,0.0018001268402704934,0.5541125541125541
29511,0.003,2.361532477992147e-06,0.0014026646419362798,0.018269772868525953,0.00016150596210679,0.45714285714285713
29512,0.006200000000000001,1.2292151849435412e-06,0.002909891886128557,0.027880801876081145,0.00021279201174586302,0.4666666666666667
29513,0.0078000000000000005,4.374564361043399e-06,0.003111198322395703,0.015476750413994437,0.0037689071101885,0.45161290322580644
29514,0.0014,4.165877030721529e-08,0.0006006606425976724,0.008792773303728045,0.00016150596210679,0.8095238095238095
29518,0.005200000000000001,5.686977244654829e-07,0.0023064569722013317,0.02357244772690404,0.0002217050142417434,0.532608695652174
29519,0.0108,9.734447346004868e-06,0.0049265987054252225,0.033957490776116775,0.0005614674124632303,0.2914285714285714
29521,0.0116,9.70781746809498e-06,0.00472456319211112,0.04700818525726212,0.0019011151751954117,0.3395390070921986
29522,0.0048000000000000004,3.1702278864804544e-07,0.0020050116869441137,0.014621627031688084,0.002690779396581278,0.4380952380952381
29523,0.0182,3.0676463910542186e-05,0.007560472284055875,0.05066095845027928,0.004878105023249745,0.30140350877192984
29525,0.0068000000000000005,3.0133768838635813e-06,0.0028092689578591568,0.0191037074120059,0.0019738202804991927,0.4975369458128079
29526,0.0018,3.6950568576038925e-07,0.0009012615859320672,0.009442427713606934,0.0038623722786242055,0.4666666666666667
29530,0.0102,2.6302646720762116e-06,0.00472456319211112,0.05908068925398392,0.0011225736417765295,0.4796099290780142
29532,0.016200000000000003,4.8395690147866136e-05,0.006140519815011292,0.026568927469971724,0.008367757961750048,0.19090428344791116
29533,0.018400000000000003,1.897614566926811e-05,0.008577179863067164,0.07176373909082039,0.00217841962755376,0.29028727770177837
29534,0.01,9.230575879991483e-06,0.004522608882781443,0.033640177743833155,0.0013680726428751482,0.4077294685990338
29535,0.0098,9.609471694407035e-06,0.0048255707952091775,0.04861973103607452,0.0018887540978053479,0.3494897959183674
29537,0.012,9.299681101013592e-06,0.004421662164313389,0.027807281977358867,0.005868263827194694,0.30707070707070705
29538,0.009,2.485490677285029e-06,0.004018078055767926,0.029113033831723898,0.0051750013313983925,0.44878048780487806
29539,0.0022,9.88831300030069e-08,0.0010015020326745727,0.012325910866602039,0.00016150596210679,0.5636363636363636
29542,0.0318,0.00010125101137786047,0.013486071638712405,0.08081314565040233,0.0036495099321500035,0.18045112781954886
29543,0.005600000000000001,2.887272929444119e-06,0.0025075212596070706,0.02279917691103333,0.000425091482480573,0.6123076923076923
29544,0.0048000000000000004,2.695491755481834e-06,0.002205955063729892,0.0193640334058906,0.0005808777847081487,0.30434782608695654
29545,0.0028,7.040004922897195e-08,0.0013023438542085763,0.020548790144779505,0.00016150596210679,0.5604395604395604
29546,0.0098,2.543300295704281e-06,0.004118943680324838,0.048383269084720223,0.0034712971094500392,0.48548199767711964
29550,0.022400000000000003,4.506139900886804e-05,0.009493972283450391,0.08240629043618644,0.0075420850157726605,0.3148936170212766
29553,0.0038,7.592679263589697e-07,0.0019045702065152437,0.022648349013602537,0.0006055389514401515,0.5105263157894737
29555,0.025200000000000004,2.3285310197694044e-05,0.010616761868516233,0.0780941972393195,0.014051328520622505,0.2803234501347709
29556,0.004200000000000001,6.007922291437847e-07,0.0016033665244477024,0.02230612126731812,0.0030561473201382583,0.5367647058823529
29558,0.0068000000000000005,2.481851207143764e-06,0.0030105350056146563,0.042578621615077625,0.0007048782703247125,0.47096774193548385
29559,0.007200000000000001,8.75914887083264e-07,0.0035140536841118397,0.03531847660626661,0.00016150596210679,0.35714285714285715
29560,0.0038,1.7680534734722983e-06,0.0017037476313173094,0.012843739961099679,0.004390030846569376,0.48366013071895425
29563,0.006000000000000001,2.562130703307822e-06,0.0025075212596070706,0.013271803321685226,0.0003516785372111084,0.3507692307692308
29564,0.0068000000000000005,1.3475597018925634e-05,0.003111198322395703,0.030204868847618267,0.00024456876787584496,0.3125
29565,0.0034000000000000002,4.1651311312904307e-07,0.001503005530002266,0.013979920790297768,0.000239079811247364,0.5833333333333334
29570,0.007200000000000001,4.905516297097397e-06,0.0030105350056146563,0.018856831492228134,0.0008853129838699226,0.38064516129032255
29571,0.004200000000000001,3.2181282958264595e-07,0.0019045702065152437,0.0171015716799478,0.0002585240676989503,0.5157894736842106
29573,0.0086,1.547914084311445e-06,0.003715602706946264,0.03821316611420096,0.0011250872351243548,0.38264580369843526
29581,0.0038,2.5872132555005354e-06,0.0014026646419362798,0.008695562278783731,0.000519751799468761,0.47619047619047616
29582,0.0146,1.2973909851323163e-05,0.007052886632642474,0.0508883651921755,0.00023933444743228112,0.3352112676056338
29602,0.001,0.0,0.00030024016811047716,0.0008597439255406143,0.00017270870465455122,0.5
29604,0.013600000000000001,2.189043041628922e-05,0.0056343631910062975,0.047555381155364465,0.003207807324970814,0.3132832080200501
29605,0.0014,0.0,0.0005005004403684232,0.0024289495420261997,0.0005837549643379802,0.3333333333333333
29606,0.004600000000000001,2.549142345234908e-06,0.0021054733039971296,0.01629009936436974,7.921322540673729e-05,0.35064935064935066
29611,0.0018,0.0,0.0008010412093559793,0.00677488900041247,4.6266009759123625e-05,0.4444444444444444
29612,0.001,0.0,0.0005005004403684232,0.0038827730810143297,4.6266009759123625e-05,0.6666666666666666
29614,0.0096,8.946164276612128e-07,0.004421662164313389,0.0492320954294916,0.0011631813017575206,0.37575757575757573
29620,0.026600000000000002,4.8827720306421346e-05,0.010514586912294677,0.07480308199011772,0.005953294639302783,0.2727106227106227
29648,0.0126,8.009554744912068e-06,0.003917232689420347,0.01476629745519268,0.000867681203286041,0.2923076923076923
29650,0.0008,0.0,0.0004003602842119758,0.0033697863751052416,0.0,0.6
29651,0.0034000000000000002,2.2410279095437842e-07,0.0014026646419362798,0.011146062065629663,0.00014363229837412953,0.4666666666666667
29660,0.0014,1.071225522185536e-07,0.0006006606425976724,0.004299417155482413,0.00011713366484276239,0.7619047619047619
29662,0.0026,6.183892787161958e-07,0.0012020431607797644,0.007308933116120849,5.2210849058130135e-05,0.6666666666666666
29668,0.0018,3.6449491793845517e-07,0.0008010412093559793,0.006999155196257895,0.00010858230053373047,0.5833333333333334
29669,0.0024000000000000002,2.1317387891492167e-07,0.0012020431607797644,0.004515642795261149,0.0,0.8333333333333334
29670,0.002,2.0525579935582997e-07,0.0009012615859320672,0.011388836381958908,4.482978348431012e-05,0.7111111111111111
29673,0.0012,2.142451044371072e-07,0.0005005004403684232,0.005951159949030978,0.00025368463731923667,0.8
29681,0.003,0.0,0.001503005530002266,0.016334179489258523,0.0,0.38333333333333336
29682,0.003,2.008290435773868e-06,0.0013023438542085763,0.014531336161760618,0.0004882939423783214,0.3626373626373626
29690,0.0002,0.0,0.00010006003201601388,0.0022759666313599772,0.0,1.0
29767,0.0016,0.0,0.0006006606425976724,0.0050313815270200905,0.00045913713064544626,0.6190476190476191
29777,0.0054,3.3841720214671367e-06,0.0025075212596070706,0.01730681042745769,0.00032801361910529323,0.2276923076923077
29779,0.005200000000000001,0.0,0.002205955063729892,0.013203898128591272,0.00037536508307045547,0.34782608695652173
29782,0.0064,3.0577516218560953e-06,0.0028092689578591568,0.029284991804980388,0.00018605683659124255,0.3226600985221675
29814,0.002,7.177969337811096e-08,0.0009012615859320672,0.00266731721047111,5.532073737772028e-05,0.7555555555555555
29819,0.0086,3.4784518725958904e-06,0.004018078055767926,0.02994422402538242,0.00029258501801534545,0.4402439024390244
29821,0.0032,2.0096162672742197e-06,0.001503005530002266,0.013589110182568812,9.370061006240093e-05,0.4666666666666667
29822,0.001,0.0,0.0005005004403684232,0.005697003293631818,0.0,0.5333333333333333
29823,0.007600000000000001,3.4330341763921812e-06,0.0035140536841118397,0.02918073974117073,0.0002691897803822136,0.47619047619047616
29825,0.0034000000000000002,5.441531551919973e-07,0.0016033665244477024,0.00848206267307428,0.00011727749311148973,0.6985294117647058
29826,0.0022,2.502526850147723e-08,0.0010015020326745727,0.012890552176531858,4.276193060826167e-05,0.6
29836,0.004000000000000001,1.7814396286035906e-06,0.001503005530002266,0.0028517668295432556,0.000419944758446454,0.475
29837,0.0122,7.46235341244838e-06,0.0048255707952091775,0.023485252135518695,0.0007097247335623591,0.49744897959183676
29840,0.003,7.653073196857557e-08,0.001503005530002266,0.021748340900424448,0.0,0.6666666666666666
29841,0.0036,9.776091057601817e-08,0.0017037476313173094,0.011355923034783475,0.0003106801096167388,0.6078431372549019
29869,0.0018,0.0,0.0007008408969193525,0.0010978741495759918,0.00030453885185731367,0.5357142857142857
29880,0.0006000000000000001,0.0,0.00030024016811047716,0.0019862070047512587,0.0,0.6666666666666666
29924,0.0014,0.0,0.0007008408969193525,0.008583739152697787,0.0,0.7857142857142857
29945,0.005200000000000001,2.487840813936739e-06,0.0021054733039971296,0.011821779284814316,0.0009103631460860207,0.2510822510822511
29951,0.0004000000000000001,0.0,0.00020014008604940514,0.0004524414925952975,0.0,1.0
29954,0.0036,9.399810469314221e-08,0.0016033665244477024,0.01369277303162936,0.00014936239337022354,0.35294117647058826
29975,0.0036,1.5536482102356433e-07,0.0017037476313173094,0.016359533271658427,0.00014019153396426767,0.5490196078431373
29976,0.0018,2.0569512629589243e-07,0.0007008408969193525,0.008797187203391512,8.554526693417856e-05,0.6071428571428571
29978,0.004000000000000001,2.458022490786451e-06,0.0014026646419362798,0.00558760333898747,0.0005957927951261295,0.3047619047619048
29980,0.0004000000000000001,5.843048302830197e-08,0.00020014008604940514,0.0019602755702144824,0.0,0.6666666666666666
30030,0.0036,0.0,0.0013023438542085763,0.006833637550027572,0.0003438615067623078,0.2857142857142857
30031,0.0012,2.9215241514150985e-08,0.0005005004403684232,0.004585740142650471,0.0003163220005438219,0.6
30064,0.0092,2.8570729354271984e-06,0.004118943680324838,0.0327360599113236,0.0002853117637311698,0.413472706155633
30067,0.0158,1.2861893131991725e-05,0.006343125130060079,0.04026917359421321,0.0013761666607806726,0.40625
30081,0.0008,0.0,0.0004003602842119758,0.006663188052349446,0.0,0.6
30083,0.002,2.088889768261795e-06,0.0009012615859320672,0.0024769601737911727,0.0002367121146959393,0.24444444444444444
30088,0.006600000000000001,9.195187946815215e-06,0.0030105350056146563,0.02304824874047656,0.00032683195596465127,0.33763440860215055
30089,0.008,7.760375942269413e-06,0.003715602706946264,0.036622331016797904,0.00034017087223115643,0.3755334281650071
30100,0.004000000000000001,6.841063795802351e-07,0.0018041488566566954,0.018312714696250353,7.559775397355595e-05,0.5380116959064327
30102,0.003,2.4386133946223673e-07,0.0014026646419362798,0.015651288253061273,0.00010911820019467568,0.5238095238095238
30105,0.0004000000000000001,3.2201168001569225e-07,0.00020014008604940514,0.0009803979069896024,0.0,0.6666666666666666
30107,0.0008,1.6578903266722245e-07,0.0004003602842119758,0.006026887518331619,9.842488160578756e-05,0.6
30112,0.002,5.198594445900396e-07,0.0007008408969193525,0.002953306080908699,0.0003945347124219724,0.39285714285714285
30117,0.005200000000000001,2.4670646200819005e-06,0.0024069790354728227,0.016549149814698867,0.0005067500047992113,0.32666666666666666
30121,0.003,2.5915373259725736e-07,0.0013023438542085763,0.011997945823521448,5.561594158668792e-05,0.5824175824175825
30135,0.0018,4.2654252610660445e-07,0.0008010412093559793,0.007267883833763764,6.580967206111217e-05,0.3888888888888889
30139,0.0026,0.0,0.0012020431607797644,0.012700906996534481,0.00042308374686651567,0.48717948717948717
30141,0.0018,5.003566104859218e-07,0.0006006606425976724,0.0014700712916725107,0.0015265128113045082,0.6190476190476191
30155,0.0016,0.0,0.0007008408969193525,0.003286079030884256,0.00031654210391173204,0.5357142857142857
30162,0.005000000000000001,2.0319120211439497e-06,0.0023064569722013317,0.008155778944420088,0.002302955824047408,0.17391304347826086
30170,0.0032,0.0,0.0014026646419362798,0.006101622798611584,0.001729962117258173,0.38095238095238093
30173,0.0004000000000000001,0.0,0.00020014008604940514,0.0017142766314203368,0.0,0.6666666666666666
30176,0.0038,0.0,0.0017037476313173094,0.011359020656049965,0.0047910464081628605,0.5751633986928104
30177,0.0022,2.886236285179941e-07,0.0011017625556131172,0.013230697131361345,0.0,0.3484848484848485
30195,0.0004000000000000001,0.0,0.00010006003201601388,0.0005019233436617792,0.0004263570679814791,1.0
30201,0.003,0.0,0.0012020431607797644,0.004585043778268133,0.00029388062920608356,0.46153846153846156
30205,0.0048000000000000004,4.303799248927886e-06,0.0018041488566566954,0.008693448744361778,0.0006576208932788204,0.3508771929824561
30209,0.0006000000000000001,3.004088964389873e-08,0.00030024016811047716,0.004475093319970477,0.0,0.5
30229,0.0014,0.0,0.0006006606425976724,0.0077501351634264425,0.0002076406145820411,0.3333333333333333
30239,0.0036,8.18683126536914e-07,0.0016033665244477024,0.014559179957975288,0.00021916344372005265,0.36764705882352944
30254,0.001,0.0,0.0004003602842119758,0.0008263759841058193,2.781755495612605e-05,0.8
30255,0.0004000000000000001,0.0,0.00020014008604940514,0.003352545490164307,0.0,0.6666666666666666
30256,0.0004000000000000001,0.0,0.00020014008604940514,0.0006940269794475564,9.420749964389604e-05,0.6666666666666666
30262,0.006200000000000001,5.350007193571842e-06,0.0028092689578591568,0.02821500859429819,7.603260212836092e-05,0.3497536945812808
30271,0.004000000000000001,8.059058527813135e-07,0.0019045702065152437,0.02394774987852753,0.0008049461856568576,0.47368421052631576
30272,0.0026,0.0,0.0010015020326745727,0.01344025503683128,0.0001887239212676001,0.45454545454545453
30286,0.0012,6.105985476457555e-07,0.0005005004403684232,0.002189730456893125,2.5410278059986944e-05,0.4666666666666667
30290,0.0026,0.0,0.0010015020326745727,0.008167755720660001,0.00033910023861454365,0.4909090909090909
30301,0.0048000000000000004,2.4695231031163085e-06,0.002205955063729892,0.02454659605504844,0.0001453266388542298,0.4426877470355731
30303,0.006000000000000001,1.8592397460282406e-07,0.002608083650670334,0.017997320872989334,0.0005394334473628998,0.31339031339031337
30318,0.0098,1.6100158780748103e-05,0.004522608882781443,0.032933986238684404,0.0005686422299403514,0.2541062801932367
30329,0.0026,4.79420210334641e-07,0.0013023438542085763,0.012646935958742212,0.0,0.4065934065934066
30336,0.0036,0.0,0.0018041488566566954,0.010657801551966519,0.0,0.38011695906432746
30343,0.0038,1.2278346540135871e-07,0.0019045702065152437,0.014720809454427854,0.00015132304785219343,0.30526315789473685
30348,0.0034000000000000002,0.0,0.001503005530002266,0.009804489852803872,0.0001688818078945263,0.3
30356,0.007200000000000001,8.640260774100302e-06,0.003312585572165627,0.025074158396051083,0.00021573982061362615,0.30124777183600715
30367,0.0016,6.06234941240573e-07,0.0007008408969193525,0.007312451758584247,4.1867682166068544e-05,0.4642857142857143
30369,0.0024000000000000002,0.0,0.0011017625556131172,0.006691920351544794,0.0008232260605047873,0.42424242424242425
30370,0.0024000000000000002,0.0,0.0011017625556131172,0.006739269027613924,0.00010434115550872784,0.30303030303030304
30381,0.005200000000000001,3.3720649116226134e-06,0.0023064569722013317,0.021325330046059778,0.00044544595075426063,0.3804347826086957
30393,0.0016,0.0,0.0006006606425976724,0.00468015792229254,0.0004321474392004406,0.42857142857142855
30395,0.0012,8.70651783671896e-08,0.0005005004403684232,0.005212694234522799,0.0001293362553238652,0.4
30397,0.0034000000000000002,1.102857438204584e-06,0.0014026646419362798,0.017170604276810393,0.00031270884393986697,0.3142857142857143
30399,0.0026,2.800299119771805e-07,0.0011017625556131172,0.007955282164980534,0.00024605075324902407,0.3939393939393939
30415,0.002,4.1733926129565454e-06,0.0010015020326745727,0.006403504570509821,0.00027785340976335476,0.2909090909090909
30417,0.0022,0.0,0.0006006606425976724,0.0007612149408214239,0.0004898354316449717,0.8571428571428571
30436,0.0008,0.0,0.0004003602842119758,0.006441571816328449,0.0,0.7
30451,0.0032,1.5089859519248175e-06,0.001503005530002266,0.015571586708830833,0.00010919335671915719,0.4166666666666667
30459,0.0016,5.35612761092768e-08,0.0005005004403684232,0.006548974119854271,0.0001397703083815926,0.6666666666666666
30460,0.0012,0.0,0.0006006606425976724,0.005132882221268609,0.0,0.42857142857142855
30462,0.002,1.3786206720300815e-07,0.0009012615859320672,0.007336494882614003,0.00018581459189395493,0.4222222222222222
30472,0.0004000000000000001,1.6914087192403202e-09,0.00020014008604940514,0.004819245967271764,0.0,0.6666666666666666
30498,0.0018,5.859843538290023e-07,0.0007008408969193525,0.0037518547305461867,7.357072458488191e-05,0.5714285714285714
30502,0.0054,1.31010999992917e-06,0.0020050116869441137,0.010077731597362551,0.0007486903949848693,0.44761904761904764
30505,0.0044,9.79075379622031e-07,0.0019045702065152437,0.016460765517535583,0.0003316616664501992,0.47368421052631576
30507,0.004600000000000001,1.4895683813467898e-06,0.0019045702065152437,0.017077041861361247,0.0002712681104599609,0.3684210526315789
30518,0.017,2.7102772893430747e-05,0.006343125130060079,0.03726862575977179,0.0038993427463119706,0.2058531746031746
30520,0.0036,2.139105217305444e-06,0.0014026646419362798,0.009249560064383218,0.0002882596826407725,0.3047619047619048
30524,0.0104,8.491757746582198e-06,0.004421662164313389,0.03476557894905724,0.0009820955856767854,0.26666666666666666
30525,0.016,3.4569036154464514e-05,0.005937996047684635,0.03381772891152943,0.0010544438024163577,0.1807909604519774
30533,0.0026,1.0509426375203535e-06,0.0011017625556131172,0.009733697737240237,0.000151907147193485,0.45454545454545453
30537,0.0008,0.0,0.00030024016811047716,0.0016057541748529577,0.0002873967079124385,0.6666666666666666
30562,0.0008,0.0,0.0004003602842119758,0.007189196183450116,0.0,0.6
30572,0.0022,1.2578415892094336e-06,0.0011017625556131172,0.011342234785470341,0.0,0.48484848484848486
30578,0.024600000000000004,0.00014591736269915437,0.011537266935510493,0.04476690452939644,0.01478345436323521,0.1688787185354691
30582,0.0024000000000000002,2.9911968614736094e-07,0.0012020431607797644,0.011000241391963983,0.0,0.48717948717948717
30591,0.005200000000000001,2.422755056009621e-06,0.0020050116869441137,0.01651375823545349,0.00046987907769530416,0.43333333333333335
30594,0.0008,0.0,0.00030024016811047716,0.0003074056450777501,0.0001118712822538255,0.5
30595,0.005600000000000001,6.835585745417139e-07,0.002608083650670334,0.025253677469578597,6.457648437808094e-05,0.41025641025641024
30599,0.0102,1.0965758733294262e-05,0.004623575890008391,0.04475894462207937,0.0006374216584304455,0.26919518963922295
30613,0.0024000000000000002,1.4090331059188033e-07,0.0008010412093559793,0.006310858915178772,0.0001906604802981354,0.3611111111111111
30621,0.0038,2.7652921694132346e-06,0.0017037476313173094,0.021182682085778753,9.936250188316055e-05,0.47058823529411764
30622,0.0048000000000000004,4.275405770622396e-07,0.0020050116869441137,0.02032702268482071,0.00012002533992526638,0.41904761904761906
30624,0.007600000000000001,1.330404529092684e-05,0.003111198322395703,0.02253692581933422,0.00035293004621715065,0.22580645161290322
30645,0.0004000000000000001,0.0,0.00020014008604940514,0.001468206461101471,0.0,0.6666666666666666
30660,0.0024000000000000002,1.2051287124587281e-06,0.0011017625556131172,0.008052335641004806,7.233692293398737e-05,0.42424242424242425
30668,0.006000000000000001,1.4271965251427285e-06,0.002608083650670334,0.020618034647409123,0.0004393094098433212,0.4017094017094017
30684,0.003,1.6902328513687624e-08,0.001503005530002266,0.013903614508766128,0.0,0.425
30686,0.0014,0.0,0.0005005004403684232,0.004500355873045871,0.00014380697897196308,0.6666666666666666
30706,0.0014,2.8281460775506456e-07,0.0007008408969193525,0.006006071906212029,0.0,0.4642857142857143
30709,0.0038,1.1979812378207343e-06,0.001503005530002266,0.011752747448811943,0.0002565644665418771,0.6083333333333333
30756,0.0004000000000000001,0.0,0.00020014008604940514,0.0021971412466859092,0.0,1.0
30773,0.0008,0.0,0.0004003602842119758,0.005481702227096817,0.0,0.6
30776,0.002,5.49452606032315e-08,0.0010015020326745727,0.012984588046694716,2.6865840687436272e-05,0.5454545454545454
30784,0.0018,9.482562734001834e-08,0.0008010412093559793,0.012294695952118323,5.044575162024823e-05,0.5
30789,0.0088,8.506648234590556e-06,0.003917232689420347,0.039958860006732946,0.0012710714947653011,0.4076923076923077
30790,0.0092,1.796180594011705e-05,0.003917232689420347,0.017520788164166138,0.004459876684207333,0.28205128205128205
30791,0.0018,1.1247867982948128e-07,0.0008010412093559793,0.0035355542259380684,0.0007077364675471049,0.6666666666666666
30792,0.0038,3.5592382729572666e-07,0.0017037476313173094,0.01936241228840461,0.00020718469600094678,0.4444444444444444
30793,0.0146,2.4027515677065925e-05,0.006444458383373597,0.04790389898982775,0.008101227055733856,0.24134615384615385
30794,0.018000000000000002,4.792821545264794e-05,0.007662050809639442,0.035074940143847974,0.009293569951261814,0.20608339029391662
30795,0.0078000000000000005,5.474462292685902e-06,0.003715602706946264,0.025888001115097186,0.0011362439927805582,0.45376955903271693
30796,0.006000000000000001,2.042117165484818e-06,0.0023064569722013317,0.012609021509118877,0.0037498165779351724,0.42028985507246375
30798,0.0124,3.1248832339212835e-05,0.005330913539993931,0.04527072444927126,0.005270526797863143,0.3829489867225716
30800,0.0034000000000000002,1.2837145192092246e-07,0.001503005530002266,0.010544305480858614,0.002950584556169953,0.5333333333333333
30801,0.0126,1.4626348820578633e-05,0.005533192959340294,0.04317585650299005,0.0013735639167925975,0.4077922077922078
30805,0.0102,4.808233023444533e-06,0.004522608882781443,0.03424902937703679,0.0010919218924204644,0.336231884057971
30837,0.003,1.3847328876719134e-06,0.0009012615859320672,0.004467905437425829,0.00030392044130581465,0.5111111111111111
30840,0.0002,0.0,0.00010006003201601388,0.0022759666313599772,0.0,1.0
30875,0.0018,1.460982627160632e-07,0.0009012615859320672,0.01188401574716915,0.0,0.4666666666666667
30881,0.004200000000000001,0.0,0.0019045702065152437,0.011465378079410421,0.00013956437195334508,0.25263157894736843
30883,0.0004000000000000001,0.0,0.00020014008604940514,0.000277795117962526,7.711188857213985e-05,0.6666666666666666
30889,0.0022,2.1810226893443806e-07,0.0010015020326745727,0.013358727122950637,5.41445274568512e-05,0.5636363636363636
30897,0.0044,7.942364951944894e-07,0.0016033665244477024,0.020219399197963978,0.001054500671388522,0.4338235294117647
30903,0.0004000000000000001,0.0,0.00020014008604940514,0.0021483156522961715,0.0,0.6666666666666666
30909,0.0002,0.0,0.00010006003201601388,0.0011533725193835186,0.0,1.0
30910,0.003,0.0,0.0014026646419362798,0.014726605237722862,0.00012598696252052197,0.5333333333333333
30912,0.0016,0.0,0.0007008408969193525,0.009857588909727651,3.5652865972817275e-05,0.6785714285714286
30928,0.0036,1.8964018911131733e-06,0.0017037476313173094,0.01193496116712459,8.288223571323132e-05,0.35947712418300654
30931,0.0038,0.0,0.0018041488566566954,0.011583237912812985,0.000549546264071308,0.3391812865497076
30977,0.0016,0.0,0.0008010412093559793,0.006794782421368375,0.0,0.5277777777777778
31004,0.0008,0.0,0.0004003602842119758,0.002273642184211397,0.00017217463714796805,0.6
31020,0.0022,2.484556528443402e-06,0.0011017625556131172,0.005828942286413029,0.0,0.4090909090909091
31022,0.001,0.0,0.0005005004403684232,0.005887937481154506,2.317778092665991e-05,0.6666666666666666
31042,0.0024000000000000002,9.487947193652329e-08,0.0010015020326745727,0.014091293210308279,0.00013365758877281644,0.5636363636363636
31099,0.003,2.7218256397010315e-07,0.0013023438542085763,0.016098656460143548,0.00025180199052047875,0.5164835164835165
31101,0.0022,0.0,0.0010015020326745727,0.007134361563179495,0.00015420077514671207,0.36363636363636365
31103,0.0078000000000000005,6.4037663731986516e-06,0.0023064569722013317,0.010374486636842623,0.001276913899165978,0.2318840579710145
31107,0.005200000000000001,7.002996598716554e-06,0.0021054733039971296,0.0186261763386533,0.00022517030756692745,0.2813852813852814
31108,0.0058000000000000005,2.305144405074541e-06,0.002205955063729892,0.022509304127872443,0.00029302910839078614,0.2727272727272727
31115,0.012,2.966883240167869e-05,0.0048255707952091775,0.03563861758839987,0.0013200593428702129,0.22108843537414966
31119,0.0064,9.720287689205134e-06,0.002608083650670334,0.018992811781694895,0.0004417806183088915,0.24216524216524216
31124,0.013,6.241923893749792e-06,0.0049265987054252225,0.028086738103213427,0.005340251913454226,0.45877551020408164
31128,0.0132,9.530073194089719e-06,0.005533192959340294,0.0355018652737127,0.00418877018587846,0.33116883116883117
31129,0.0034000000000000002,2.4099912575967103e-06,0.0013023438542085763,0.013318270101455816,0.00029879484876036517,0.3956043956043956
31136,0.0034000000000000002,1.1447809765286316e-07,0.0017037476313173094,0.023980247198318465,0.0,0.6078431372549019
31140,0.0032,2.7292389466226976e-06,0.0013023438542085763,0.01211078722334331,0.0004609218584931484,0.37362637362637363
31144,0.0038,1.5590689997282293e-06,0.001503005530002266,0.015235583238882348,0.0002222736369543489,0.38333333333333336
31148,0.01,2.1896321093671842e-05,0.004522608882781443,0.042192309809538614,0.00022433849197877915,0.2743961352657005
31160,0.004000000000000001,2.957593915106455e-07,0.0012020431607797644,0.007183388850181448,0.00047910748407660366,0.3076923076923077
31169,0.0006000000000000001,2.7945013622231376e-08,0.00030024016811047716,0.003522403167900647,2.6455676584204667e-05,0.6666666666666666
31175,0.005200000000000001,1.023704667332954e-06,0.002205955063729892,0.020052930144957803,0.00026671255276808,0.2727272727272727
31176,0.0054,3.720434229977252e-06,0.002205955063729892,0.00920615705361032,0.0003645735680643478,0.25691699604743085
31178,0.0034000000000000002,1.4982435973582642e-06,0.001503005530002266,0.008617149709680118,0.00010643429488752985,0.30833333333333335
31179,0.001,0.0,0.0004003602842119758,0.005576065961301986,4.931527813871082e-05,0.7
31183,0.0078000000000000005,7.879571773890554e-07,0.003614818078621962,0.0273721299332985,0.0027006614522945274,0.3033033033033033
31185,0.0078000000000000005,0.0,0.0023064569722013317,0.009535213306397335,0.0009623212085150306,0.1956521739130435
31191,0.007000000000000001,8.136272471138364e-06,0.0035140536841118397,0.02912364233189121,0.013298338085266011,0.2365079365079365
31201,0.002,7.78345225621497e-08,0.0010015020326745727,0.012979659418055279,0.0,0.5818181818181818
31205,0.001,0.0,0.0005005004403684232,0.0046261584273755655,3.8735297286613866e-05,0.4
31222,0.0048000000000000004,3.1522811741409573e-06,0.0023064569722013317,0.02137180558945662,0.0002284160883333524,0.40217391304347827
31230,0.0024000000000000002,0.0,0.0011017625556131172,0.014485942759760916,0.00013430942435138074,0.4090909090909091
31241,0.0034000000000000002,0.0,0.0013023438542085763,0.013410460869697226,0.0004142647447610467,0.5714285714285714
31251,0.004000000000000001,1.097006462862465e-06,0.0016033665244477024,0.01159122160820742,0.00028785068696801056,0.5735294117647058
31255,0.0092,1.0483688078957345e-05,0.003614818078621962,0.02668942050838517,0.0008721022113664887,0.33183183183183185
31276,0.004600000000000001,1.448704991908058e-06,0.0019045702065152437,0.015327141438155938,0.00040777969674123625,0.33157894736842103
31279,0.0048000000000000004,2.5300215079958703e-06,0.0020050116869441137,0.016505523912672633,0.000404312372133782,0.5047619047619047
31289,0.0036,2.200373843366931e-06,0.0018041488566566954,0.014832633926423762,0.0,0.5087719298245614
31307,0.005000000000000001,1.3691828322646245e-06,0.0024069790354728227,0.024859573005863642,0.00010401811316268993,0.5
31316,0.0014,0.0,0.0005005004403684232,0.0012648571823024833,8.761110923756574e-05,0.6666666666666666
31317,0.0012,2.4310959327103155e-08,0.0004003602842119758,0.00337649905602384,0.00015000467104948076,0.6
31318,0.0024000000000000002,1.3887409885397416e-06,0.0010015020326745727,0.004177211339711277,0.0004770538917483368,0.2727272727272727
31335,0.0016,0.0,0.0008010412093559793,0.0030443196139813868,0.0,0.3611111111111111
31347,0.0058000000000000005,1.620390685361779e-06,0.0028092689578591568,0.0314526642346315,8.398703851513097e-05,0.3768472906403941
31350,0.0104,4.489948666378862e-06,0.004018078055767926,0.037305152234615835,0.0046647582686334885,0.39390243902439026
31353,0.0118,1.3525943512462658e-05,0.0049265987054252225,0.05292412623688385,0.0011531315928528267,0.43020408163265306
31355,0.0014,8.769923231079389e-08,0.0007008408969193525,0.006168919489566863,0.00010708899145225924,0.4642857142857143
31357,0.005600000000000001,1.719319037760663e-06,0.0021054733039971296,0.023878429005113146,0.0013449468399471293,0.5108225108225108
31360,0.007200000000000001,1.1294812093957697e-06,0.0032118818425515006,0.045394596325878195,0.0005751255497273244,0.5132575757575758
31362,0.008,5.174625335499478e-06,0.0034133095173229933,0.02803666621936932,0.004404217891022649,0.4689075630252101
31365,0.0096,3.0268923892587525e-06,0.0043207357284889,0.03836080783095937,0.00034065043883165977,0.31606765327695563
31367,0.0082,1.0200004673128858e-05,0.0035140536841118397,0.026497656507926137,0.0007953755570655722,0.3349206349206349
31370,0.005200000000000001,4.3304428464195255e-07,0.0023064569722013317,0.028183444877418282,0.00446371335711377,0.44565217391304346
31371,0.0124,5.039513826847261e-06,0.005128715471710565,0.05346553748201886,0.0026683596281099793,0.4879336349924585
31373,0.0142,1.0481950797419868e-05,0.005533192959340294,0.05092048815298615,0.002924396432764374,0.35584415584415585
31374,0.0094,7.317367924872997e-06,0.00381640757517987,0.02930264541840535,0.0010022486826717454,0.28205128205128205
31375,0.0088,5.2145577919593985e-06,0.003614818078621962,0.03586999117957573,0.0015755217494013958,0.4099099099099099
31378,0.0026,2.2885654542844415e-07,0.0011017625556131172,0.008256896898431705,0.0012421140700671985,0.4696969696969697
31382,0.011,2.905654483665928e-06,0.004522608882781443,0.03182563479325455,0.002154952445233273,0.3710144927536232
31385,0.007200000000000001,3.874563273851016e-06,0.0027086662147308704,0.02536626114799888,0.0007242791977205603,0.3994708994708995
31387,0.009,5.849277667280925e-06,0.00381640757517987,0.023706587761531492,0.004044854473087281,0.252361673414305
31388,0.005200000000000001,3.923514131295912e-06,0.0024069790354728227,0.026466095337957313,0.00020802326236868797,0.3233333333333333
31394,0.027800000000000002,8.550080325759492e-05,0.010412432609995692,0.06440163833507825,0.007384955065368448,0.23058252427184467
31395,0.0054,1.1816426316345956e-06,0.0025075212596070706,0.02297623709013132,0.0004474595234823961,0.5323076923076923
31397,0.0114,1.8330899462925006e-06,0.004421662164313389,0.04491864507900872,0.0027020430215474395,0.4393939393939394
31402,0.0176,7.1403818594015375e-06,0.006951430854372331,0.04874510023139279,0.000980431467784901,0.32919254658385094
31403,0.025400000000000002,4.6587823919428295e-05,0.010106093564029806,0.07461460053012227,0.007009508181964217,0.27603960396039606
31406,0.0084,2.8380870047926173e-06,0.003715602706946264,0.03409599167427704,0.0027986947695359627,0.4907539118065434
31408,0.0032,8.65513632804324e-07,0.0014026646419362798,0.015166960833461102,0.0008939404721946732,0.7619047619047619
31412,0.0054,5.055608119145054e-07,0.0024069790354728227,0.023787574989534484,0.00045952567957268655,0.43333333333333335
31415,0.0032,0.0,0.001503005530002266,0.021435868637587664,8.398703851513097e-05,0.4666666666666667
31416,0.007200000000000001,2.5852512957117643e-07,0.003312585572165627,0.041658408960306356,0.0004990086697873988,0.5650623885918004
31417,0.004600000000000001,1.4303081210885198e-07,0.0019045702065152437,0.02592985291199695,0.0002758905735423755,0.6263157894736842
31418,0.020800000000000003,3.127270072355756e-05,0.007763649814764628,0.06322329800661879,0.02527329115020746,0.31535131535131533
31419,0.015600000000000001,4.666940522739459e-06,0.006647186112386683,0.07096836252955277,0.0012642461518609233,0.5101763907734057
31422,0.0002,0.0,0.00010006003201601388,0.0008547176937968512,8.398703851513097e-05,1.0
31423,0.0116,9.605524891073482e-06,0.0049265987054252225,0.04252334199962886,0.004381691125167892,0.36653061224489797
31426,0.0002,0.0,0.00010006003201601388,0.0008547176937968512,8.398703851513097e-05,1.0
31429,0.0116,5.310137721407518e-06,0.005432043077715942,0.05493908881364967,0.00022488496492586703,0.3501683501683502
31432,0.007200000000000001,2.3784786648621502e-06,0.0032118818425515006,0.02898558497239268,0.00031718879900511927,0.3465909090909091
31435,0.004000000000000001,1.5152757224524888e-06,0.0018041488566566954,0.015120288251862738,0.0002763961448109211,0.49707602339181284
31439,0.0102,7.325170467606824e-06,0.0048255707952091775,0.04712462446857832,0.0009741239037836528,0.4200680272108844
31440,0.0032,3.706289890479842e-07,0.0012020431607797644,0.014818138502987063,0.0007869958632187656,0.48717948717948717
31469,0.0032,0.0,0.0013023438542085763,0.01539040487525866,0.00028456298068216723,0.5604395604395604
31470,0.008,2.560073676112737e-07,0.003917232689420347,0.05145685952550652,4.978908782107567e-05,0.36025641025641025
31471,0.0068000000000000005,5.206528834254742e-06,0.0027086662147308704,0.01659784829454497,0.0012934732174369585,0.23809523809523808
31472,0.0128,1.4211251813269413e-05,0.005836764729032939,0.06634025788460532,0.0004048320720805328,0.49912331969608414
31473,0.018000000000000002,2.1300166648077254e-05,0.007662050809639442,0.06408724533210425,0.003419078217271815,0.3444976076555024
31478,0.0,0.0,0.0,0.0,0.0,0.0
31489,0.002,3.2374815781607316e-08,0.0009012615859320672,0.015702643189253816,0.0003511083176916161,0.6666666666666666
31509,0.0008,0.0,0.00030024016811047716,0.004051334450442277,0.0001979898426718302,0.6666666666666666
31514,0.0004000000000000001,0.0,0.00020014008604940514,0.0008333975775467132,0.0,1.0
31520,0.004200000000000001,2.4969145229514835e-07,0.0021054733039971296,0.021922591763121214,8.539819116022587e-05,0.3852813852813853
31531,0.0008,0.0,0.0004003602842119758,0.0005604871481030629,0.0,0.8
31538,0.005200000000000001,6.978269115951492e-07,0.0017037476313173094,0.00610241810627468,0.0007500203286184322,0.40522875816993464
31549,0.0074,6.682897510616862e-06,0.003312585572165627,0.011117662538183685,0.0015252028222958102,0.31194295900178254
31551,0.006000000000000001,2.119371389060966e-06,0.0021054733039971296,0.01241977016570826,0.0007112963345547561,0.46320346320346323
31559,0.0032,1.0421101618389549e-06,0.0014026646419362798,0.012835115837411277,0.00015832745431650303,0.5523809523809524
31563,0.004200000000000001,2.3572912740982823e-06,0.001503005530002266,0.007827337102445956,0.0004544899323720952,0.5333333333333333
31573,0.0024000000000000002,0.0,0.0010015020326745727,0.005667665452777039,0.0005250524799259281,0.34545454545454546
31575,0.003,0.0,0.0012020431607797644,0.008895636412856366,0.000285738842883946,0.5
31576,0.006200000000000001,7.5109694236415244e-06,0.0023064569722013317,0.013516583616902701,0.0008223359436830782,0.427536231884058
31578,0.0038,1.455768017329062e-06,0.0016033665244477024,0.018537950358215354,0.00017982355111184698,0.4411764705882353
31585,0.004200000000000001,1.3889726803855196e-06,0.0017037476313173094,0.011358586107094233,0.000550418643090587,0.6209150326797386
31604,0.002,8.034191416391521e-08,0.0007008408969193525,0.002931086338661893,0.00024158461441648696,0.8214285714285714
31615,0.0012,0.0,0.0006006606425976724,0.008139893096224414,0.0,0.47619047619047616
31625,0.0106,1.5287987399084297e-05,0.0049265987054252225,0.03668865732398384,0.0008936917347110122,0.2571428571428571
31629,0.002,0.0,0.0007008408969193525,0.0031242761720763033,0.0001355593868965295,0.5357142857142857
31631,0.0022,1.4341901179494405e-06,0.0011017625556131172,0.008866911895000823,0.0,0.3181818181818182
31634,0.0028,1.7986513924413965e-07,0.0014026646419362798,0.010753906374822157,2.0207335823061476e-05,0.37142857142857144
31637,0.0036,0.0,0.0013023438542085763,0.002540216356122338,0.00031468816784514884,0.38461538461538464
31649,0.0008,0.0,0.00020014008604940514,0.0002618120338726592,0.0002567278618444013,0.6666666666666666
31650,0.01,2.2431153915005516e-05,0.004421662164313389,0.01591026136104135,0.0029756130369924506,0.2494949494949495
31710,0.005200000000000001,1.419362176837191e-06,0.0025075212596070706,0.019926213606754783,2.5953293140690216e-05,0.5384615384615384
31712,0.004200000000000001,1.0224125409695489e-07,0.0020050116869441137,0.022644844173271183,5.0937536241577324e-05,0.5142857142857142
31731,0.001,0.0,0.0004003602842119758,0.0006217274496281445,0.00013653081939591662,0.7
31734,0.0048000000000000004,0.0,0.0023064569722013317,0.019117256123346558,0.00010756827578820992,0.43478260869565216
31740,0.011,7.332461682005297e-06,0.0049265987054252225,0.033585881351817184,0.00029247452103555696,0.32816326530612244
31754,0.0096,8.326284867408814e-06,0.004421662164313389,0.02628358115728034,0.0002936835677539468,0.2686868686868687
31774,0.006200000000000001,3.227803441340701e-07,0.0027086662147308704,0.024572888818229752,0.0011257610783069138,0.41534391534391535
31799,0.0034000000000000002,5.386341664117529e-07,0.0009012615859320672,0.001397327572298544,0.0002752794744728564,0.4
31807,0.0002,0.0,0.00010006003201601388,0.003230374678576387,0.0,1.0
31809,0.0024000000000000002,6.196336315955023e-07,0.0012020431607797644,0.009802207906483066,3.04669501005766e-05,0.5384615384615384
31846,0.0028,6.19837674552109e-07,0.0013023438542085763,0.006842357020578496,0.00018952592000628325,0.6263736263736264
31886,0.001,2.0640455231934013e-08,0.0005005004403684232,0.004287498733614389,0.0,0.6666666666666666
31894,0.0024000000000000002,0.0,0.0010015020326745727,0.0020661468829420906,0.0007953605399824013,0.38181818181818183
31896,0.002,5.317513951678859e-07,0.0008010412093559793,0.01165422693435849,0.00014100971559785538,0.5555555555555556
31912,0.0016,6.842748200333462e-08,0.0007008408969193525,0.006919192146744059,4.9819596408717435e-05,0.5714285714285714
31915,0.0026,5.826276590109111e-07,0.0010015020326745727,0.010273639573066765,0.00027096383756941664,0.4909090909090909
31930,0.01,1.1797743858446633e-05,0.004623575890008391,0.04135259892427459,0.00032568287488041246,0.2802960222016651
31931,0.01,1.7935975981094695e-06,0.004522608882781443,0.04737941255937973,0.0011563500540764655,0.3826086956521739
31933,0.004200000000000001,0.0,0.0018041488566566954,0.01587101763502493,0.0003864458234561955,0.34502923976608185
31966,0.0022,0.0,0.0010015020326745727,0.007202981620011902,0.00015074919510655444,0.43636363636363634
31976,0.0082,7.762840025780622e-06,0.004118943680324838,0.03376655100161581,0.0,0.25435540069686413
31978,0.0038,7.881852025289901e-07,0.0017037476313173094,0.01349526109141241,0.0004261444734629955,0.3333333333333333
31990,0.0004000000000000001,5.36686133359487e-08,0.00020014008604940514,0.003072378675574295,3.71415881016573e-05,0.6666666666666666
32018,0.0,0.0,0.0,0.0,0.0,0.0
32033,0.0004000000000000001,0.0,0.00020014008604940514,0.0004461241212854678,0.0,0.6666666666666666
32044,0.004600000000000001,7.683463646570635e-07,0.0018041488566566954,0.014175401752963411,0.00044906139783904106,0.4853801169590643
32047,0.0074,1.8663451892862377e-05,0.0034133095173229933,0.01125041338209979,0.002623933731643211,0.2319327731092437
32053,0.0036,4.190767600093741e-07,0.0017037476313173094,0.01930468222515064,0.0004159391102737808,0.49019607843137253
32067,0.0038,1.3330342051997014e-06,0.0018041488566566954,0.01999684263424297,0.0004724872559919692,0.4327485380116959
32093,0.0028,4.511274744181195e-08,0.0014026646419362798,0.014370071797589173,2.8228876117030745e-05,0.5333333333333333
32110,0.0106,2.629120934965163e-07,0.0049265987054252225,0.039450828859687426,0.00011130709479328959,0.3330612244897959
32119,0.023200000000000002,3.9109895890270824e-05,0.008475416798415347,0.062332193413475595,0.0022330537622366614,0.29971988795518206
32121,0.0116,3.4913179297445048e-06,0.0049265987054252225,0.03754629087074898,0.0006509395312766004,0.4514285714285714
32130,0.0026,5.002891241710463e-07,0.0010015020326745727,0.007406479356069062,0.0005694992222814809,0.6363636363636364
32155,0.0004000000000000001,0.0,0.00020014008604940514,0.0021408339058083,0.0,1.0
32163,0.001,0.0,0.0005005004403684232,0.0027593295507109,0.0,0.3333333333333333
32169,0.0012,0.0,0.0006006606425976724,0.002258785395705924,0.0,0.42857142857142855
32184,0.0014,0.0,0.0004003602842119758,0.0007027662273049098,0.0001947089850544738,0.7
32193,0.001,0.0,0.0005005004403684232,0.004204463598084277,0.00013303312418166404,0.5333333333333333
32195,0.0014,0.0,0.0007008408969193525,0.004020309100275718,0.0002893604927752102,0.42857142857142855
32201,0.002,1.2197731591504852e-06,0.0007008408969193525,0.00637876080620807,0.00019015097903521405,0.5
32206,0.0092,1.2588265431223756e-05,0.003917232689420347,0.03756015060875635,0.001814405579573433,0.36666666666666664
32207,0.0084,4.703165974459309e-06,0.00381640757517987,0.04255845797526332,0.007738667642844292,0.5357624831309041
32209,0.0026,0.0,0.0010015020326745727,0.009245691589190395,0.00037063126762028884,0.38181818181818183
32210,0.0048000000000000004,3.795769053702999e-06,0.0023064569722013317,0.026774621651085167,0.00011126216938305857,0.463768115942029
32212,0.0014,0.0,0.0006006606425976724,0.006178481785441722,0.00013138085647541214,0.47619047619047616
32213,0.005200000000000001,1.3719164614478916e-06,0.0023064569722013317,0.01774181877647105,0.0006348914800080912,0.4166666666666667
32224,0.0054,0.0,0.0024069790354728227,0.018443038053641475,9.645906945601843e-05,0.4
32229,0.0102,6.2385175341005444e-06,0.004118943680324838,0.017488898097727253,0.0007772531097361655,0.3554006968641115
32230,0.0064,4.540524740396434e-06,0.002205955063729892,0.02388817057187653,0.0009416513810773685,0.4150197628458498
32231,0.005200000000000001,7.708609524558223e-07,0.0023064569722013317,0.01922774746384108,0.0002313030955695968,0.4601449275362319
32238,0.005600000000000001,5.42622505153385e-07,0.0023064569722013317,0.021334905004115178,0.0019178369860645148,0.4311594202898551
32245,0.0048000000000000004,2.8049865910284667e-06,0.0019045702065152437,0.013805796079880413,0.0005031632110086718,0.47368421052631576
32250,0.001,0.0,0.0005005004403684232,0.004467250190650871,0.0,0.4666666666666667
32257,0.003,0.0,0.001503005530002266,0.010424527855125293,3.0095245859410795e-05,0.39166666666666666
32267,0.005200000000000001,4.2355858955277734e-06,0.0018041488566566954,0.01382153438633588,0.0007982953657218566,0.29239766081871343
32268,0.0044,0.0,0.0020050116869441137,0.019697301940999445,0.00015154216301294825,0.38571428571428573
32269,0.011,1.3347643614212249e-05,0.0043207357284889,0.031872681983075635,0.0006637801448836593,0.2727272727272727
32288,0.0034000000000000002,0.0,0.0014026646419362798,0.011202802185379373,0.00042019509408351165,0.47619047619047616
32292,0.0024000000000000002,1.5354232484659352e-06,0.0009012615859320672,0.006443113348540851,0.0005136633405922235,0.28888888888888886
32296,0.0012,0.0,0.0005005004403684232,0.006521654793138983,9.731358542500244e-05,0.5333333333333333
32297,0.0106,8.661340818222195e-06,0.004421662164313389,0.029857696653324193,0.0062140550081050926,0.27474747474747474
32298,0.0014,0.0,0.0006006606425976724,0.005064529704855604,0.00013925925801500593,0.42857142857142855
32299,0.0016,2.487486416645562e-07,0.0007008408969193525,0.007575692262951236,0.00020181436979387958,0.6071428571428571
32300,0.0004000000000000001,0.0,0.00010006003201601388,8.18287270149395e-05,9.731358542500244e-05,1.0
32304,0.0034000000000000002,3.830318957446389e-06,0.001503005530002266,0.00731140600500485,0.0008089263611502914,0.4
32314,0.004000000000000001,4.5315468611368485e-06,0.0017037476313173094,0.00895628250835346,0.0037249869726845635,0.2549019607843137
32324,0.003,4.489613170969983e-06,0.0012020431607797644,0.005110305483875187,0.0004944490674386334,0.358974358974359
32328,0.0024000000000000002,2.6519350522513046e-06,0.0011017625556131172,0.014961904387292935,5.26593318941911e-05,0.3939393939393939
32336,0.0036,3.4955613194610553e-07,0.001503005530002266,0.012384272631124637,0.0011458982210743535,0.3333333333333333
32338,0.0022,0.0,0.0008010412093559793,0.004373466201061325,0.00046816874380352423,0.3888888888888889
32346,0.0034000000000000002,3.901145979434002e-06,0.0012020431607797644,0.004621017746439882,0.0005294765189817603,0.3717948717948718
32350,0.0024000000000000002,0.0,0.0007008408969193525,0.0011014544148574244,0.00037645455246424267,0.4642857142857143
32351,0.004000000000000001,4.7537139682458096e-06,0.0016033665244477024,0.006104129153477416,0.0003174236954517843,0.3088235294117647
32355,0.0034000000000000002,2.1424510443710725e-06,0.0012020431607797644,0.0034392821066108366,0.00039820205422880044,0.32051282051282054
32366,0.004600000000000001,9.532743941514784e-06,0.002205955063729892,0.02012396500833568,0.00031885102327335664,0.2648221343873518
32367,0.005600000000000001,4.471391799162506e-07,0.0023064569722013317,0.016058136690664915,0.00021433818656083558,0.2210144927536232
32369,0.0002,0.0,0.00010006003201601388,0.0012593465921889695,0.0,1.0
32380,0.0014,0.0,0.0006006606425976724,0.002603662501654898,0.0004324743132848686,0.3333333333333333
32386,0.002,2.543892272123968e-06,0.0007008408969193525,0.0006254566146874753,0.00015739718397770567,0.4642857142857143
32389,0.004000000000000001,9.564658197477487e-07,0.0020050116869441137,0.03074621443186722,0.0,0.6
32390,0.0002,0.0,0.00010006003201601388,0.00017520049524425742,0.0,1.0
32425,0.005600000000000001,2.4929524973239275e-06,0.0024069790354728227,0.021432067748373168,0.000705696320062801,0.2633333333333333
32426,0.0082,7.4415051525398224e-06,0.003111198322395703,0.01931961135277677,0.00045007780211441656,0.2862903225806452
32430,0.0006000000000000001,0.0,0.00030024016811047716,0.00590420733184293,0.0,1.0
32432,0.0026,0.0,0.0011017625556131172,0.014036372742930986,0.0003709400171487727,0.48484848484848486
32438,0.007000000000000001,0.0,0.0024069790354728227,0.01655301269118191,0.0007176591196774985,0.28
32458,0.0032,7.802092553251322e-07,0.0014026646419362798,0.01583543842736403,0.00022765888772777003,0.4857142857142857
32461,0.0044,6.319679140690789e-06,0.0019045702065152437,0.014426847177768178,0.00016401151394052343,0.38421052631578945
32473,0.0014,0.0,0.0007008408969193525,0.006250628222810903,0.0,0.6071428571428571
32475,0.0022,0.0,0.0011017625556131172,0.00837993875381911,2.317778092665991e-05,0.36363636363636365
32488,0.004600000000000001,2.0560618893561096e-07,0.0020050116869441137,0.020690821244036286,0.00028300306828902156,0.49047619047619045
32506,0.0002,0.0,0.00010006003201601388,0.0030412022583140054,0.0,1.0
32521,0.0016,0.0,0.0006006606425976724,0.007596243833180557,8.368993122342006e-05,0.7619047619047619
32523,0.0004000000000000001,0.0,0.00020014008604940514,0.0035649941615538607,0.0006224145509303353,1.0
32524,0.0018,0.0,0.0007008408969193525,0.005476804367006082,8.772805211516106e-05,0.6071428571428571
32565,0.0036,0.0,0.0016033665244477024,0.016180138088279707,0.00013678435659577508,0.3897058823529412
32583,0.0018,0.0,0.0009012615859320672,0.0047425089637582254,0.0002494320450205503,0.4666666666666667
32584,0.0022,1.613257822811273e-06,0.0008010412093559793,0.007743138886912054,0.0004603132243532706,0.4444444444444444
32585,0.0028,0.0,0.0009012615859320672,0.0038956971798801004,0.00038393805426005935,0.3333333333333333
32593,0.0038,1.854142980661649e-06,0.0011017625556131172,0.005022816101990062,0.0005386698247591527,0.2727272727272727
32605,0.005000000000000001,5.999704072681097e-07,0.0016033665244477024,0.012630840005300858,0.0008236935360406925,0.3602941176470588
32607,0.0026,1.5211402415034615e-06,0.0009012615859320672,0.010267030055226938,0.0005851298682912751,0.4
32613,0.008,0.0,0.003312585572165627,0.025587986118849552,0.00103356210350441,0.2887700534759358
32614,0.0044,5.184731527377994e-06,0.0020050116869441137,0.020523954684180664,0.00021549668484497036,0.4142857142857143
32621,0.001,2.480732788219136e-07,0.00030024016811047716,0.00343000735800701,0.00018561756836048032,0.6666666666666666
32622,0.0034000000000000002,7.724856754568135e-07,0.0014026646419362798,0.020922757836780013,0.00021082216310826414,0.47619047619047616
32624,0.003,2.507641563297959e-07,0.0009012615859320672,0.0039755727378443205,0.00033682117048013604,0.4
32626,0.008,1.7831842747870959e-06,0.003111198322395703,0.026930058945300674,0.0006488398581559225,0.3064516129032258
32627,0.0022,2.924114038019007e-07,0.0008010412093559793,0.004778123724418484,0.00011113867029050506,0.3888888888888889
32629,0.0038,1.5701214003165232e-06,0.0014026646419362798,0.01151041467392605,0.00026496022743771933,0.4
32630,0.0032,1.1766848303891514e-06,0.0010015020326745727,0.007578703542304629,0.0003140778670340669,0.4909090909090909
32631,0.0026,1.3814543165084198e-06,0.0012020431607797644,0.010674114508368839,3.280180490094673e-05,0.46153846153846156
32636,0.0356,7.01215656914652e-05,0.012254375221129488,0.08657315331193373,0.004949998081027787,0.24468229237230726
32638,0.0024000000000000002,3.0038696090032497e-07,0.0011017625556131172,0.015223777614003977,3.280180490094673e-05,0.3484848484848485
32639,0.0126,2.149510671510186e-05,0.004421662164313389,0.027943076701857316,0.0015361525756574356,0.27575757575757576
32640,0.0044,1.7756005374526632e-06,0.0019045702065152437,0.012398861453550594,0.0005441988391691059,0.5157894736842106
32642,0.0064,3.7821573469537308e-06,0.0027086662147308704,0.02495586725801188,0.00020450982421782037,0.38095238095238093
32647,0.0022,4.112767285078428e-07,0.0009012615859320672,0.011313332999309901,0.0001081960856635436,0.4
32650,0.0032,5.248117295039609e-07,0.0013023438542085763,0.009557710719282658,0.00017471133820518123,0.42857142857142855
32652,0.021800000000000003,8.07565871005444e-05,0.008475416798415347,0.06354379597931936,0.0016662913742509656,0.22128851540616246
32654,0.0074,5.045821501152359e-06,0.0034133095173229933,0.037662461985900286,0.0001788660893454327,0.4050420168067227
32656,0.0152,1.9361583326655733e-05,0.007052886632642474,0.06534177525864902,0.00036762791647014417,0.2925553319919517
32657,0.0032,1.0717967411736502e-06,0.0012020431607797644,0.013603650536743346,0.0002199246427787864,0.48717948717948717
32658,0.005600000000000001,3.3662911081552825e-06,0.0020050116869441137,0.013301375713138958,0.0005676782996062053,0.3761904761904762
32664,0.0128,1.2825815435966817e-05,0.005937996047684635,0.05686999580094919,0.0037207951593667453,0.4429378531073446
32669,0.0308,4.9236774567249255e-05,0.012767218122179624,0.10758268240544104,0.005898374440453575,0.3348331458567679
32671,0.0132,1.5836668963115448e-05,0.00472456319211112,0.028124062211853023,0.0014592451900045582,0.34131205673758863
32673,0.0064,6.7514032775826394e-06,0.002909891886128557,0.022172463345467526,0.0005523461103058475,0.32873563218390806
32675,0.0124,8.579886487237484e-06,0.0052298043400367256,0.044987117165506685,0.0004806362779136189,0.3193033381712627
32679,0.0026,5.220972620495144e-07,0.0010015020326745727,0.007136571989060477,0.00010621755170335697,0.4909090909090909
32686,0.004000000000000001,8.977825031852597e-07,0.0018041488566566954,0.023401331240965165,0.0001189666379321011,0.36257309941520466
32687,0.0004000000000000001,0.0,0.00010006003201601388,4.700052897770382e-05,0.0002359615523692131,1.0
32691,0.0044,2.231681752945538e-06,0.0014026646419362798,0.003887113337574641,0.0003968888912562351,0.2761904761904762
32708,0.004200000000000001,1.6758881159457744e-06,0.0017037476313173094,0.012690492556411095,0.0002453981713050644,0.41830065359477125
32714,0.004200000000000001,9.729582470347145e-07,0.0020050116869441137,0.006282501732812125,2.1298751430853086e-05,0.5904761904761905
32717,0.005000000000000001,3.301386414637074e-06,0.002205955063729892,0.008325787528159094,0.00019798896394462504,0.3794466403162055
32739,0.005000000000000001,3.7778364851787995e-07,0.0024069790354728227,0.03782517307866104,0.0002774513825098315,0.6033333333333334
32743,0.007000000000000001,0.0,0.002909891886128557,0.024740512668845565,0.00043206669112728295,0.25287356321839083
32744,0.001,0.0,0.00030024016811047716,0.0004962600988164256,0.00011429853982929518,0.5
32746,0.009,2.0148769437208783e-06,0.003715602706946264,0.03132579473217749,0.0007635638863158833,0.2503556187766714
32747,0.004000000000000001,5.811272630283367e-07,0.0017037476313173094,0.02099955442790295,0.0001710336400569003,0.41830065359477125
32750,0.005200000000000001,5.142582757275471e-06,0.0024069790354728227,0.028885785471460996,9.991585423045602e-05,0.38
32758,0.0014,0.0,0.0006006606425976724,0.006196300746577562,0.0008686303494024648,0.8095238095238095
32781,0.002,1.949630450377676e-06,0.0008010412093559793,0.002657051475611601,0.0010417089388068852,0.3611111111111111
32796,0.0054,0.0,0.0023064569722013317,0.02215822723363839,0.0016781922789639793,0.6086956521739131
32809,0.0012,3.7492893276493764e-07,0.0005005004403684232,0.005954054027840784,0.00013721769854973414,0.6
32833,0.0018,3.7823594160573367e-07,0.0006006606425976724,0.00432643123493676,0.0001790450612603559,0.6190476190476191
32842,0.0016,0.0,0.0008010412093559793,0.0050867852832306385,0.0,0.4166666666666667
32846,0.0022,7.533010904226146e-07,0.0011017625556131172,0.01057067862531838,0.0,0.36363636363636365
32850,0.0104,4.629556792404608e-06,0.004421662164313389,0.04429342586131052,0.0009797136946833682,0.3484848484848485
32862,0.0032,1.9680215472932695e-06,0.0013023438542085763,0.012595309484085118,0.0006731861946108413,0.45054945054945056
32885,0.0,0.0,0.0,0.0,0.0,0.0
32892,0.006600000000000001,2.4877988805258053e-06,0.002909891886128557,0.022092337649202383,0.00041892073963906834,0.30344827586206896
32897,0.0078000000000000005,5.613570846957305e-06,0.0030105350056146563,0.0260818079154025,0.0006071137233074584,0.33548387096774196
32901,0.0108,1.8180398594323504e-05,0.005128715471710565,0.04604146560299939,0.00034180005170228174,0.26621417797888386
32904,0.0016,0.0,0.0008010412093559793,0.013134392677722543,0.0,0.3888888888888889
32906,0.004600000000000001,0.0,0.001503005530002266,0.004255166848446108,0.003812033355936808,0.15
32907,0.0014,8.416771960029212e-07,0.0005005004403684232,0.0027399811509764248,0.0003129414493937262,0.4666666666666667
32908,0.0038,4.281383131288139e-06,0.0014026646419362798,0.012253676724262055,0.0005811306911590422,0.37142857142857144
